1/3/2005,770.56
1/4/2005,770.68
1/5/2005,769.27
1/6/2005,768.81
1/7/2005,768.56
1/10/2005,767.88
1/11/2005,766.35
1/12/2005,766.29
1/13/2005,766.41
1/14/2005,765.89
1/18/2005,765.51
1/19/2005,765.94
1/20/2005,764.6
1/21/2005,764.54
1/24/2005,765.07
1/25/2005,765.75
1/26/2005,765.91
1/27/2005,766.87
1/28/2005,768
1/31/2005,768.3
2/1/2005,769.7
2/2/2005,771.17
2/3/2005,772.23
2/4/2005,774.1
2/7/2005,775.83
2/8/2005,776.71
2/9/2005,777.01
2/10/2005,776.06
2/11/2005,776.21
2/14/2005,777.23
2/15/2005,777.79
2/16/2005,778.31
2/17/2005,778.62
2/18/2005,778.04
2/22/2005,778
2/23/2005,778.44
2/24/2005,778.8
2/25/2005,779.88
2/28/2005,779.6
3/1/2005,779.06
3/2/2005,778.56
3/3/2005,778.97
3/4/2005,780.12
3/7/2005,781.43
3/8/2005,781.53
3/9/2005,779.34
3/10/2005,778.81
3/11/2005,777.69
3/14/2005,777.06
3/15/2005,776.31
3/16/2005,774.14
3/17/2005,772.41
3/18/2005,771.75
3/21/2005,768.26
3/22/2005,765.05
3/23/2005,761.5
3/24/2005,762.64
3/28/2005,761.81
3/29/2005,759.65
3/30/2005,758.01
3/31/2005,756.93
4/1/2005,757.88
4/4/2005,757.2
4/5/2005,758.81
4/6/2005,761.76
4/7/2005,763.22
4/8/2005,762.94
4/11/2005,762.06
4/12/2005,761.17
4/13/2005,760.37
4/14/2005,756.72
4/15/2005,754.46
4/18/2005,752.97
4/19/2005,754.31
4/20/2005,755.84
4/21/2005,756.71
4/22/2005,757.31
4/25/2005,756.89
4/26/2005,755.1
4/27/2005,752.35
4/28/2005,750.62
4/29/2005,749.55
5/2/2005,750.89
5/3/2005,751.17
5/4/2005,753.09
5/5/2005,753.81
5/6/2005,751.66
5/9/2005,752.01
5/10/2005,751.42
5/11/2005,748.98
5/12/2005,748.08
5/13/2005,745.87
5/16/2005,742.72
5/17/2005,740.18
5/18/2005,742.87
5/19/2005,746.2
5/20/2005,747.76
5/23/2005,751.14
5/24/2005,753.16
5/25/2005,756.6
5/26/2005,759.09
5/27/2005,760.52
5/31/2005,762.86
6/1/2005,766.84
6/2/2005,772.08
6/3/2005,773.32
6/6/2005,771.62
6/7/2005,772.94
6/8/2005,772.06
6/9/2005,770.58
6/10/2005,771.15
6/13/2005,771.39
6/14/2005,772.4
6/15/2005,773.37
6/16/2005,773.35
6/17/2005,773.84
6/20/2005,773.52
6/21/2005,774.97
6/22/2005,775.58
6/23/2005,774.91
6/24/2005,774.34
6/27/2005,774.04
6/28/2005,775.84
6/29/2005,776.64
6/30/2005,777.83
7/1/2005,778.55
7/5/2005,778.47
7/6/2005,778.32
7/7/2005,778.7
7/8/2005,780.2
7/11/2005,782.81
7/12/2005,784.14
7/13/2005,784.51
7/14/2005,786.28
7/15/2005,786.41
7/18/2005,787
7/19/2005,786.88
7/20/2005,787.27
7/21/2005,786.87
7/22/2005,787.55
7/25/2005,788.29
7/26/2005,788.61
7/27/2005,789.75
7/28/2005,790.87
7/29/2005,791.43
8/1/2005,790.58
8/2/2005,790.3
8/3/2005,790.21
8/4/2005,789.89
8/5/2005,787.7
8/8/2005,786.45
8/9/2005,786.79
8/10/2005,787.35
8/11/2005,787.54
8/12/2005,788.29
8/15/2005,788.68
8/16/2005,789.15
8/17/2005,789.36
8/18/2005,790.48
8/19/2005,791.32
8/22/2005,791.86
8/23/2005,792.54
8/24/2005,793.45
8/25/2005,793.97
8/26/2005,793.98
8/29/2005,793.89
8/30/2005,793.88
8/31/2005,792.94
9/1/2005,792.89
9/2/2005,792.08
9/6/2005,792.89
9/7/2005,792.18
9/8/2005,792.55
9/9/2005,792.75
9/12/2005,793.42
9/13/2005,793.96
9/14/2005,793.65
9/15/2005,791.97
9/16/2005,790.93
9/19/2005,789.22
9/20/2005,787.28
9/21/2005,786.14
9/22/2005,784.55
9/23/2005,785.53
9/26/2005,786.59
9/27/2005,785.82
9/28/2005,785.43
9/29/2005,785.22
9/30/2005,785.03
10/3/2005,785.38
10/4/2005,785.53
10/5/2005,784.95
10/6/2005,783.89
10/7/2005,782.97
10/11/2005,779.79
10/12/2005,776.05
10/13/2005,773.65
10/14/2005,774.91
10/17/2005,779.39
10/18/2005,781.86
10/19/2005,781.28
10/20/2005,781.96
10/21/2005,784.07
10/24/2005,784.76
10/25/2005,784.45
10/26/2005,781.81
10/27/2005,780.12
10/28/2005,778.99
10/31/2005,779.55
11/1/2005,780.24
11/2/2005,780.65
11/3/2005,781.48
11/4/2005,781.19
11/7/2005,781.53
11/8/2005,782.01
11/9/2005,780.76
11/10/2005,780.78
11/14/2005,778.18
11/15/2005,777.95
11/16/2005,777.74
11/17/2005,777.05
11/18/2005,778.99
11/21/2005,780.03
11/22/2005,780.7
11/23/2005,780.87
11/25/2005,781.33
11/28/2005,783.11
11/29/2005,783.62
11/30/2005,783.62
12/1/2005,784.19
12/2/2005,784
12/5/2005,783.5
12/6/2005,783.64
12/7/2005,783.76
12/8/2005,784.67
12/9/2005,785.77
12/12/2005,786.4
12/13/2005,786.85
12/14/2005,787.39
12/15/2005,787.05
12/16/2005,788.02
12/19/2005,788.36
12/20/2005,787.87
12/21/2005,788.17
12/22/2005,788.61
12/23/2005,788.84
12/27/2005,789.91
12/28/2005,790.23
12/29/2005,790.38
12/30/2005,790.35
1/3/2006,791.95
1/4/2006,794.07
1/5/2006,795.74
1/6/2006,797.64
1/9/2006,799.4
1/10/2006,799.13
1/11/2006,798.78
1/12/2006,798.33
1/13/2006,797.04
1/17/2006,797.09
1/18/2006,797.06
1/19/2006,798.02
1/20/2006,797.86
1/23/2006,798.94
1/24/2006,800.34
1/25/2006,800.69
1/26/2006,800.07
1/27/2006,801.16
1/30/2006,802.16
1/31/2006,802.96
2/1/2006,803.95
2/2/2006,804.04
2/3/2006,803.9
2/6/2006,803.95
2/7/2006,802.96
2/8/2006,802.55
2/9/2006,802.89
2/10/2006,802.81
2/13/2006,802.7
2/14/2006,802.35
2/15/2006,803.81
2/16/2006,805.11
2/17/2006,806.98
2/21/2006,807.29
2/22/2006,807.94
2/23/2006,807.66
2/24/2006,807.66
2/27/2006,807.65
2/28/2006,808.32
3/1/2006,808.26
3/2/2006,807.08
3/3/2006,806.23
3/6/2006,806.7
3/7/2006,805.69
3/8/2006,805.51
3/9/2006,806.13
3/10/2006,806.24
3/13/2006,807.16
3/14/2006,808.23
3/15/2006,808.94
3/16/2006,810.54
3/17/2006,810.62
3/20/2006,812.21
3/21/2006,813.14
3/22/2006,813.7
3/23/2006,813.24
3/24/2006,814.25
3/27/2006,815.16
3/28/2006,814.78
3/29/2006,813.43
3/30/2006,812.99
3/31/2006,813.16
4/3/2006,814.04
4/4/2006,813.96
4/5/2006,814.62
4/6/2006,813.69
4/7/2006,813.13
4/10/2006,812.74
4/11/2006,813.71
4/12/2006,813.71
4/13/2006,813.45
4/17/2006,813.56
4/18/2006,814.35
4/19/2006,814.74
4/20/2006,815.43
4/21/2006,816.23
4/24/2006,816.99
4/25/2006,816.75
4/26/2006,816.18
4/27/2006,817.16
4/28/2006,818.17
5/1/2006,818.64
5/2/2006,819.42
5/3/2006,818.9
5/4/2006,818.79
5/5/2006,819.32
5/8/2006,820.23
5/9/2006,820.82
5/10/2006,821.73
5/11/2006,821.91
5/12/2006,820.74
5/15/2006,820.42
5/16/2006,819.93
5/17/2006,817.09
5/18/2006,817.55
5/19/2006,818.18
5/22/2006,816.87
5/23/2006,817
5/24/2006,816.23
5/25/2006,816.95
5/26/2006,818.32
5/30/2006,818.2
5/31/2006,818.06
6/1/2006,817.9
6/2/2006,819.48
6/5/2006,819.22
6/6/2006,817.9
6/7/2006,818.35
6/8/2006,817.58
6/9/2006,818.01
6/12/2006,818.91
6/13/2006,817.36
6/14/2006,814.27
6/15/2006,813.49
6/16/2006,813.43
6/19/2006,813.64
6/20/2006,812.07
6/21/2006,810.27
6/22/2006,809.68
6/23/2006,809
6/26/2006,808.45
6/27/2006,808.89
6/28/2006,808.94
6/29/2006,811.31
6/30/2006,815.19
7/3/2006,816.17
7/5/2006,815.72
7/6/2006,815.85
7/7/2006,817.34
7/10/2006,818.63
7/11/2006,818.93
7/12/2006,818.82
7/13/2006,817.76
7/14/2006,816.79
7/17/2006,816.7
7/18/2006,816.58
7/19/2006,817.83
7/20/2006,819.11
7/21/2006,819.58
7/24/2006,819.54
7/25/2006,820.06
7/26/2006,821.64
7/27/2006,822.22
7/28/2006,823.01
7/31/2006,823.17
8/1/2006,823.96
8/2/2006,825.48
8/3/2006,825.74
8/4/2006,827.3
8/7/2006,827.74
8/8/2006,828.49
8/9/2006,828.65
8/10/2006,828.03
8/11/2006,827.91
8/14/2006,828.17
8/15/2006,829.12
8/16/2006,830.91
8/17/2006,831.99
8/18/2006,832.31
8/21/2006,832.96
8/22/2006,832.64
8/23/2006,832.73
8/24/2006,832.85
8/25/2006,833.48
8/28/2006,834.51
8/29/2006,835
8/30/2006,836.14
8/31/2006,836.52
9/1/2006,837.47
9/5/2006,838.71
9/6/2006,839.48
9/7/2006,839.81
9/8/2006,840.48
9/11/2006,840.98
9/12/2006,841.84
9/13/2006,843.25
9/14/2006,843.53
9/15/2006,843.24
9/18/2006,843.52
9/19/2006,843.9
9/20/2006,844.43
9/21/2006,844.62
9/22/2006,844.44
9/25/2006,845.48
9/26/2006,846.03
9/27/2006,847.25
9/28/2006,847.56
9/29/2006,848.38
10/2/2006,848.93
10/3/2006,849.27
10/4/2006,850.84
10/5/2006,851.23
10/6/2006,850.85
10/10/2006,851.1
10/11/2006,851.43
10/12/2006,852.45
10/13/2006,853.03
10/16/2006,853.89
10/17/2006,853.85
10/18/2006,854.6
10/19/2006,854.76
10/20/2006,854.94
10/23/2006,854.88
10/24/2006,855.07
10/25/2006,855.31
10/26/2006,856.89
10/27/2006,858.25
10/30/2006,859.18
10/31/2006,859.92
11/1/2006,861.78
11/2/2006,862.45
11/3/2006,862.37
11/6/2006,863.13
11/7/2006,864.96
11/8/2006,865.71
11/9/2006,866.81
11/10/2006,867.57
11/13/2006,868.34
11/14/2006,869.71
11/15/2006,870.12
11/16/2006,871.16
11/17/2006,871.6
11/20/2006,871.76
11/21/2006,870.42
11/22/2006,870.37
11/24/2006,870.94
11/27/2006,871.25
11/28/2006,870.76
11/29/2006,872.63
11/30/2006,874.37
12/1/2006,876.06
12/4/2006,876.81
12/5/2006,878.65
12/6/2006,879.87
12/7/2006,880.66
12/8/2006,879.82
12/11/2006,880.73
12/12/2006,880.71
12/13/2006,879.59
12/14/2006,879.13
12/15/2006,879.1
12/18/2006,880.4
12/19/2006,880.54
12/20/2006,881.18
12/21/2006,882.16
12/22/2006,882.35
12/26/2006,883.32
12/27/2006,883.48
12/28/2006,883.59
12/29/2006,883.97
1/2/2007,884.82
1/3/2007,885.83
1/4/2007,886.39
1/5/2007,885.91
1/8/2007,886.55
1/9/2007,887.5
1/10/2007,887.71
1/11/2007,887.95
1/12/2007,887.98
1/16/2007,889.73
1/17/2007,891.09
1/18/2007,891.78
1/19/2007,891.96
1/22/2007,893.24
1/23/2007,893.61
1/24/2007,894.46
1/25/2007,894.8
1/26/2007,893.87
1/29/2007,894.65
1/30/2007,893.63
1/31/2007,893.84
2/1/2007,895.01
2/2/2007,895.58
2/5/2007,896.76
2/6/2007,898.28
2/7/2007,900.16
2/8/2007,900.47
2/9/2007,900.95
2/12/2007,900.74
2/13/2007,901.15
2/14/2007,902.94
2/15/2007,904.47
2/16/2007,905.95
2/20/2007,906.95
2/21/2007,907.95
2/22/2007,908.38
2/23/2007,908.13
2/26/2007,909
2/27/2007,906.5
2/28/2007,906.34
3/1/2007,904.89
3/2/2007,903.17
3/5/2007,900.65
3/6/2007,901.93
3/7/2007,904.67
3/8/2007,907.32
3/9/2007,907.37
3/12/2007,907.58
3/13/2007,905.83
3/14/2007,904.26
3/15/2007,905.35
3/16/2007,905.22
3/19/2007,905.81
3/20/2007,905.68
3/21/2007,906.87
3/22/2007,907.69
3/23/2007,907.89
3/26/2007,908.41
3/27/2007,907.91
3/28/2007,906.95
3/29/2007,907.41
3/30/2007,907.3
4/2/2007,907.42
4/3/2007,907.64
4/4/2007,907.04
4/5/2007,907.47
4/9/2007,908.09
4/10/2007,908.81
4/11/2007,909.33
4/12/2007,909.62
4/13/2007,910.2
4/16/2007,911.81
4/17/2007,912.99
4/18/2007,914.05
4/19/2007,914.66
4/20/2007,915.88
4/23/2007,917.16
4/24/2007,918.05
4/25/2007,918.32
4/26/2007,918.65
4/27/2007,918.47
4/30/2007,919.09
5/1/2007,919.09
5/2/2007,919.63
5/3/2007,920.01
5/4/2007,920.7
5/7/2007,921.53
5/8/2007,921.77
5/9/2007,922.15
5/10/2007,922.87
5/11/2007,922.94
5/14/2007,924.21
5/15/2007,924.1
5/16/2007,924.44
5/17/2007,924.25
5/18/2007,924.24
5/21/2007,925.42
5/22/2007,925.62
5/23/2007,925.85
5/24/2007,925.84
5/25/2007,925.61
5/29/2007,926.14
5/30/2007,925.65
5/31/2007,925.96
6/1/2007,925.59
6/4/2007,925.92
6/5/2007,925.71
6/6/2007,923.67
6/7/2007,919.37
6/8/2007,917.79
6/11/2007,918.39
6/12/2007,915.02
6/13/2007,914.91
6/14/2007,915.44
6/15/2007,916.71
6/18/2007,917.98
6/19/2007,917.45
6/20/2007,916.44
6/21/2007,913.32
6/22/2007,913.03
6/25/2007,911.19
6/26/2007,911.07
6/27/2007,907.84
6/28/2007,908.23
6/29/2007,909.33
7/2/2007,908.91
7/3/2007,908.54
7/5/2007,907.65
7/6/2007,907.19
7/9/2007,907.54
7/10/2007,905.17
7/11/2007,902.08
7/12/2007,903.58
7/13/2007,905.63
7/16/2007,907.5
7/17/2007,906.94
7/18/2007,903.6
7/19/2007,903.16
7/20/2007,899.3
7/23/2007,895.86
7/24/2007,890.15
7/25/2007,888.17
7/26/2007,877.19
7/27/2007,871.06
7/30/2007,872.43
7/31/2007,877.13
8/1/2007,875.98
8/2/2007,880.09
8/3/2007,880.72
8/6/2007,878.44
8/7/2007,881.36
8/8/2007,887.94
8/9/2007,887.38
8/10/2007,885.12
8/13/2007,887.76
8/14/2007,886.98
8/15/2007,882.58
8/16/2007,878
8/17/2007,879.89
8/20/2007,881.8
8/21/2007,883.26
8/22/2007,886.15
8/23/2007,887.91
8/24/2007,888.26
8/27/2007,889.63
8/28/2007,889.04
8/29/2007,888.54
8/30/2007,889.03
8/31/2007,889.09
9/4/2007,891.04
9/5/2007,892.43
9/6/2007,893.06
9/7/2007,892.78
9/10/2007,892.93
9/11/2007,892.99
9/12/2007,893.53
9/13/2007,894.6
9/14/2007,895.42
9/17/2007,897.26
9/18/2007,900.85
9/19/2007,906.25
9/20/2007,904.91
9/21/2007,908.41
9/24/2007,911.44
9/25/2007,910.22
9/26/2007,911.92
9/27/2007,912.76
9/28/2007,912.36
10/1/2007,912.91
10/2/2007,914.13
10/3/2007,915.08
10/4/2007,916.89
10/5/2007,917.32
10/9/2007,919.03
10/10/2007,920.95
10/11/2007,923.31
10/12/2007,923.44
10/15/2007,924.45
10/16/2007,922.7
10/17/2007,921.22
10/18/2007,918.14
10/19/2007,916.4
10/22/2007,915.53
10/23/2007,917.72
10/24/2007,917.91
10/25/2007,917.7
10/26/2007,917.28
10/29/2007,918.16
10/30/2007,917.91
10/31/2007,917.83
11/1/2007,915.86
11/2/2007,915.02
11/5/2007,913.64
11/6/2007,913.72
11/7/2007,911.5
11/8/2007,908.59
11/9/2007,905.99
11/13/2007,903.35
11/14/2007,904.34
11/15/2007,900.87
11/16/2007,897.34
11/19/2007,892.34
11/20/2007,889.61
11/21/2007,886.88
11/23/2007,888.49
11/26/2007,890.62
11/27/2007,887.94
11/28/2007,891.19
11/29/2007,894.5
11/30/2007,897.92
12/3/2007,899.46
12/4/2007,897.3
12/5/2007,898.49
12/6/2007,898.52
12/7/2007,900
12/10/2007,902.41
12/11/2007,905.14
12/12/2007,903.71
12/13/2007,901.53
12/14/2007,901.06
12/17/2007,900.48
12/18/2007,900.19
12/19/2007,899.96
12/20/2007,899.1
12/21/2007,898.01
12/24/2007,898.07
12/26/2007,898.26
12/27/2007,899.17
12/28/2007,900
12/31/2007,900.54
1/2/2008,900.72
1/3/2008,898.15
1/4/2008,894.14
1/7/2008,891.35
1/8/2008,889.26
1/9/2008,882.12
1/10/2008,883.58
1/11/2008,885.25
1/14/2008,886.03
1/15/2008,886.17
1/16/2008,883.36
1/17/2008,880.09
1/18/2008,878.32
1/22/2008,873.29
1/23/2008,872.27
1/24/2008,878.14
1/25/2008,884.98
1/28/2008,884.5
1/29/2008,888.47
1/30/2008,888.66
1/31/2008,888.52
2/1/2008,889.87
2/4/2008,891.18
2/5/2008,888.98
2/6/2008,887.58
2/7/2008,883.58
2/8/2008,880.28
2/11/2008,877.44
2/12/2008,875.61
2/13/2008,876.36
2/14/2008,877.06
2/15/2008,875.45
2/19/2008,875.02
2/20/2008,872.55
2/21/2008,874.92
2/22/2008,875.28
2/25/2008,877.42
2/26/2008,880.86
2/27/2008,881.79
2/28/2008,880.42
2/29/2008,876.4
3/3/2008,875.87
3/4/2008,874.93
3/5/2008,875.19
3/6/2008,874.12
3/7/2008,871.98
3/10/2008,870.7
3/11/2008,868.1
3/12/2008,866.88
3/13/2008,861.69
3/14/2008,862.21
3/17/2008,858.52
3/18/2008,860.99
3/19/2008,865.1
3/20/2008,864.65
3/24/2008,869.64
3/25/2008,873.85
3/26/2008,874.39
3/27/2008,875.12
3/28/2008,875.53
3/31/2008,873.38
4/1/2008,874.99
4/2/2008,878.9
4/3/2008,881.3
4/4/2008,886.3
4/7/2008,891.35
4/8/2008,890.57
4/9/2008,889.91
4/10/2008,888.21
4/11/2008,888.78
4/14/2008,888.29
4/15/2008,889.5
4/16/2008,891.74
4/17/2008,892.71
4/18/2008,899.28
4/21/2008,901.46
4/22/2008,903.11
4/23/2008,904.03
4/24/2008,904.61
4/25/2008,905.75
4/28/2008,907.76
4/29/2008,908.29
4/30/2008,911.02
5/1/2008,913.43
5/2/2008,916.98
5/5/2008,917.59
5/6/2008,915.22
5/7/2008,915.53
5/8/2008,914.56
5/9/2008,913.3
5/12/2008,913.21
5/13/2008,912.59
5/14/2008,913.97
5/15/2008,916.3
5/16/2008,918.14
5/19/2008,920.76
5/20/2008,920.82
5/21/2008,919.92
5/22/2008,917.26
5/23/2008,916.82
5/27/2008,913.96
5/28/2008,914.16
5/29/2008,913.94
5/30/2008,914.31
6/2/2008,913.59
6/3/2008,912.9
6/4/2008,911.53
6/5/2008,915.43
6/6/2008,916.98
6/9/2008,915.77
6/10/2008,913.84
6/11/2008,913.43
6/12/2008,912.09
6/13/2008,911.83
6/16/2008,912.08
6/17/2008,913.44
6/18/2008,911.83
6/19/2008,909.24
6/20/2008,906.29
6/23/2008,903.04
6/24/2008,897.28
6/25/2008,896.95
6/26/2008,891.99
6/27/2008,888.72
6/30/2008,888.75
7/1/2008,884.61
7/2/2008,883.19
7/3/2008,881.73
7/7/2008,880.71
7/8/2008,878.31
7/9/2008,881.77
7/10/2008,879.44
7/11/2008,874.5
7/14/2008,876.56
7/15/2008,872.24
7/16/2008,871.85
7/17/2008,875.18
7/18/2008,878.15
7/21/2008,881.9
7/22/2008,879.95
7/23/2008,882.92
7/24/2008,882.27
7/25/2008,880.38
7/28/2008,878.29
7/29/2008,876.63
7/30/2008,876.97
7/31/2008,876.91
8/1/2008,872.64
8/4/2008,871.59
8/5/2008,872.14
8/6/2008,873.44
8/7/2008,874.64
8/8/2008,873.86
8/11/2008,875.41
8/12/2008,878.17
8/13/2008,878.14
8/14/2008,878.32
8/15/2008,880
8/18/2008,880.74
8/19/2008,878.26
8/20/2008,877.82
8/21/2008,876.34
8/22/2008,876.25
8/25/2008,877.43
8/26/2008,877.79
8/27/2008,878.13
8/28/2008,879.33
8/29/2008,879.98
9/2/2008,881
9/3/2008,879.8
9/4/2008,879.7
9/5/2008,878.77
9/8/2008,882.25
9/9/2008,882.01
9/10/2008,880.15
9/11/2008,879.44
9/12/2008,879.65
9/15/2008,871.4
9/16/2008,861.82
9/17/2008,855.48
9/18/2008,850.22
9/19/2008,859.82
9/22/2008,860.02
9/23/2008,853.32
9/24/2008,847.26
9/25/2008,837.38
9/26/2008,827.14
9/29/2008,819.3
9/30/2008,809.78
10/1/2008,803.55
10/2/2008,784.5
10/3/2008,779.72
10/6/2008,763.46
10/7/2008,758.47
10/8/2008,744.24
10/9/2008,730.75
10/10/2008,696.4
10/14/2008,716.18
10/15/2008,698.05
10/16/2008,685.6
10/17/2008,680.79
10/20/2008,686.41
10/21/2008,689.75
10/22/2008,687.55
10/23/2008,682.49
10/24/2008,672.42
10/27/2008,669.16
10/28/2008,671.05
10/29/2008,678.34
10/30/2008,684.53
10/31/2008,680.97
11/3/2008,681.5
11/4/2008,687.25
11/5/2008,689.74
11/6/2008,686.79
11/7/2008,682.01
11/10/2008,682.28
11/12/2008,674.12
11/13/2008,668.38
11/14/2008,662.41
11/17/2008,657.7
11/18/2008,647.75
11/19/2008,634.25
11/20/2008,618.56
11/21/2008,609.1
11/24/2008,607.69
11/25/2008,610.93
11/26/2008,614.5
11/28/2008,617.55
12/1/2008,616.58
12/2/2008,617.92
12/3/2008,614.56
12/4/2008,613.16
12/5/2008,606.13
12/8/2008,609.68
12/9/2008,612.65
12/10/2008,610.82
12/11/2008,606.65
12/12/2008,598.84
12/15/2008,600.84
12/16/2008,602.46
12/17/2008,607.09
12/18/2008,614.27
12/19/2008,618.49
12/22/2008,623.81
12/23/2008,629.89
12/24/2008,630.83
12/26/2008,637.1
12/29/2008,645.16
12/30/2008,659.39
12/31/2008,665
1/2/2009,669.24
1/5/2009,681.69
1/6/2009,701.25
1/7/2009,709.97
1/8/2009,705.69
1/9/2009,708.9
1/12/2009,711.7
1/13/2009,708.74
1/14/2009,703.12
1/15/2009,698.62
1/16/2009,701.58
1/20/2009,701.59
1/21/2009,699.41
1/22/2009,698.88
1/23/2009,696.98
1/26/2009,697.7
1/27/2009,699.06
1/28/2009,703.95
1/29/2009,705.67
1/30/2009,704.86
2/2/2009,705.52
2/3/2009,705.31
2/4/2009,707.97
2/5/2009,710.29
2/6/2009,711
2/9/2009,712.79
2/10/2009,715.07
2/11/2009,714.4
2/12/2009,712.41
2/13/2009,710.38
2/17/2009,706.78
2/18/2009,701.65
2/19/2009,702.94
2/20/2009,698.81
2/23/2009,698.02
2/24/2009,688.33
2/25/2009,686.96
2/26/2009,686.31
2/27/2009,682.99
3/2/2009,676.78
3/3/2009,670.65
3/4/2009,665.45
3/5/2009,662.24
3/6/2009,660.21
3/9/2009,655.9
3/10/2009,658.13
3/11/2009,666.36
3/12/2009,668.72
3/13/2009,673.36
3/16/2009,680.2
3/17/2009,681.03
3/18/2009,681.89
3/19/2009,686.09
3/20/2009,687.04
3/23/2009,691.94
3/24/2009,695.35
3/25/2009,697.66
3/26/2009,704.79
3/27/2009,707.82
3/30/2009,705.16
3/31/2009,704.77
4/1/2009,703.58
4/2/2009,710.65
4/3/2009,713.95
4/6/2009,716.72
4/7/2009,718.11
4/8/2009,721.02
4/9/2009,724.96
4/13/2009,730.05
4/14/2009,736.7
4/15/2009,741.1
4/16/2009,747.53
4/17/2009,756.51
4/20/2009,756.46
4/21/2009,750.65
4/22/2009,752.17
4/23/2009,756.19
4/24/2009,763.11
4/27/2009,765.99
4/28/2009,768.05
4/29/2009,776.58
4/30/2009,790.08
5/1/2009,792.9
5/4/2009,798.84
5/5/2009,803.3
5/6/2009,808.81
5/7/2009,820.22
5/8/2009,824.47
5/11/2009,824.03
5/12/2009,822.68
5/13/2009,818.73
5/14/2009,814.09
5/15/2009,814.69
5/18/2009,815.78
5/19/2009,820.09
5/20/2009,828.19
5/21/2009,829.7
5/22/2009,831.93
5/26/2009,833.76
5/27/2009,837.32
5/28/2009,840.01
5/29/2009,843.24
6/1/2009,849.19
6/2/2009,856.16
6/3/2009,859.76
6/4/2009,861.31
6/5/2009,863.35
6/8/2009,865.32
6/9/2009,868.26
6/10/2009,871.48
6/11/2009,873.98
6/12/2009,876.73
6/15/2009,878.55
6/16/2009,877.16
6/17/2009,869.48
6/18/2009,863.32
6/19/2009,864.75
6/22/2009,862.52
6/23/2009,860.52
6/24/2009,860.13
6/25/2009,861.94
6/26/2009,862.86
6/29/2009,864.57
6/30/2009,867.39
7/1/2009,869.93
7/2/2009,870.9
7/6/2009,870.26
7/7/2009,870.75
7/8/2009,868.76
7/9/2009,868.51
7/10/2009,867.35
7/13/2009,866.95
7/14/2009,867.61
7/15/2009,870.69
7/16/2009,871.74
7/17/2009,874.7
7/20/2009,879.59
7/21/2009,884.85
7/22/2009,887.8
7/23/2009,893
7/24/2009,898.11
7/27/2009,902.64
7/28/2009,906.55
7/29/2009,910.26
7/30/2009,915.35
7/31/2009,920.18
8/3/2009,925.68
8/4/2009,929
8/5/2009,931.77
8/6/2009,934.55
8/7/2009,937.26
8/10/2009,940.91
8/11/2009,940.72
8/12/2009,936.43
8/13/2009,935.29
8/14/2009,934.6
8/17/2009,929.69
8/18/2009,927.81
8/19/2009,927.53
8/20/2009,927.28
8/21/2009,928.5
8/24/2009,931.61
8/25/2009,933.13
8/26/2009,934.11
8/27/2009,935.35
8/28/2009,936.46
8/31/2009,937.34
9/1/2009,937.31
9/2/2009,937.93
9/3/2009,938.74
9/4/2009,939.21
9/8/2009,942.46
9/9/2009,944.27
9/10/2009,949.51
9/11/2009,954.82
9/14/2009,960.63
9/15/2009,968.19
9/16/2009,976.76
9/17/2009,979.29
9/18/2009,980.64
9/21/2009,980.99
9/22/2009,985.02
9/23/2009,989.21
9/24/2009,991.41
9/25/2009,991.35
9/28/2009,991.86
9/29/2009,992.33
9/30/2009,990.72
10/1/2009,989.05
10/2/2009,985.13
10/5/2009,987.89
10/6/2009,991.03
10/7/2009,992.08
10/8/2009,993.97
10/9/2009,994.22
10/13/2009,996.02
10/14/2009,999.07
10/15/2009,1000.31
10/16/2009,1002.17
10/19/2009,1004.32
10/20/2009,1007.39
10/21/2009,1008.11
10/22/2009,1009.66
10/23/2009,1010.64
10/26/2009,1012.27
10/27/2009,1012.44
10/28/2009,1009.54
10/29/2009,1007.9
10/30/2009,1008.5
11/2/2009,1008.49
11/3/2009,1006.85
11/4/2009,1007.79
11/5/2009,1009.19
11/6/2009,1009.61
11/9/2009,1011.74
11/10/2009,1013.34
11/12/2009,1014.81
11/13/2009,1015.18
11/16/2009,1017.09
11/17/2009,1017.56
11/18/2009,1017.95
11/19/2009,1017.64
11/20/2009,1017.44
11/23/2009,1018.89
11/24/2009,1019.69
11/25/2009,1020.4
11/27/2009,1020.54
11/30/2009,1018.66
12/1/2009,1020.3
12/2/2009,1021.84
12/3/2009,1024.31
12/4/2009,1026.24
12/7/2009,1028.88
12/8/2009,1029.9
12/9/2009,1031.66
12/10/2009,1033.09
12/11/2009,1034.42
12/14/2009,1037.32
12/15/2009,1039.56
12/16/2009,1041.95
12/17/2009,1043.78
12/18/2009,1044.25
12/21/2009,1044.88
12/22/2009,1046.41
12/23/2009,1047.55
12/24/2009,1047.69
12/28/2009,1048.94
12/29/2009,1050.28
12/30/2009,1051.06
12/31/2009,1052.08
1/4/2010,1056.27
1/5/2010,1061.52
1/6/2010,1066.33
1/7/2010,1071.99
1/8/2010,1073.48
1/11/2010,1075.2
1/12/2010,1075.25
1/13/2010,1075.09
1/14/2010,1075.45
1/15/2010,1074.75
1/19/2010,1074.52
1/20/2010,1073.89
1/21/2010,1072.65
1/22/2010,1068.55
1/25/2010,1065.31
1/26/2010,1064.74
1/27/2010,1064.82
1/28/2010,1065.13
1/29/2010,1065.39
2/1/2010,1064.4
2/2/2010,1065.52
2/3/2010,1066.96
2/4/2010,1065.07
2/5/2010,1058.49
2/8/2010,1055.9
2/9/2010,1053.32
2/10/2010,1048.5
2/11/2010,1046.15
2/12/2010,1045.04
2/16/2010,1047.22
2/17/2010,1053.76
2/18/2010,1058.04
2/19/2010,1062.17
2/22/2010,1065.78
2/23/2010,1065.05
2/24/2010,1065.35
2/25/2010,1064.82
2/26/2010,1067.25
3/1/2010,1069.75
3/2/2010,1073.69
3/3/2010,1075.25
3/4/2010,1076.83
3/5/2010,1079.69
3/8/2010,1084.03
3/9/2010,1086.28
3/10/2010,1088.85
3/11/2010,1088.69
3/12/2010,1090.15
3/15/2010,1090.28
3/16/2010,1090.94
3/17/2010,1092.94
3/18/2010,1095.2
3/19/2010,1095.68
3/22/2010,1095.27
3/23/2010,1096.24
3/24/2010,1096.64
3/25/2010,1097.62
3/26/2010,1099.37
3/29/2010,1100.82
3/30/2010,1101.41
3/31/2010,1100.71
4/1/2010,1101.44
4/2/2010,1101.48
4/5/2010,1103.44
4/6/2010,1104.81
4/7/2010,1106.86
4/8/2010,1106.65
4/9/2010,1108.14
4/12/2010,1111.09
4/13/2010,1112.98
4/14/2010,1115.42
4/15/2010,1118.87
4/16/2010,1120.57
4/19/2010,1118.94
4/20/2010,1120.62
4/21/2010,1122.53
4/22/2010,1122.9
4/23/2010,1123.51
4/26/2010,1126.11
4/27/2010,1126.76
4/28/2010,1124.95
4/29/2010,1126.17
4/30/2010,1126.51
5/3/2010,1126.88
5/4/2010,1125.67
5/5/2010,1119.55
5/6/2010,1109.47
5/7/2010,1097.64
5/10/2010,1105.02
5/11/2010,1101.92
5/12/2010,1107.97
5/13/2010,1110.29
5/14/2010,1105.31
5/17/2010,1103.57
5/18/2010,1103.26
5/19/2010,1096.7
5/20/2010,1085.3
5/21/2010,1082.24
5/24/2010,1084.25
5/25/2010,1074.2
5/26/2010,1080.03
5/27/2010,1082.88
5/28/2010,1086.03
5/31/2010,1086.03
6/1/2010,1084.56
6/2/2010,1083.24
6/3/2010,1087.15
6/4/2010,1085.63
6/7/2010,1084.91
6/8/2010,1081.33
6/9/2010,1080.83
6/10/2010,1079.27
6/11/2010,1079.81
6/14/2010,1082.43
6/15/2010,1086.11
6/16/2010,1090.94
6/17/2010,1097.26
6/18/2010,1099.91
6/21/2010,1106.46
6/22/2010,1106.03
6/23/2010,1105.31
6/24/2010,1102.36
6/25/2010,1102.6
6/28/2010,1104.6
6/29/2010,1100.45
6/30/2010,1099.55
7/1/2010,1098.77
7/2/2010,1099.29
7/6/2010,1102.41
7/7/2010,1103.24
7/8/2010,1107.32
7/9/2010,1110.51
7/12/2010,1113.18
7/13/2010,1117.41
7/14/2010,1119.91
7/15/2010,1120.9
7/16/2010,1122.09
7/19/2010,1122.88
7/20/2010,1123.48
7/21/2010,1127.02
7/22/2010,1129.09
7/23/2010,1131.02
7/26/2010,1134.1
7/27/2010,1136.92
7/28/2010,1138.39
7/29/2010,1138.65
7/30/2010,1138.65
8/2/2010,1140.34
8/3/2010,1142.34
8/4/2010,1143.56
8/5/2010,1144.17
8/6/2010,1144.43
8/9/2010,1146.08
8/10/2010,1145.15
8/11/2010,1140.81
8/12/2010,1136.82
8/13/2010,1136.14
8/16/2010,1137.65
8/17/2010,1138.89
8/18/2010,1140.39
8/19/2010,1140.87
8/20/2010,1139.48
8/23/2010,1140.46
8/24/2010,1139.46
8/25/2010,1137.78
8/26/2010,1138.54
8/27/2010,1138.52
8/30/2010,1139.97
8/31/2010,1139.06
9/1/2010,1141.47
9/2/2010,1143.6
9/3/2010,1145.09
9/7/2010,1147.45
9/8/2010,1149.1
9/9/2010,1150.86
9/10/2010,1153.51
9/13/2010,1157.67
9/14/2010,1159.8
9/15/2010,1160.89
9/16/2010,1163.06
9/17/2010,1164.33
9/20/2010,1166.7
9/21/2010,1167.92
9/22/2010,1167.25
9/23/2010,1165.99
9/24/2010,1166.83
9/27/2010,1169.05
9/28/2010,1170.39
9/29/2010,1171.53
9/30/2010,1173.38
10/1/2010,1176.08
10/4/2010,1178.36
10/5/2010,1181.36
10/6/2010,1185.08
10/7/2010,1187.24
10/8/2010,1188.31
10/12/2010,1190.55
10/13/2010,1193.84
10/14/2010,1193.09
10/15/2010,1192.98
10/18/2010,1194.01
10/19/2010,1193.9
10/20/2010,1193.52
10/21/2010,1194.92
10/22/2010,1196.25
10/25/2010,1198.87
10/26/2010,1200.67
10/27/2010,1201.28
10/28/2010,1202.82
10/29/2010,1203.68
11/1/2010,1204.16
11/2/2010,1205.3
11/3/2010,1206.45
11/4/2010,1211.63
11/5/2010,1214.28
11/8/2010,1215.98
11/9/2010,1216.56
11/10/2010,1213.23
11/12/2010,1209.1
11/15/2010,1206.6
11/16/2010,1199.63
11/17/2010,1198.8
11/18/2010,1201.44
11/19/2010,1200.14
11/22/2010,1199.59
11/23/2010,1195.15
11/24/2010,1193.56
11/26/2010,1194.22
11/29/2010,1192.52
11/30/2010,1189.62
12/1/2010,1192.23
12/2/2010,1195.29
12/3/2010,1197.02
12/6/2010,1199.18
12/7/2010,1201.46
12/8/2010,1200.33
12/9/2010,1200.56
12/10/2010,1200.74
12/13/2010,1201.82
12/14/2010,1201.57
12/15/2010,1200.38
12/16/2010,1200.4
12/17/2010,1201.02
12/20/2010,1202.1
12/21/2010,1203.57
12/22/2010,1204.71
12/23/2010,1205.23
12/27/2010,1206.65
12/28/2010,1207.55
12/29/2010,1208.95
12/30/2010,1210.18
12/31/2010,1211.19
1/3/2011,1215.67
1/4/2011,1218.41
1/5/2011,1219.25
1/6/2011,1221.49
1/7/2011,1222.23
1/10/2011,1222.17
1/11/2011,1223.24
1/12/2011,1225.22
1/13/2011,1227.06
1/14/2011,1227.46
1/18/2011,1229.37
1/19/2011,1230.12
1/20/2011,1229.58
1/21/2011,1230.42
1/24/2011,1232.5
1/25/2011,1234.29
1/26/2011,1235.51
1/27/2011,1236.95
1/28/2011,1237.77
1/31/2011,1237.91
2/1/2011,1239.52
2/2/2011,1241.16
2/3/2011,1242.42
2/4/2011,1244.24
2/7/2011,1246.84
2/8/2011,1248.28
2/9/2011,1248.56
2/10/2011,1247.46
2/11/2011,1247.78
2/14/2011,1249.11
2/15/2011,1249.41
2/16/2011,1250.47
2/17/2011,1252.44
2/18/2011,1253.77
2/22/2011,1254.33
2/23/2011,1252.87
2/24/2011,1251.57
2/25/2011,1252.52
2/28/2011,1254.13
3/1/2011,1256
3/2/2011,1255.89
3/3/2011,1256.41
3/4/2011,1256.73
3/7/2011,1257.07
3/8/2011,1256.86
3/9/2011,1257.08
3/10/2011,1254.87
3/11/2011,1253.72
3/14/2011,1253.99
3/15/2011,1247.57
3/16/2011,1249.57
3/17/2011,1250.23
3/18/2011,1252.62
3/21/2011,1254.88
3/22/2011,1255.5
3/23/2011,1255.39
3/24/2011,1255.66
3/25/2011,1255.89
3/28/2011,1256.8
3/29/2011,1256.7
3/30/2011,1257.85
3/31/2011,1258.19
4/1/2011,1260.63
4/4/2011,1262.92
4/5/2011,1263.58
4/6/2011,1265.45
4/7/2011,1266.66
4/8/2011,1267.4
4/11/2011,1268.66
4/12/2011,1267.94
4/13/2011,1268.76
4/14/2011,1268.59
4/15/2011,1269.13
4/18/2011,1269.13
4/19/2011,1269.29
4/20/2011,1270.93
4/21/2011,1271.86
4/25/2011,1273.29
4/26/2011,1274.3
4/27/2011,1274.67
4/28/2011,1275.74
4/29/2011,1277.69
5/2/2011,1279.34
5/3/2011,1279.75
5/4/2011,1280.52
5/5/2011,1280.51
5/6/2011,1281.55
5/9/2011,1282.67
5/10/2011,1283.07
5/11/2011,1283.88
5/12/2011,1283.27
5/13/2011,1283.5
5/16/2011,1284.91
5/17/2011,1284.56
5/18/2011,1284.14
5/19/2011,1284.7
5/20/2011,1284.88
5/23/2011,1283.71
5/24/2011,1283.69
5/25/2011,1282.43
5/26/2011,1282.53
5/27/2011,1282.28
5/31/2011,1283.92
6/1/2011,1284.75
6/2/2011,1282.81
6/3/2011,1280.66
6/6/2011,1280.49
6/7/2011,1279.03
6/8/2011,1276.86
6/9/2011,1274.38
6/10/2011,1273.81
6/13/2011,1271.9
6/14/2011,1271.14
6/15/2011,1270.39
6/16/2011,1266.1
6/17/2011,1265.06
6/20/2011,1262.69
6/21/2011,1263.16
6/22/2011,1265.22
6/23/2011,1263.95
6/24/2011,1264.07
6/27/2011,1262.86
6/28/2011,1262.75
6/29/2011,1266.31
6/30/2011,1271.42
7/1/2011,1273.27
7/5/2011,1276.79
7/6/2011,1277.56
7/7/2011,1280.64
7/8/2011,1281.75
7/11/2011,1278.94
7/12/2011,1277.14
7/13/2011,1279.18
7/14/2011,1279.69
7/15/2011,1280.78
7/18/2011,1280.15
7/19/2011,1280.56
7/20/2011,1282.08
7/21/2011,1284.25
7/22/2011,1286.65
7/25/2011,1287.38
7/26/2011,1288.49
7/27/2011,1287.31
7/28/2011,1286.78
7/29/2011,1286.16
8/1/2011,1286.54
8/2/2011,1282.6
8/3/2011,1278.65
8/4/2011,1270.29
8/5/2011,1261.62
8/8/2011,1238.58
8/9/2011,1228.75
8/10/2011,1224.6
8/11/2011,1215.67
8/12/2011,1225.23
8/15/2011,1233.16
8/16/2011,1236.22
8/17/2011,1239.82
8/18/2011,1233.91
8/19/2011,1230.41
8/22/2011,1228.95
8/23/2011,1220.62
8/24/2011,1217.76
8/25/2011,1220.16
8/26/2011,1219.29
8/29/2011,1222.89
8/30/2011,1226.21
8/31/2011,1234.68
9/1/2011,1238.88
9/2/2011,1239.02
9/6/2011,1229.92
9/7/2011,1234.28
9/8/2011,1236.37
9/9/2011,1234.8
9/12/2011,1227.11
9/13/2011,1225.88
9/14/2011,1228.5
9/15/2011,1229.93
9/16/2011,1232.87
9/19/2011,1231.79
9/20/2011,1232.44
9/21/2011,1232.05
9/22/2011,1220.51
9/23/2011,1215.43
9/26/2011,1212.89
9/27/2011,1213.8
9/28/2011,1209.45
9/29/2011,1204.24
9/30/2011,1194.32
10/3/2011,1184.39
10/4/2011,1165.22
10/5/2011,1167.71
10/6/2011,1179.77
10/7/2011,1185.4
10/11/2011,1194.22
10/12/2011,1206.28
10/13/2011,1209.68
10/14/2011,1214.53
10/17/2011,1218.82
10/18/2011,1219.63
10/19/2011,1228.34
10/20/2011,1231.13
10/21/2011,1239.21
10/24/2011,1246.03
10/25/2011,1252.07
10/26/2011,1253.29
10/27/2011,1265.17
10/28/2011,1268.45
10/31/2011,1265.89
11/1/2011,1255.68
11/2/2011,1259.12
11/3/2011,1262.23
11/4/2011,1263.36
11/7/2011,1263.43
11/8/2011,1263.13
11/9/2011,1255.03
11/10/2011,1253.47
11/14/2011,1254.35
11/15/2011,1251.02
11/16/2011,1250.06
11/17/2011,1247.69
11/18/2011,1244.84
11/21/2011,1238.41
11/22/2011,1233.94
11/23/2011,1229.41
11/25/2011,1228.79
11/28/2011,1232.73
11/29/2011,1232.44
11/30/2011,1238.6
12/1/2011,1243.01
12/2/2011,1248.43
12/5/2011,1253.91
12/6/2011,1255.63
12/7/2011,1257.61
12/8/2011,1258.21
12/9/2011,1257.15
12/12/2011,1255.98
12/13/2011,1257.35
12/14/2011,1255.92
12/15/2011,1255.61
12/16/2011,1257.06
12/19/2011,1258.59
12/20/2011,1260.7
12/21/2011,1261.94
12/22/2011,1264
12/23/2011,1265.13
12/27/2011,1266.92
12/28/2011,1268.87
12/29/2011,1270.23
12/30/2011,1271.5
1/3/2012,1277.59
1/4/2012,1279.72
1/5/2012,1280.28
1/6/2012,1282.05
1/9/2012,1283.59
1/10/2012,1286.08
1/11/2012,1286.44
1/12/2012,1287.24
1/13/2012,1285.67
1/17/2012,1287.64
1/18/2012,1288.78
1/19/2012,1293.15
1/20/2012,1294.32
1/23/2012,1297.57
1/24/2012,1298.89
1/25/2012,1302.11
1/26/2012,1308.85
1/27/2012,1310.17
1/30/2012,1308.7
1/31/2012,1310.1
2/1/2012,1312.56
2/2/2012,1313.78
2/3/2012,1316.84
2/6/2012,1319.06
2/7/2012,1320.46
2/8/2012,1322.95
2/9/2012,1323.82
2/10/2012,1320.7
2/13/2012,1323.13
2/14/2012,1323.44
2/15/2012,1323.37
2/16/2012,1321.75
2/17/2012,1324.73
2/21/2012,1327.36
2/22/2012,1329.13
2/23/2012,1331.81
2/24/2012,1335.7
2/27/2012,1337.13
2/28/2012,1339.15
2/29/2012,1341.22
3/1/2012,1342.17
3/2/2012,1342.86
3/5/2012,1340.53
3/6/2012,1332.38
3/7/2012,1333.88
3/8/2012,1336.24
3/9/2012,1337.86
3/12/2012,1339.04
3/13/2012,1340.71
3/14/2012,1341.59
3/15/2012,1339.8
3/16/2012,1339.89
3/19/2012,1340.62
3/20/2012,1339.21
3/21/2012,1340.11
3/22/2012,1338.61
3/23/2012,1338.21
3/26/2012,1339.49
3/27/2012,1340.71
3/28/2012,1340.53
3/29/2012,1338.85
3/30/2012,1339.35
4/2/2012,1340.29
4/3/2012,1341.06
4/4/2012,1339.78
4/5/2012,1339.14
4/6/2012,1339.69
4/9/2012,1336.14
4/10/2012,1333.69
4/11/2012,1332.88
4/12/2012,1335.53
4/13/2012,1336.35
4/16/2012,1337.07
4/17/2012,1339.49
4/18/2012,1340.07
4/19/2012,1340.72
4/20/2012,1341.57
4/23/2012,1341.02
4/24/2012,1343.35
4/25/2012,1346.92
4/26/2012,1348.29
4/27/2012,1351.3
4/30/2012,1353.37
5/1/2012,1356.83
5/2/2012,1357.98
5/3/2012,1359.84
5/4/2012,1360.69
5/7/2012,1360.68
5/8/2012,1360.53
5/9/2012,1358.7
5/10/2012,1359.91
5/11/2012,1359.86
5/14/2012,1356.98
5/15/2012,1354.99
5/16/2012,1350.95
5/17/2012,1342.05
5/18/2012,1337.42
5/21/2012,1333.49
5/22/2012,1336.87
5/23/2012,1333.81
5/24/2012,1334.1
5/25/2012,1334.69
5/29/2012,1337.91
5/30/2012,1336.47
5/31/2012,1335.7
6/1/2012,1328.89
6/4/2012,1326.51
6/5/2012,1323.66
6/6/2012,1329.59
6/7/2012,1335.66
6/8/2012,1336.61
6/11/2012,1339.48
6/12/2012,1337.6
6/13/2012,1339.2
6/14/2012,1340.06
6/15/2012,1342.16
6/18/2012,1344.56
6/19/2012,1350.51
6/20/2012,1354.66
6/21/2012,1356.07
6/22/2012,1355.58
6/25/2012,1354.44
6/26/2012,1355.21
6/27/2012,1357.22
6/28/2012,1358.64
6/29/2012,1363.9
7/2/2012,1367.03
7/3/2012,1369.1
7/5/2012,1370.71
7/6/2012,1371.52
7/9/2012,1372.27
7/10/2012,1374.15
7/11/2012,1375.27
7/12/2012,1373.97
7/13/2012,1374.25
7/16/2012,1375.41
7/17/2012,1376.35
7/18/2012,1378.56
7/19/2012,1381.5
7/20/2012,1381.83
7/23/2012,1379.33
7/24/2012,1379.32
7/25/2012,1378.63
7/26/2012,1380.82
7/27/2012,1383.36
7/30/2012,1387.08
7/31/2012,1389.85
8/1/2012,1391.97
8/2/2012,1392.2
8/3/2012,1394.44
8/6/2012,1397.2
8/7/2012,1399.06
8/8/2012,1399.3
8/9/2012,1399.01
8/10/2012,1397.83
8/13/2012,1398.53
8/14/2012,1397.98
8/15/2012,1396.58
8/16/2012,1396.08
8/17/2012,1396.82
8/20/2012,1398.59
8/21/2012,1400.69
8/22/2012,1401.65
8/23/2012,1402.61
8/24/2012,1402.82
8/27/2012,1404.22
8/28/2012,1404.54
8/29/2012,1405.29
8/30/2012,1405.29
8/31/2012,1406.12
9/4/2012,1407.89
9/5/2012,1409.06
9/6/2012,1412.06
9/7/2012,1416.89
9/10/2012,1419.54
9/11/2012,1421.79
9/12/2012,1426.72
9/13/2012,1428.7
9/14/2012,1434.29
9/17/2012,1435.51
9/18/2012,1436.09
9/19/2012,1436.35
9/20/2012,1434.69
9/21/2012,1434.04
9/24/2012,1432.12
9/25/2012,1429.97
9/26/2012,1422.1
9/27/2012,1424.72
9/28/2012,1425.69
10/1/2012,1427.59
10/2/2012,1428.15
10/3/2012,1428.92
10/4/2012,1431
10/5/2012,1432.79
10/9/2012,1432.87
10/10/2012,1431.77
10/11/2012,1434.68
10/12/2012,1435.08
10/15/2012,1437.7
10/16/2012,1440.15
10/17/2012,1443.21
10/18/2012,1444.63
10/19/2012,1443.9
10/22/2012,1444.22
10/23/2012,1440.34
10/24/2012,1440.92
10/25/2012,1441.31
10/26/2012,1439.17
10/29/2012,1438.59
10/31/2012,1438.21
11/1/2012,1439.92
11/2/2012,1441.38
11/5/2012,1442.31
11/6/2012,1444.06
11/7/2012,1442.6
11/8/2012,1441.63
11/9/2012,1437.54
11/13/2012,1435.95
11/14/2012,1434.43
11/15/2012,1428.72
11/16/2012,1427.61
11/19/2012,1432.19
11/20/2012,1434.67
11/21/2012,1436.27
11/23/2012,1437.59
11/26/2012,1440.3
11/27/2012,1442.75
11/28/2012,1443.6
11/29/2012,1447.43
11/30/2012,1449.72
12/3/2012,1452.27
12/4/2012,1454.17
12/5/2012,1458.75
12/6/2012,1460.79
12/7/2012,1462.87
12/10/2012,1464.59
12/11/2012,1467.25
12/12/2012,1469.35
12/13/2012,1469.93
12/14/2012,1469.62
12/17/2012,1470.37
12/18/2012,1471.44
12/19/2012,1472.42
12/20/2012,1472.88
12/21/2012,1471.2
12/24/2012,1471.81
12/26/2012,1472.6
12/27/2012,1472.63
12/28/2012,1472.41
12/31/2012,1472.56
1/2/2013,1478.76
1/3/2013,1481.97
1/4/2013,1483.09
1/7/2013,1485.47
1/8/2013,1486.7
1/9/2013,1489.05
1/10/2013,1490.63
1/11/2013,1491.63
1/14/2013,1492.45
1/15/2013,1491.4
1/16/2013,1491.79
1/17/2013,1493.72
1/18/2013,1495.02
1/22/2013,1496.78
1/23/2013,1498.85
1/24/2013,1500.25
1/25/2013,1501.33
1/28/2013,1501.66
1/29/2013,1499.13
1/30/2013,1496.32
1/31/2013,1492.3
2/1/2013,1492.99
2/4/2013,1490.88
2/5/2013,1489.57
2/6/2013,1489.44
2/7/2013,1487.92
2/8/2013,1487.37
2/11/2013,1488.18
2/12/2013,1488.58
2/13/2013,1490.93
2/14/2013,1491.82
2/15/2013,1492.57
2/19/2013,1494.26
2/20/2013,1495.24
2/21/2013,1493.61
2/22/2013,1494.68
2/25/2013,1497.17
2/26/2013,1496.06
2/27/2013,1497.63
2/28/2013,1499.88
3/1/2013,1500.13
3/4/2013,1501.33
3/5/2013,1503.6
3/6/2013,1505.01
3/7/2013,1506.22
3/8/2013,1506.59
3/11/2013,1507.75
3/12/2013,1508.91
3/13/2013,1509.37
3/14/2013,1510.67
3/15/2013,1511.83
3/18/2013,1511.69
3/19/2013,1512.21
3/20/2013,1512.89
3/21/2013,1513.04
3/22/2013,1512.96
3/25/2013,1514.21
3/26/2013,1514.33
3/27/2013,1514.05
3/28/2013,1515.15
3/29/2013,1515.15
4/1/2013,1515.88
4/2/2013,1516.99
4/3/2013,1517.55
4/4/2013,1517.93
4/5/2013,1516.61
4/8/2013,1517.93
4/9/2013,1519.46
4/10/2013,1522.37
4/11/2013,1525.61
4/12/2013,1526.66
4/15/2013,1525.12
4/16/2013,1525.23
4/17/2013,1524.32
4/18/2013,1524.55
4/19/2013,1525.03
4/22/2013,1526.98
4/23/2013,1529.66
4/24/2013,1532.04
4/25/2013,1534.64
4/26/2013,1536.31
4/29/2013,1539.83
4/30/2013,1542.56
5/1/2013,1546.13
5/2/2013,1548.45
5/3/2013,1551.7
5/6/2013,1553.3
5/7/2013,1556.03
5/8/2013,1557.09
5/9/2013,1557.55
5/10/2013,1555.5
5/13/2013,1551.91
5/14/2013,1550.47
5/15/2013,1549.81
5/16/2013,1549.95
5/17/2013,1549.92
5/20/2013,1551.55
5/21/2013,1551.92
5/22/2013,1552.06
5/23/2013,1546.37
5/24/2013,1545.31
5/28/2013,1545.18
5/29/2013,1537.03
5/30/2013,1536.68
5/31/2013,1533.62
6/3/2013,1528.12
6/4/2013,1525.9
6/5/2013,1515.33
6/6/2013,1513.74
6/7/2013,1521.58
6/10/2013,1520.75
6/11/2013,1510.11
6/12/2013,1511.89
6/13/2013,1509.14
6/14/2013,1514.31
6/17/2013,1517.87
6/18/2013,1518.17
6/19/2013,1517.77
6/20/2013,1497.99
6/21/2013,1494.68
6/24/2013,1478.85
6/25/2013,1476.83
6/26/2013,1482.41
6/27/2013,1489.69
6/28/2013,1493.4
7/1/2013,1495.54
7/2/2013,1497.05
7/3/2013,1495.97
7/5/2013,1492.74
7/8/2013,1491.96
7/9/2013,1496.23
7/10/2013,1498.57
7/11/2013,1507.78
7/12/2013,1511.84
7/15/2013,1515.7
7/16/2013,1519.74
7/17/2013,1523.76
7/18/2013,1529.12
7/19/2013,1531.55
7/22/2013,1533.86
7/23/2013,1534.69
7/24/2013,1529.57
7/25/2013,1523.62
7/26/2013,1522.58
7/29/2013,1523.06
7/30/2013,1523.57
7/31/2013,1521.71
8/1/2013,1521.3
8/2/2013,1519.68
8/5/2013,1519.69
8/6/2013,1518.26
8/7/2013,1516.64
8/8/2013,1517.85
8/9/2013,1518.16
8/12/2013,1518.64
8/13/2013,1517.65
8/14/2013,1517.75
8/15/2013,1513.86
8/16/2013,1513.29
8/19/2013,1510.92
8/20/2013,1508.95
8/21/2013,1507.89
8/22/2013,1506.62
8/23/2013,1508.07
8/26/2013,1509.89
8/27/2013,1509.93
8/28/2013,1509.78
8/29/2013,1511.06
8/30/2013,1512.46
9/3/2013,1514.49
9/4/2013,1513.83
9/5/2013,1511.43
9/6/2013,1512.16
9/9/2013,1514.12
9/10/2013,1514.37
9/11/2013,1515.64
9/12/2013,1517.93
9/13/2013,1518.81
9/16/2013,1523.71
9/17/2013,1524.01
9/18/2013,1526.53
9/19/2013,1533.97
9/20/2013,1534.05
9/23/2013,1532.97
9/24/2013,1532.73
9/25/2013,1531.72
9/26/2013,1531.42
9/27/2013,1529.74
9/30/2013,1527.48
10/1/2013,1528.81
10/2/2013,1530.16
10/3/2013,1532.47
10/4/2013,1534.09
10/7/2013,1535.42
10/8/2013,1535.96
10/9/2013,1535.8
10/10/2013,1538.08
10/11/2013,1539.23
10/15/2013,1541.68
10/16/2013,1543.99
10/17/2013,1548.96
10/18/2013,1553.26
10/21/2013,1556.29
10/22/2013,1558.59
10/23/2013,1559.53
10/24/2013,1561.25
10/25/2013,1561.66
10/28/2013,1563.25
10/29/2013,1563.87
10/30/2013,1565.33
10/31/2013,1565.75
11/1/2013,1565.79
11/4/2013,1565.9
11/5/2013,1564.44
11/6/2013,1564.76
11/7/2013,1566.34
11/8/2013,1561.04
11/12/2013,1560.35
11/13/2013,1559.02
11/14/2013,1561.75
11/15/2013,1563.24
11/18/2013,1566.23
11/19/2013,1566.96
11/20/2013,1567.43
11/21/2013,1566.03
11/22/2013,1567.75
11/25/2013,1570.47
11/26/2013,1571.76
11/27/2013,1572.84
11/29/2013,1573.7
12/2/2013,1574.06
12/3/2013,1574.24
12/4/2013,1573.14
12/5/2013,1573.13
12/6/2013,1573.84
12/9/2013,1575.87
12/10/2013,1577.13
12/11/2013,1577.52
12/12/2013,1576.35
12/13/2013,1575.78
12/16/2013,1576.84
12/17/2013,1576.51
12/18/2013,1576.46
12/19/2013,1577.44
12/20/2013,1578.28
12/23/2013,1579.56
12/24/2013,1579.72
12/26/2013,1580.08
12/27/2013,1580.16
12/30/2013,1581.47
12/31/2013,1582.19
1/2/2014,1583.97
1/3/2014,1584.77
1/6/2014,1587.23
1/7/2014,1589.9
1/8/2014,1590.33
1/9/2014,1590.78
1/10/2014,1592.59
1/13/2014,1594.21
1/14/2014,1594.69
1/15/2014,1596.32
1/16/2014,1597.52
1/17/2014,1598.49
1/21/2014,1599.93
1/22/2014,1600.32
1/23/2014,1599.19
1/24/2014,1593.95
1/27/2014,1592.69
1/28/2014,1593.36
1/29/2014,1592.78
1/30/2014,1593.99
1/31/2014,1593.29
2/3/2014,1593.13
2/4/2014,1591.31
2/5/2014,1591.82
2/6/2014,1594.31
2/7/2014,1597.09
2/10/2014,1599.45
2/11/2014,1602.32
2/12/2014,1604.3
2/13/2014,1604.71
2/14/2014,1605.87
2/18/2014,1609.22
2/19/2014,1611.49
2/20/2014,1612.49
2/21/2014,1614.38
2/24/2014,1617.02
2/25/2014,1619.56
2/26/2014,1621.37
2/27/2014,1623.29
2/28/2014,1625.52
3/3/2014,1624.89
3/4/2014,1625.95
3/5/2014,1626.19
3/6/2014,1625.24
3/7/2014,1622.16
3/10/2014,1621.75
3/11/2014,1622.23
3/12/2014,1621.21
3/13/2014,1621.78
3/14/2014,1619.69
3/17/2014,1621.28
3/18/2014,1623.55
3/19/2014,1624.93
3/20/2014,1622.37
3/21/2014,1624.08
3/24/2014,1625.31
3/25/2014,1625.95
3/26/2014,1627.37
3/27/2014,1627.13
3/28/2014,1627.74
3/31/2014,1629.36
4/1/2014,1630.48
4/2/2014,1630.85
4/3/2014,1631.45
4/4/2014,1633.16
4/7/2014,1633.15
4/8/2014,1633.13
4/9/2014,1633.92
4/10/2014,1635.32
4/11/2014,1633.21
4/14/2014,1634.44
4/15/2014,1634.58
4/16/2014,1634.83
4/17/2014,1634.55
4/21/2014,1635.48
4/22/2014,1636.02
4/23/2014,1636.53
4/24/2014,1637.39
4/25/2014,1637.23
4/28/2014,1637.85
4/29/2014,1638.4
4/30/2014,1639.68
5/1/2014,1640.33
5/2/2014,1641
5/5/2014,1641.66
5/6/2014,1642.52
5/7/2014,1643.39
5/8/2014,1644.79
5/9/2014,1645.19
5/12/2014,1646.86
5/13/2014,1648.15
5/14/2014,1649.33
5/15/2014,1648.56
5/16/2014,1648.68
5/19/2014,1649.72
5/20/2014,1650.43
5/21/2014,1649.88
5/22/2014,1649.52
5/23/2014,1649.49
5/27/2014,1651.32
5/28/2014,1652.38
5/29/2014,1653.31
5/30/2014,1654.76
6/2/2014,1655.72
6/3/2014,1655.25
6/4/2014,1655.34
6/5/2014,1656.65
6/6/2014,1659.02
6/9/2014,1660.99
6/10/2014,1662.08
6/11/2014,1662.17
6/12/2014,1662.64
6/13/2014,1662.94
6/16/2014,1664.16
6/17/2014,1664.71
6/18/2014,1664.99
6/19/2014,1667.28
6/20/2014,1668.7
6/23/2014,1669.85
6/24/2014,1669.94
6/25/2014,1668.69
6/26/2014,1668.51
6/27/2014,1668.4
6/30/2014,1668.59
7/1/2014,1669.07
7/2/2014,1669.1
7/3/2014,1669.13
7/7/2014,1670.25
7/8/2014,1669.85
7/9/2014,1669.43
7/10/2014,1666.03
7/11/2014,1666.46
7/14/2014,1667.45
7/15/2014,1665.54
7/16/2014,1663.98
7/17/2014,1660.88
7/18/2014,1658.14
7/21/2014,1657.48
7/22/2014,1659.24
7/23/2014,1661.03
7/24/2014,1661.73
7/25/2014,1661.09
7/28/2014,1660.97
7/29/2014,1659.3
7/30/2014,1656.51
7/31/2014,1646.34
8/1/2014,1637.54
8/4/2014,1639.43
8/5/2014,1643.95
8/6/2014,1642.4
8/7/2014,1645.64
8/8/2014,1645.35
8/11/2014,1650.56
8/12/2014,1653.3
8/13/2014,1657.91
8/14/2014,1661.35
8/15/2014,1663.07
8/18/2014,1665.79
8/19/2014,1667.76
8/20/2014,1668.77
8/21/2014,1669.49
8/22/2014,1669.61
8/25/2014,1670.78
8/26/2014,1671.32
8/27/2014,1671.67
8/28/2014,1671.97
8/29/2014,1672.43
9/2/2014,1672.17
9/3/2014,1670.91
9/4/2014,1668.51
9/5/2014,1664.9
9/8/2014,1665.26
9/9/2014,1662.76
9/10/2014,1657.64
9/11/2014,1655.34
9/12/2014,1654.51
9/15/2014,1653.87
9/16/2014,1652.13
9/17/2014,1653.8
9/18/2014,1656.58
9/19/2014,1657.9
9/22/2014,1656.79
9/23/2014,1652.46
9/24/2014,1648.28
9/25/2014,1641.77
9/26/2014,1635.19
9/29/2014,1631.02
9/30/2014,1637.42
10/1/2014,1640.17
10/2/2014,1640.71
10/3/2014,1646.47
10/6/2014,1651.27
10/7/2014,1648.6
10/8/2014,1644.51
10/9/2014,1641.42
10/10/2014,1633.62
10/14/2014,1629.02
10/15/2014,1619.99
10/16/2014,1622.42
10/17/2014,1639.95
10/20/2014,1641.94
10/21/2014,1652.12
10/22/2014,1654.05
10/23/2014,1655.29
10/24/2014,1655.52
10/27/2014,1654.92
10/28/2014,1655.33
10/29/2014,1655.66
10/30/2014,1655.05
10/31/2014,1656.89
11/3/2014,1657.35
11/4/2014,1653.28
11/5/2014,1654.73
11/6/2014,1654.39
11/7/2014,1654.57
11/10/2014,1655
11/12/2014,1654.97
11/13/2014,1653.57
11/14/2014,1649.97
11/17/2014,1647.48
11/18/2014,1643.95
11/19/2014,1639.97
11/20/2014,1638.38
11/21/2014,1643.9
11/24/2014,1645.59
11/25/2014,1646.98
11/26/2014,1647.71
11/28/2014,1644.82
12/1/2014,1633.59
12/2/2014,1629.95
12/3/2014,1630.31
12/4/2014,1630.57
12/5/2014,1628.87
12/8/2014,1624.67
12/9/2014,1614.73
12/10/2014,1608.36
12/11/2014,1604.31
12/12/2014,1594.47
12/15/2014,1586.92
12/16/2014,1577.36
12/17/2014,1587.35
12/18/2014,1606.59
12/19/2014,1611.69
12/22/2014,1615.97
12/23/2014,1618.18
12/24/2014,1618.81
12/26/2014,1619.39
12/29/2014,1620.91
12/30/2014,1620.99
12/31/2014,1621
1/2/2015,1621.36
1/5/2015,1616.78
1/6/2015,1611.06
1/7/2015,1615.91
1/8/2015,1622.66
1/9/2015,1624.72
1/12/2015,1624
1/13/2015,1624.02
1/14/2015,1619.55
1/15/2015,1621.07
1/16/2015,1619.67
1/20/2015,1621.05
1/21/2015,1620.96
1/22/2015,1624
1/23/2015,1626.12
1/26/2015,1627.89
1/27/2015,1627.87
1/28/2015,1631.3
1/29/2015,1631.45
1/30/2015,1631.71
2/2/2015,1632.3
2/3/2015,1637.31
2/4/2015,1639.46
2/5/2015,1643.16
2/6/2015,1647.69
2/9/2015,1647.85
2/10/2015,1648.48
2/11/2015,1648.47
2/12/2015,1650.26
2/13/2015,1651.66
2/17/2015,1653.97
2/18/2015,1656.15
2/19/2015,1656.46
2/20/2015,1658.01
2/23/2015,1659.98
2/24/2015,1663
2/25/2015,1665.64
2/26/2015,1669.15
2/27/2015,1671.04
3/2/2015,1671.73
3/3/2015,1669.97
3/4/2015,1667.19
3/5/2015,1667.5
3/6/2015,1663.36
3/9/2015,1661.57
3/10/2015,1655.66
3/11/2015,1657.57
3/12/2015,1658.86
3/13/2015,1653.93
3/16/2015,1651.99
3/17/2015,1648.19
3/18/2015,1647.87
3/19/2015,1652.87
3/20/2015,1654.64
3/23/2015,1656.15
3/24/2015,1658
3/25/2015,1659.62
3/26/2015,1658.09
3/27/2015,1659.25
3/30/2015,1661.34
3/31/2015,1661.89
4/1/2015,1662.27
4/2/2015,1663.36
4/3/2015,1663.37
4/6/2015,1666.82
4/7/2015,1671.25
4/8/2015,1674.44
4/9/2015,1674.56
4/10/2015,1675.97
4/13/2015,1677.94
4/14/2015,1677.72
4/15/2015,1680.71
4/16/2015,1681.41
4/17/2015,1679.81
4/20/2015,1681.61
4/21/2015,1682.65
4/22/2015,1682.26
4/23/2015,1682.44
4/24/2015,1683.94
4/27/2015,1684.73
4/28/2015,1684.23
4/29/2015,1681.88
4/30/2015,1681.95
5/1/2015,1682.26
5/4/2015,1683.98
5/5/2015,1683.73
5/6/2015,1680.9
5/7/2015,1679.53
5/8/2015,1683.68
5/11/2015,1683.86
5/12/2015,1678.54
5/13/2015,1681.48
5/14/2015,1682.25
5/15/2015,1684.36
5/18/2015,1684.02
5/19/2015,1683.01
5/20/2015,1681.99
5/21/2015,1684.08
5/22/2015,1684.18
5/26/2015,1685.26
5/27/2015,1686.03
5/28/2015,1686.15
5/29/2015,1687.05
6/1/2015,1686.54
6/2/2015,1685.04
6/3/2015,1682.52
6/4/2015,1679.45
6/5/2015,1674.41
6/8/2015,1673.39
6/9/2015,1669.24
6/10/2015,1670.08
6/11/2015,1672.87
6/12/2015,1671.37
6/15/2015,1667.71
6/16/2015,1665.98
6/17/2015,1668.22
6/18/2015,1670.11
6/19/2015,1672.59
6/22/2015,1674.95
6/23/2015,1674.08
6/24/2015,1673.13
6/25/2015,1671.69
6/26/2015,1668.65
6/29/2015,1661.29
6/30/2015,1661.94
7/1/2015,1665.46
7/2/2015,1666.16
7/6/2015,1662.15
7/7/2015,1659
7/8/2015,1656.83
7/9/2015,1658.33
7/10/2015,1660.33
7/13/2015,1662.84
7/14/2015,1663.59
7/15/2015,1665.5
7/16/2015,1665.47
7/17/2015,1661.46
7/20/2015,1659.38
7/21/2015,1654.78
7/22/2015,1648.08
7/23/2015,1646.99
7/24/2015,1644.83
7/27/2015,1638.64
7/28/2015,1640.86
7/29/2015,1647.5
7/30/2015,1651.94
7/31/2015,1652.26
8/3/2015,1650.69
8/4/2015,1649.93
8/5/2015,1649.65
8/6/2015,1644.59
8/7/2015,1638.96
8/10/2015,1638.44
8/11/2015,1631.92
8/12/2015,1626.26
8/13/2015,1629.81
8/14/2015,1629.55
8/17/2015,1629.56
8/18/2015,1628.41
8/19/2015,1625.05
8/20/2015,1621.66
8/21/2015,1616.85
8/24/2015,1603.68
8/25/2015,1612.17
8/26/2015,1610.95
8/27/2015,1618.65
8/28/2015,1621.63
8/31/2015,1623.48
9/1/2015,1621.58
9/2/2015,1622.88
9/3/2015,1626.75
9/4/2015,1626
9/8/2015,1630.47
9/9/2015,1634.4
9/10/2015,1633.67
9/11/2015,1633.43
9/14/2015,1633.04
9/15/2015,1631.95
9/16/2015,1627.47
9/17/2015,1626.71
9/18/2015,1624.44
9/21/2015,1623.17
9/22/2015,1613.78
9/23/2015,1612.95
9/24/2015,1603.82
9/25/2015,1600.94
9/28/2015,1584.32
9/29/2015,1578.76
9/30/2015,1581.23
10/1/2015,1577.98
10/2/2015,1572.49
10/5/2015,1583.87
10/6/2015,1591.71
10/7/2015,1603.94
10/8/2015,1606.34
10/9/2015,1615.24
10/13/2015,1613.25
10/14/2015,1612.05
10/15/2015,1611.8
10/16/2015,1616.31
10/19/2015,1618.15
10/20/2015,1622.04
10/21/2015,1622.92
10/22/2015,1621.53
10/23/2015,1626.11
10/26/2015,1625.94
10/27/2015,1623.41
10/28/2015,1624.63
10/29/2015,1624.73
10/30/2015,1624.7
11/2/2015,1627.5
11/3/2015,1630.03
11/4/2015,1629.93
11/5/2015,1625.63
11/6/2015,1619.31
11/9/2015,1613.14
11/10/2015,1609.41
11/12/2015,1601.75
11/13/2015,1596.26
11/16/2015,1593.17
11/17/2015,1599.01
11/18/2015,1597.44
11/19/2015,1591.82
11/20/2015,1588.13
11/23/2015,1586.93
11/24/2015,1583.99
11/25/2015,1585.72
11/27/2015,1585.97
11/30/2015,1588.59
12/1/2015,1592.25
12/2/2015,1594.32
12/3/2015,1588.66
12/4/2015,1585
12/7/2015,1578.69
12/8/2015,1568.39
12/9/2015,1566.93
12/10/2015,1564.53
12/11/2015,1547.68
12/14/2015,1526.98
12/15/2015,1539.38
12/16/2015,1544.09
12/17/2015,1543.53
12/18/2015,1533
12/21/2015,1532.39
12/22/2015,1535.34
12/23/2015,1541.14
12/24/2015,1542.41
12/28/2015,1543.56
12/29/2015,1547.21
12/30/2015,1547.88
12/31/2015,1548.58
1/4/2016,1543.44
1/5/2016,1548.48
1/6/2016,1548.38
1/7/2016,1542.36
1/8/2016,1544.04
1/11/2016,1539.82
1/12/2016,1536.94
1/13/2016,1530.43
1/14/2016,1521.9
1/15/2016,1504.69
1/19/2016,1505.9
1/20/2016,1484.43
1/21/2016,1491.81
1/22/2016,1506.55
1/25/2016,1509.98
1/26/2016,1511.83
1/27/2016,1514.49
1/28/2016,1518.29
1/29/2016,1523.69
2/1/2016,1520.83
2/2/2016,1513.18
2/3/2016,1509.81
2/4/2016,1511.45
2/5/2016,1506.58
2/8/2016,1488.09
2/9/2016,1480.64
2/10/2016,1485.45
2/11/2016,1468.74
2/12/2016,1477.2
2/16/2016,1485.51
2/17/2016,1497.43
2/18/2016,1503.8
2/19/2016,1500.02
2/22/2016,1507.82
2/23/2016,1507.94
2/24/2016,1504.04
2/25/2016,1512.65
2/26/2016,1523.78
2/29/2016,1532.4
3/1/2016,1545.98
3/2/2016,1555.62
3/3/2016,1560.62
3/4/2016,1571.68
3/7/2016,1576.75
3/8/2016,1575.32
3/9/2016,1572.44
3/10/2016,1577.75
3/11/2016,1590.08
3/14/2016,1594.14
3/15/2016,1589.12
3/16/2016,1586.96
3/17/2016,1597.1
3/18/2016,1606.54
3/21/2016,1609.14
3/22/2016,1607.16
3/23/2016,1604.76
3/24/2016,1595.02
3/28/2016,1593.74
3/29/2016,1588.66
3/30/2016,1596.51
3/31/2016,1600.51
4/1/2016,1600.35
4/4/2016,1603.23
4/5/2016,1599.08
4/6/2016,1604.33
4/7/2016,1603.26
4/8/2016,1607.6
4/11/2016,1611.15
4/12/2016,1616.95
4/13/2016,1628.2
4/14/2016,1632.44
4/15/2016,1632.58
4/18/2016,1632.49
4/19/2016,1642.83
4/20/2016,1649.86
4/21/2016,1651.02
4/22/2016,1650.56
4/25/2016,1649.12
4/26/2016,1651.67
4/27/2016,1656.36
4/28/2016,1663.75
4/29/2016,1663.17
5/2/2016,1663.38
5/3/2016,1657.39
5/4/2016,1653.52
5/5/2016,1652.99
5/6/2016,1647.61
5/9/2016,1647.29
5/10/2016,1651.06
5/11/2016,1655.67
5/12/2016,1656.32
5/13/2016,1655.06
5/16/2016,1658.42
5/17/2016,1660.69
5/18/2016,1660.47
5/19/2016,1653.69
5/20/2016,1658.37
5/23/2016,1660.15
5/24/2016,1664.3
5/25/2016,1668.99
5/26/2016,1671.06
5/27/2016,1671.14
5/31/2016,1673.44
6/1/2016,1670.03
6/2/2016,1672
6/3/2016,1673.89
6/6/2016,1680.34
6/7/2016,1686.29
6/8/2016,1692.93
6/9/2016,1692.72
6/10/2016,1690.31
6/13/2016,1688.04
6/14/2016,1679.62
6/15/2016,1679.78
6/16/2016,1673.59
6/17/2016,1676.93
6/20/2016,1686.81
6/21/2016,1687.87
6/22/2016,1690.75
6/23/2016,1695.23
6/24/2016,1685.9
6/27/2016,1673.37
6/28/2016,1674.23
6/29/2016,1683.42
6/30/2016,1688.84
7/1/2016,1695.47
7/5/2016,1698.51
7/6/2016,1700.01
7/7/2016,1704.66
7/8/2016,1712.28
7/11/2016,1722.11
7/12/2016,1732.33
7/13/2016,1731.8
7/14/2016,1734.73
7/15/2016,1735.66
7/18/2016,1736.12
7/19/2016,1736.57
7/20/2016,1737.82
7/21/2016,1739.64
7/22/2016,1740.5
7/25/2016,1741.08
7/26/2016,1738.62
7/27/2016,1737.66
7/28/2016,1736.34
7/29/2016,1734.5
8/1/2016,1734.36
8/2/2016,1730.59
8/3/2016,1730.81
8/4/2016,1735.6
8/5/2016,1740.61
8/8/2016,1744.84
8/9/2016,1751
8/10/2016,1753.39
8/11/2016,1754.67
8/12/2016,1755.97
8/15/2016,1758.89
8/16/2016,1761.78
8/17/2016,1763.09
8/18/2016,1764.78
8/19/2016,1765.21
8/22/2016,1766.51
8/23/2016,1768.02
8/24/2016,1768.95
8/25/2016,1769.25
8/26/2016,1769.63
8/29/2016,1770.86
8/30/2016,1771.86
8/31/2016,1770.79
9/1/2016,1770.02
9/2/2016,1771.03
9/6/2016,1774.61
9/7/2016,1776.5
9/8/2016,1777.67
9/9/2016,1771.5
9/12/2016,1768.58
9/13/2016,1761.52
9/14/2016,1761.5
9/15/2016,1762.09
9/16/2016,1761.09
9/19/2016,1763.11
9/20/2016,1763.72
9/21/2016,1765.27
9/22/2016,1774.31
9/23/2016,1775.58
9/26/2016,1774.56
9/27/2016,1773.65
9/28/2016,1776.65
9/29/2016,1780.23
9/30/2016,1782.59
10/3/2016,1785.19
10/4/2016,1787.17
10/5/2016,1788.71
10/6/2016,1789.76
10/7/2016,1790.63
10/11/2016,1791.62
10/12/2016,1791.75
10/13/2016,1789.89
10/14/2016,1792.36
10/17/2016,1793.53
10/18/2016,1796.33
10/19/2016,1800.45
10/20/2016,1802.4
10/21/2016,1802.76
10/24/2016,1804.54
10/25/2016,1804.82
10/26/2016,1801.42
10/27/2016,1797.74
10/28/2016,1794.25
10/31/2016,1789.47
11/1/2016,1780.55
11/2/2016,1776.32
11/3/2016,1776.24
11/4/2016,1774.49
11/7/2016,1782.59
11/8/2016,1782.64
11/9/2016,1779.05
11/10/2016,1772.87
11/14/2016,1756.51
11/15/2016,1765.75
11/16/2016,1766.84
11/17/2016,1769.41
11/18/2016,1767.14
11/21/2016,1770.22
11/22/2016,1775.66
11/23/2016,1775.93
11/25/2016,1776.11
11/28/2016,1779.3
11/29/2016,1778.32
11/30/2016,1780.98
12/1/2016,1780.87
12/2/2016,1782.68
12/5/2016,1786.18
12/6/2016,1791.72
12/7/2016,1798.51
12/8/2016,1800.94
12/9/2016,1804.31
12/12/2016,1807.17
12/13/2016,1809.72
12/14/2016,1809.85
12/15/2016,1804.06
12/16/2016,1803.21
12/19/2016,1805.17
12/20/2016,1805.77
12/21/2016,1807.12
12/22/2016,1808.24
12/23/2016,1809.6
12/27/2016,1811.82
12/28/2016,1812.94
12/29/2016,1813.6
12/30/2016,1813.85
1/3/2017,1819.09
1/4/2017,1825.98
1/5/2017,1829.48
1/6/2017,1831.42
1/9/2017,1832.81
1/10/2017,1834.66
1/11/2017,1834.31
1/12/2017,1833.88
1/13/2017,1835.04
1/17/2017,1836.49
1/18/2017,1836.03
1/19/2017,1834.41
1/20/2017,1833.88
1/23/2017,1833.6
1/24/2017,1835.04
1/25/2017,1838.64
1/26/2017,1840.1
1/27/2017,1841.42
1/30/2017,1840.86
1/31/2017,1840.19
2/1/2017,1842
2/2/2017,1843.8
2/3/2017,1847.56
2/6/2017,1849.29
2/7/2017,1850.54
2/8/2017,1848.87
2/9/2017,1848.95
2/10/2017,1850.04
2/13/2017,1852.37
2/14/2017,1852.85
2/15/2017,1853.86
2/16/2017,1853.82
2/17/2017,1853.77
2/21/2017,1857.8
2/22/2017,1859.94
2/23/2017,1862.64
2/24/2017,1863.39
2/27/2017,1865.01
2/28/2017,1866.97
3/1/2017,1871.44
3/2/2017,1871.23
3/3/2017,1869.51
3/6/2017,1866.39
3/7/2017,1860.74
3/8/2017,1854.09
3/9/2017,1846.09
3/10/2017,1846.48
3/13/2017,1843.44
3/14/2017,1836.44
3/15/2017,1841.84
3/16/2017,1850.23
3/17/2017,1850.54
3/20/2017,1850.02
3/21/2017,1846.9
3/22/2017,1841.73
3/23/2017,1843.69
3/24/2017,1846.46
3/27/2017,1845.88
3/28/2017,1849.53
3/29/2017,1855.43
3/30/2017,1861.03
3/31/2017,1862.81
4/3/2017,1863.97
4/4/2017,1864.17
4/5/2017,1867.5
4/6/2017,1867.83
4/7/2017,1868.99
4/10/2017,1870.64
4/11/2017,1870.59
4/12/2017,1869.55
4/13/2017,1869.5
4/17/2017,1869.87
4/18/2017,1868.65
4/19/2017,1870.35
4/20/2017,1870.96
4/21/2017,1871.95
4/24/2017,1876.08
4/25/2017,1878.95
4/26/2017,1881.45
4/27/2017,1881.84
4/28/2017,1884.32
5/1/2017,1885.15
5/2/2017,1886.89
5/3/2017,1887.37
5/4/2017,1883.3
5/5/2017,1882.41
5/8/2017,1883.26
5/9/2017,1884.54
5/10/2017,1886.16
5/11/2017,1887.46
5/12/2017,1888.03
5/15/2017,1890.82
5/16/2017,1892.29
5/17/2017,1890.28
5/18/2017,1889.05
5/19/2017,1892.8
5/22/2017,1895.47
5/23/2017,1896.35
5/24/2017,1897.3
5/25/2017,1898.84
5/26/2017,1898.84
5/30/2017,1900.62
5/31/2017,1900.7
6/1/2017,1902.74
6/2/2017,1904.72
6/5/2017,1905.53
6/6/2017,1905.55
6/7/2017,1904.09
6/8/2017,1902.5
6/9/2017,1903.08
6/12/2017,1904.48
6/13/2017,1906.53
6/14/2017,1907.25
6/15/2017,1905.43
6/16/2017,1904.95
6/19/2017,1906.05
6/20/2017,1902.36
6/21/2017,1897.91
6/22/2017,1897.12
6/23/2017,1897.9
6/26/2017,1900.35
6/27/2017,1901.97
6/28/2017,1902.56
6/29/2017,1902.65
6/30/2017,1903.27
7/3/2017,1904.21
7/5/2017,1904.55
7/6/2017,1902.53
7/7/2017,1898.78
7/10/2017,1899.51
7/11/2017,1900.21
7/12/2017,1904.15
7/13/2017,1905.48
7/14/2017,1908.79
7/17/2017,1912.92
7/18/2017,1914.83
7/19/2017,1917.67
7/20/2017,1919.91
7/21/2017,1920.1
7/24/2017,1921.11
7/25/2017,1922.08
7/26/2017,1923.73
7/27/2017,1923.75
7/28/2017,1924.21
7/31/2017,1924.35
8/1/2017,1925.74
8/2/2017,1926.09
8/3/2017,1925.23
8/4/2017,1925.13
8/7/2017,1925.55
8/8/2017,1924.15
8/9/2017,1917.83
8/10/2017,1912.38
8/11/2017,1910.62
8/14/2017,1913.94
8/15/2017,1913.72
8/16/2017,1915.03
8/17/2017,1913.15
8/18/2017,1911.05
8/21/2017,1911.98
8/22/2017,1913.01
8/23/2017,1913.77
8/24/2017,1915.38
8/25/2017,1917.25
8/28/2017,1918.94
8/29/2017,1919.1
8/30/2017,1920.67
8/31/2017,1923.6
9/1/2017,1924.77
9/5/2017,1925.88
9/6/2017,1927.58
9/7/2017,1928.14
9/8/2017,1926.92
9/11/2017,1928.36
9/12/2017,1929.23
9/13/2017,1929.84
9/14/2017,1931.03
9/15/2017,1931.14
9/18/2017,1932.97
9/19/2017,1934.3
9/20/2017,1935.59
9/21/2017,1935.3
9/22/2017,1935.11
9/25/2017,1936.99
9/26/2017,1938.37
9/27/2017,1938.11
9/28/2017,1939.45
9/29/2017,1940.87
10/2/2017,1941.48
10/3/2017,1942.06
10/4/2017,1943.03
10/5/2017,1944.18
10/6/2017,1943.95
10/10/2017,1945.35
10/11/2017,1945.71
10/12/2017,1944.8
10/13/2017,1944.5
10/16/2017,1945.94
10/17/2017,1947.35
10/18/2017,1948.82
10/19/2017,1949.21
10/20/2017,1950.5
10/23/2017,1952.26
10/24/2017,1952.49
10/25/2017,1949.12
10/26/2017,1949.15
10/27/2017,1948.07
10/30/2017,1948.73
10/31/2017,1949.07
11/1/2017,1949.8
11/2/2017,1948.85
11/3/2017,1948.84
11/6/2017,1948.92
11/7/2017,1947.15
11/8/2017,1941.64
11/9/2017,1934.25
11/10/2017,1933.9
11/13/2017,1933.62
11/14/2017,1929.14
11/15/2017,1923.56
11/16/2017,1933.17
11/17/2017,1934.13
11/20/2017,1936.36
11/21/2017,1938.94
11/22/2017,1940.51
11/24/2017,1941.64
11/27/2017,1942.93
11/28/2017,1942.62
11/29/2017,1943.41
11/30/2017,1944.09
12/1/2017,1944.2
12/4/2017,1946.47
12/5/2017,1946.79
12/6/2017,1945.43
12/7/2017,1944.58
12/8/2017,1945.14
12/11/2017,1946.6
12/12/2017,1947.37
12/13/2017,1947.03
12/14/2017,1946.08
12/15/2017,1945.78
12/18/2017,1946.17
12/19/2017,1945.61
12/20/2017,1945.01
12/21/2017,1945.68
12/22/2017,1945.83
12/26/2017,1947.16
12/27/2017,1948.11
12/28/2017,1949.11
12/29/2017,1949.97
1/2/2018,1951.84
1/3/2018,1956.91
1/4/2018,1961.97
1/5/2018,1964.27
1/8/2018,1965.99
1/9/2018,1965.77
1/10/2018,1961.75
1/11/2018,1963.16
1/12/2018,1963.48
1/16/2018,1965.15
1/17/2018,1964.52
1/18/2018,1962.83
1/19/2018,1961.88
1/22/2018,1962.97
1/23/2018,1965.31
1/24/2018,1966.36
1/25/2018,1966.85
1/26/2018,1967.27
1/29/2018,1965.59
1/30/2018,1960.63
1/31/2018,1961.66
2/1/2018,1959.73
2/2/2018,1953.83
2/5/2018,1949.55
2/6/2018,1943.08
2/7/2018,1947.76
2/8/2018,1938.75
2/9/2018,1925.19
2/12/2018,1931.61
2/13/2018,1927.07
2/14/2018,1927.05
2/15/2018,1934.58
2/16/2018,1940.65
2/20/2018,1943.14
2/21/2018,1942.84
2/22/2018,1939.69
2/23/2018,1939.34
2/26/2018,1945.09
2/27/2018,1944.57
2/28/2018,1944.99
3/1/2018,1941.51
3/2/2018,1935.45
3/5/2018,1938.56
3/6/2018,1941.98
3/7/2018,1940.01
3/8/2018,1940.6
3/9/2018,1942.16
3/12/2018,1942.73
3/13/2018,1941.9
3/14/2018,1939.87
3/15/2018,1938.41
3/16/2018,1938.47
3/19/2018,1936.19
3/20/2018,1935.07
3/21/2018,1935.57
3/22/2018,1933.39
3/23/2018,1931.08
3/26/2018,1931.3
3/27/2018,1933.36
3/28/2018,1932.16
3/29/2018,1933.24
3/30/2018,1933.24
4/2/2018,1931.5
4/3/2018,1931.86
4/4/2018,1932.41
4/5/2018,1938.05
4/6/2018,1938.86
4/9/2018,1941.2
4/10/2018,1946.45
4/11/2018,1947.94
4/12/2018,1951.02
4/13/2018,1954.24
4/16/2018,1957.46
4/17/2018,1960.59
4/18/2018,1961.43
4/19/2018,1954.63
4/20/2018,1953.16
4/23/2018,1950.19
4/24/2018,1945.81
4/25/2018,1940.87
4/26/2018,1944.52
4/27/2018,1945.51
4/30/2018,1945.82
5/1/2018,1943.78
5/2/2018,1945.42
5/3/2018,1943.3
5/4/2018,1944.24
5/7/2018,1946.78
5/8/2018,1946.57
5/9/2018,1947.05
5/10/2018,1948.77
5/11/2018,1949.67
5/14/2018,1951.05
5/15/2018,1948
5/16/2018,1947.38
5/17/2018,1947.03
5/18/2018,1945.93
5/21/2018,1946.66
5/22/2018,1947.44
5/23/2018,1945.93
5/24/2018,1946.39
5/25/2018,1945.72
5/29/2018,1941.8
5/30/2018,1943.79
5/31/2018,1945.28
6/1/2018,1946.99
6/4/2018,1949.45
6/5/2018,1951.18
6/6/2018,1953.06
6/7/2018,1955.51
6/8/2018,1955.51
6/11/2018,1957.9
6/12/2018,1959.73
6/13/2018,1961.88
6/14/2018,1963.87
6/15/2018,1964.29
6/18/2018,1964.29
6/19/2018,1962.69
6/20/2018,1964.33
6/21/2018,1963.37
6/22/2018,1963.49
6/25/2018,1961.16
6/26/2018,1959.95
6/27/2018,1957.85
6/28/2018,1952.13
6/29/2018,1953.09
7/2/2018,1948.51
7/3/2018,1950.4
7/5/2018,1951.4
7/6/2018,1953.33
7/9/2018,1957.67
7/10/2018,1960.52
7/11/2018,1959.22
7/12/2018,1961.54
7/13/2018,1963
7/16/2018,1963.35
7/17/2018,1963.56
7/18/2018,1964.45
7/19/2018,1964.51
7/20/2018,1964.7
7/23/2018,1965.77
7/24/2018,1967.4
7/25/2018,1968.01
7/26/2018,1970.18
7/27/2018,1971.04
7/30/2018,1972.41
7/31/2018,1974.4
8/1/2018,1974.99
8/2/2018,1975.45
8/3/2018,1977.59
8/6/2018,1979.74
8/7/2018,1982.41
8/8/2018,1982.59
8/9/2018,1982.46
8/10/2018,1979.96
8/13/2018,1979.42
8/14/2018,1979.87
8/15/2018,1977.83
8/16/2018,1979.5
8/17/2018,1980.33
8/20/2018,1982.34
8/21/2018,1984.15
8/22/2018,1986.14
8/23/2018,1986.55
8/24/2018,1987.43
8/27/2018,1989.36
8/28/2018,1989.85
8/29/2018,1989.98
8/30/2018,1989.32
8/31/2018,1988.97
9/3/2018,1988.97
9/4/2018,1989.14
9/5/2018,1987.29
9/6/2018,1987.11
9/7/2018,1986.28
9/10/2018,1988.11
9/11/2018,1989.31
9/12/2018,1991.72
9/13/2018,1994.47
9/14/2018,1995.28
9/17/2018,1996.28
9/18/2018,1997.3
9/19/2018,1996.61
9/20/2018,1996.37
9/21/2018,1996.64
9/24/2018,1996.43
9/25/2018,1995.94
9/26/2018,1997.12
9/27/2018,1998.2
9/28/2018,2000.04
10/1/2018,2003.87
10/2/2018,2004.71
10/3/2018,2004.36
10/4/2018,1995.13
10/5/2018,1991.31
10/9/2018,1986.14
10/10/2018,1979.22
10/11/2018,1979.25
10/12/2018,1982.23
10/15/2018,1984.08
10/16/2018,1987.23
10/17/2018,1986.77
10/18/2018,1982.11
10/19/2018,1981.2
10/22/2018,1981.43
10/23/2018,1974.82
10/24/2018,1975.77
10/25/2018,1972.41
10/26/2018,1967.28
10/29/2018,1967.85
10/30/2018,1963.94
10/31/2018,1968.07
11/1/2018,1969.71
11/2/2018,1971.7
11/5/2018,1973.22
11/6/2018,1975.01
11/7/2018,1980.27
11/8/2018,1981.27
11/9/2018,1973.92
11/13/2018,1966.07
11/14/2018,1958.78
11/15/2018,1951.67
11/16/2018,1948.39
11/19/2018,1946.5
11/20/2018,1940.96
11/21/2018,1945.5
11/23/2018,1942.68
11/26/2018,1945.27
11/27/2018,1942.31
11/28/2018,1948.73
11/29/2018,1950.58
11/30/2018,1951.14
12/3/2018,1959.51
12/4/2018,1956.3
12/6/2018,1944.49
12/7/2018,1948.32
12/10/2018,1944.24
12/11/2018,1947.61
12/12/2018,1952.79
12/13/2018,1953.5
12/14/2018,1950.56
12/17/2018,1946.08
12/18/2018,1937.74
12/19/2018,1932.69
12/20/2018,1907.94
12/21/2018,1904.43
12/24/2018,1898.08
12/26/2018,1896.4
12/27/2018,1899.56
12/28/2018,1906.39
12/31/2018,1909.36
1/2/2019,1910.52
1/3/2019,1912.37
1/4/2019,1932.54
1/7/2019,1947.64
1/8/2019,1957.67
1/9/2019,1967.12
1/10/2019,1967.82
1/11/2019,1969.14
1/14/2019,1966.92
1/15/2019,1969.3
1/16/2019,1975.25
1/17/2019,1976.59
1/18/2019,1982.64
1/22/2019,1979.83
1/23/2019,1978.93
1/24/2019,1977.95
1/25/2019,1982.43
1/28/2019,1980.75
1/29/2019,1982.36
1/30/2019,1986.64
1/31/2019,1995.67
2/1/2019,1998.17
2/4/2019,2000.41
2/5/2019,2007.31
2/6/2019,2009.56
2/7/2019,2003.43
2/8/2019,2001.5
2/11/2019,2002.92
2/12/2019,2008.21
2/13/2019,2009.41
2/14/2019,2009.56
2/15/2019,2012.74
2/19/2019,2014.94
2/20/2019,2017.43
2/21/2019,2018.25
2/22/2019,2019.77
2/25/2019,2023.04
2/26/2019,2025.31
2/27/2019,2027.24
2/28/2019,2028.86
3/1/2019,2029.65
3/4/2019,2030.26
3/5/2019,2029.03
3/6/2019,2027.38
3/7/2019,2025.4
3/8/2019,2020.39
3/11/2019,2023.9
3/12/2019,2027.68
3/13/2019,2032.09
3/14/2019,2033.79
3/15/2019,2035.21
3/18/2019,2036.45
3/19/2019,2038.17
3/20/2019,2039.43
3/21/2019,2042.93
3/22/2019,2040.89
3/25/2019,2039.26
3/26/2019,2042.02
3/27/2019,2042.86
3/28/2019,2043.71
3/29/2019,2047.94
4/1/2019,2051.76
4/2/2019,2052.31
4/3/2019,2054.84
4/4/2019,2055.24
4/5/2019,2058.15
4/8/2019,2059.92
4/9/2019,2060.86
4/10/2019,2062.55
4/11/2019,2066.13
4/12/2019,2069.82
4/15/2019,2071.12
4/16/2019,2072.23
4/17/2019,2071.17
4/18/2019,2070.44
4/22/2019,2070.49
4/23/2019,2072.81
4/24/2019,2074.32
4/25/2019,2073.91
4/26/2019,2074.66
4/29/2019,2076.5
4/30/2019,2077.06
5/1/2019,2078.09
5/2/2019,2075.39
5/3/2019,2077.39
5/6/2019,2076
5/7/2019,2073.2
5/8/2019,2072.74
5/9/2019,2068.11
5/10/2019,2066.82
5/13/2019,2059.93
5/14/2019,2062.24
5/15/2019,2061.36
5/16/2019,2065.28
5/17/2019,2065.38
5/20/2019,2066.42
5/21/2019,2068.22
5/22/2019,2067.91
5/23/2019,2062.8
5/24/2019,2063.41
5/28/2019,2063.41
5/29/2019,2057.04
5/30/2019,2059.34
5/31/2019,2052.37
6/3/2019,2050.42
6/4/2019,2057.94
6/5/2019,2061.74
6/6/2019,2064.35
6/7/2019,2071.14
6/10/2019,2076.93
6/11/2019,2079.24
6/12/2019,2078.23
6/13/2019,2079.1
6/14/2019,2078.61
6/17/2019,2079.29
6/18/2019,2084.31
6/19/2019,2087.79
6/20/2019,2099.99
6/21/2019,2099.64
6/24/2019,2100.93
6/25/2019,2097.58
6/26/2019,2097
6/27/2019,2096.57
6/28/2019,2099.15
7/1/2019,2103.21
7/2/2019,2103.08
7/3/2019,2105.2
7/5/2019,2104.62
7/8/2019,2104.05
7/9/2019,2101.75
7/10/2019,2104.27
7/11/2019,2103.14
7/12/2019,2103.46
7/15/2019,2105.26
7/16/2019,2104.97
7/17/2019,2103.68
7/18/2019,2100.03
7/19/2019,2100.31
7/22/2019,2102.22
7/23/2019,2104.79
7/24/2019,2107.46
7/25/2019,2108.26
7/26/2019,2110.65
7/29/2019,2111.24
7/30/2019,2109.43
7/31/2019,2110.98
8/1/2019,2109.4
8/2/2019,2104.13
8/5/2019,2089.56
8/6/2019,2092.71
8/7/2019,2088.37
8/8/2019,2097.71
8/9/2019,2097.57
8/12/2019,2096.36
8/13/2019,2099.73
8/14/2019,2090.56
8/15/2019,2090.32
8/16/2019,2093.93
8/19/2019,2099.25
8/20/2019,2101.43
8/21/2019,2107.72
8/22/2019,2110.9
8/23/2019,2109.08
8/26/2019,2111.76
8/27/2019,2113.99
8/28/2019,2115.85
8/29/2019,2118.61
8/30/2019,2119.43
9/2/2019,2119.43
9/3/2019,2116.84
9/4/2019,2119.67
9/5/2019,2122.72
9/6/2019,2125.15
9/9/2019,2127.66
9/10/2019,2129.65
9/11/2019,2129.21
9/12/2019,2130.38
9/13/2019,2129.21
9/16/2019,2133.88
9/17/2019,2134.04
9/18/2019,2133.22
9/19/2019,2133.85
9/20/2019,2134.09
9/23/2019,2134.83
9/24/2019,2134.03
9/25/2019,2130.83
9/26/2019,2129.51
9/27/2019,2127.36
9/30/2019,2127.15
10/1/2019,2125.47
10/2/2019,2116.97
10/3/2019,2114.65
10/4/2019,2116.98
10/7/2019,2118.99
10/8/2019,2116.04
10/9/2019,2117.8
10/10/2019,2118.76
10/11/2019,2123.47
10/15/2019,2128.05
10/16/2019,2129.77
10/17/2019,2131.52
10/18/2019,2131.81
10/21/2019,2133.38
10/22/2019,2133.56
10/23/2019,2134.63
10/24/2019,2135.68
10/25/2019,2138.33
10/28/2019,2139.42
10/29/2019,2139.04
10/30/2019,2136.2
10/31/2019,2133.02
11/1/2019,2135.57
11/4/2019,2140.44
11/5/2019,2139.47
11/6/2019,2137.94
11/7/2019,2138.67
11/8/2019,2136.99
11/12/2019,2137.76
11/13/2019,2135.94
11/14/2019,2134.86
11/15/2019,2135.87
11/18/2019,2135.57
11/19/2019,2132.75
11/20/2019,2130.34
11/21/2019,2129.48
11/22/2019,2130.95
11/25/2019,2134.24
11/26/2019,2137.12
11/27/2019,2139.35
11/29/2019,2139.99
12/2/2019,2138.17
12/3/2019,2136.6
12/4/2019,2140.91
12/5/2019,2143.16
12/6/2019,2147.57
12/9/2019,2149.74
12/10/2019,2152.37
12/11/2019,2154.67
12/12/2019,2159.26
12/13/2019,2163.81
12/16/2019,2167.96
12/17/2019,2172.6
12/18/2019,2177.14
12/19/2019,2177.89
12/20/2019,2178.61
12/23/2019,2180.36
12/24/2019,2180.4
12/26/2019,2181.45
12/27/2019,2182.63
12/30/2019,2182.43
12/31/2019,2182.77
1/2/2020,2185.33
1/3/2020,2187.15
1/6/2020,2188.45
1/7/2020,2189.74
1/8/2020,2189.89
1/9/2020,2190.69
1/10/2020,2192.25
1/13/2020,2194.43
1/14/2020,2195.73
1/15/2020,2196.97
1/16/2020,2198.26
1/17/2020,2198.28
1/21/2020,2198.08
1/22/2020,2197.16
1/23/2020,2193.21
1/24/2020,2188.95
1/27/2020,2177.74
1/28/2020,2185.49
1/29/2020,2187.2
1/30/2020,2183.68
1/31/2020,2183.35
2/3/2020,2184.91
2/4/2020,2188.97
2/5/2020,2193.28
2/6/2020,2197.13
2/7/2020,2196.88
2/10/2020,2197.14
2/11/2020,2203.32
2/12/2020,2205.71
2/13/2020,2206.99
2/14/2020,2207.09
2/18/2020,2207.8
2/19/2020,2209.79
2/20/2020,2210.18
2/21/2020,2209.12
2/24/2020,2194.31
2/25/2020,2188.52
2/26/2020,2184.1
2/27/2020,2166.03
2/28/2020,2152.56
3/2/2020,2160.03
3/3/2020,2171.99
3/4/2020,2182.69
3/5/2020,2171.28
3/6/2020,2143
3/9/2020,2076.1
3/10/2020,2075.44
3/11/2020,2052.62
3/12/2020,1991.46
3/13/2020,1989.78
3/16/2020,1930.14
3/17/2020,1904.91
3/18/2020,1846.84
3/19/2020,1798.33
3/20/2020,1787.42
3/23/2020,1750.98
3/24/2020,1761.43
3/25/2020,1797.51
3/26/2020,1848.44
3/27/2020,1877.94
3/30/2020,1893.8
3/31/2020,1905.89
4/1/2020,1885.69
4/2/2020,1878.79
4/3/2020,1866.79
4/6/2020,1871.77
4/7/2020,1898.03
4/8/2020,1907.62
4/9/2020,1966.33
4/13/2020,1996.32
4/14/2020,2014.83
4/15/2020,2005.65
4/16/2020,2007.36
4/17/2020,2017.47
4/20/2020,2009.74
4/21/2020,1980.8
4/22/2020,1983.04
4/23/2020,1982.56
4/24/2020,1975.01
4/27/2020,1973.22
4/28/2020,1976.58
4/29/2020,1984.02
4/30/2020,1991.76
5/1/2020,1988.12
5/4/2020,1984.31
5/5/2020,1994.64
5/6/2020,1996.55
5/7/2020,2000.93
5/8/2020,2004.61
5/11/2020,2005.7
5/12/2020,2012.66
5/13/2020,2003.6
5/14/2020,1993.62
5/15/2020,1991.15
5/18/2020,2010.7
5/19/2020,2017.56
5/20/2020,2031.27
5/21/2020,2039.66
5/22/2020,2042.82
5/26/2020,2062.38
5/27/2020,2069.99
5/28/2020,2079.61
5/29/2020,2079.5
6/1/2020,2085.18
6/2/2020,2100.05
6/3/2020,2119.67
6/4/2020,2123.3
6/5/2020,2143.91
6/8/2020,2150.74
6/9/2020,2144.58
6/10/2020,2138.94
6/11/2020,2110.08
6/12/2020,2114.1
6/15/2020,2114.04
6/16/2020,2140.11
6/17/2020,2140.26
6/18/2020,2133.2
6/19/2020,2132.49
6/22/2020,2132.15
6/23/2020,2132.94
6/24/2020,2122.08
6/25/2020,2114.22
6/26/2020,2107.93
6/29/2020,2098.47
6/30/2020,2099.86
7/1/2020,2105.5
7/2/2020,2115.24
7/6/2020,2125.62
7/7/2020,2127.78
7/8/2020,2126.12
7/9/2020,2123.64
7/10/2020,2122.32
7/13/2020,2129.49
7/14/2020,2128.19
7/15/2020,2139.71
7/16/2020,2143.32
7/17/2020,2146.46
7/20/2020,2156.71
7/21/2020,2170.14
7/22/2020,2176.14
7/23/2020,2178.63
7/24/2020,2179.98
7/27/2020,2182.28
7/28/2020,2182.51
7/29/2020,2189.46
7/30/2020,2194.25
7/31/2020,2198.3
8/3/2020,2202.82
8/4/2020,2202.84
8/5/2020,2208.86
8/6/2020,2209.68
8/7/2020,2210.69
8/10/2020,2211.11
8/11/2020,2213.3
8/12/2020,2210.61
8/13/2020,2205.8
8/14/2020,2200.22
8/17/2020,2199.8
8/18/2020,2200.58
8/19/2020,2201.49
8/20/2020,2200.64
8/21/2020,2201.38
8/24/2020,2206.85
8/25/2020,2212.33
8/26/2020,2213.78
8/27/2020,2216.09
8/28/2020,2217.93
8/31/2020,2219.2
9/1/2020,2221.12
9/2/2020,2224.73
9/3/2020,2222.79
9/4/2020,2216.94
9/8/2020,2211.57
9/9/2020,2213.34
9/10/2020,2213.59
9/11/2020,2212
9/14/2020,2211.82
9/15/2020,2213.77
9/16/2020,2216.91
9/17/2020,2215.31
9/18/2020,2214.21
9/21/2020,2200.76
9/22/2020,2195.81
9/23/2020,2192.51
9/24/2020,2182.1
9/25/2020,2180.44
9/28/2020,2187.48
9/29/2020,2190.07
9/30/2020,2196.37
10/1/2020,2200.05
10/2/2020,2199.8
10/5/2020,2208.57
10/6/2020,2216.26
10/7/2020,2218.22
10/8/2020,2222.73
10/9/2020,2226.14
10/13/2020,2231.04
10/14/2020,2230.67
10/15/2020,2224.77
10/16/2020,2227.4
10/19/2020,2229.35
10/20/2020,2230.01
10/21/2020,2229.48
10/22/2020,2229.36
10/23/2020,2231
10/26/2020,2225.82
10/27/2020,2222.95
10/28/2020,2209.52
10/29/2020,2208.65
10/30/2020,2207.52
11/2/2020,2212.38
11/3/2020,2221.59
11/4/2020,2240.55
11/5/2020,2254.6
11/6/2020,2254.14
11/9/2020,2278.49
11/10/2020,2274.06
11/12/2020,2264.9
11/13/2020,2264.9
11/16/2020,2271.69
11/17/2020,2274.75
11/18/2020,2278.66
11/19/2020,2278.51
11/20/2020,2278.77
11/23/2020,2282.59
11/24/2020,2290.75
11/25/2020,2291.96
11/27/2020,2293.18
11/30/2020,2294.85
12/1/2020,2299.29
12/2/2020,2302.83
12/3/2020,2308.22
12/4/2020,2312.97
12/7/2020,2316
12/8/2020,2317.59
12/9/2020,2316.91
12/10/2020,2317.36
12/11/2020,2317.07
12/14/2020,2319.16
12/15/2020,2320.67
12/16/2020,2321.47
12/17/2020,2323.48
12/18/2020,2324.64
12/21/2020,2320.45
12/22/2020,2321.82
12/23/2020,2324.92
12/24/2020,2326.43
12/28/2020,2334.9
12/29/2020,2336.15
12/30/2020,2337.39
12/31/2020,2338.05
