1/3/2005,369.827
1/4/2005,367.943
1/5/2005,365.716
1/6/2005,367.088
1/7/2005,367.175
1/10/2005,367.879
1/11/2005,366.259
1/12/2005,365.954
1/13/2005,364.508
1/14/2005,366.371
1/17/2005,367.068
1/18/2005,368.565
1/19/2005,366.674
1/20/2005,364.225
1/21/2005,363.056
1/24/2005,362.486
1/25/2005,363.976
1/26/2005,365.33
1/27/2005,365.587
1/28/2005,364.608
1/31/2005,367.196
2/1/2005,369.608
2/2/2005,370.759
2/3/2005,369.944
2/4/2005,373.097
2/7/2005,373.918
2/8/2005,374.351
2/9/2005,372.591
2/10/2005,373.718
2/11/2005,376.289
2/14/2005,376.742
2/15/2005,377.819
2/16/2005,377.466
2/17/2005,375.928
2/18/2005,376.414
2/21/2005,376.288
2/22/2005,372.654
2/23/2005,372.672
2/24/2005,374.293
2/25/2005,377.859
2/28/2005,376.491
3/1/2005,378.441
3/2/2005,378.743
3/3/2005,379.095
3/4/2005,381.992
3/7/2005,382.881
3/8/2005,381.313
3/9/2005,379.023
3/10/2005,378.017
3/11/2005,377.007
3/14/2005,378.078
3/15/2005,377.215
3/16/2005,374.358
3/17/2005,374.483
3/18/2005,374.896
3/21/2005,373.847
3/22/2005,372.036
3/23/2005,371.157
3/24/2005,371.439
3/25/2005,371.618
3/28/2005,372.283
3/29/2005,370.204
3/30/2005,372.37
3/31/2005,372.746
4/1/2005,372.24
4/4/2005,372.072
4/5/2005,374.07
4/6/2005,375.308
4/7/2005,377.088
4/8/2005,375.733
4/11/2005,375.105
4/12/2005,375.38
4/13/2005,373.304
4/14/2005,370.666
4/15/2005,365.062
4/18/2005,362.248
4/19/2005,364.715
4/20/2005,361.84
4/21/2005,365.413
4/22/2005,365.056
4/25/2005,367.122
4/26/2005,365.165
4/27/2005,364.199
4/28/2005,361.742
4/29/2005,364.275
5/2/2005,365.942
5/3/2005,366.405
5/4/2005,369.503
5/5/2005,369.652
5/6/2005,370.701
5/9/2005,371.747
5/10/2005,368.879
5/11/2005,369.384
5/12/2005,367.927
5/13/2005,366.799
5/16/2005,368.286
5/17/2005,369.478
5/18/2005,372.919
5/19/2005,375.266
5/20/2005,375.042
5/23/2005,376.712
5/24/2005,376.826
5/25/2005,375.655
5/26/2005,377.732
5/27/2005,378.332
5/30/2005,379.035
5/31/2005,377.048
6/1/2005,380.686
6/2/2005,381.178
6/3/2005,379.622
6/6/2005,379.411
6/7/2005,380.295
6/8/2005,379.986
6/9/2005,380.821
6/10/2005,381.297
6/13/2005,382.357
6/14/2005,382.92
6/15/2005,383.225
6/16/2005,384.775
6/17/2005,386.855
6/20/2005,386.391
6/21/2005,386.34
6/22/2005,386.918
6/23/2005,385.013
6/24/2005,382.548
6/27/2005,381.116
6/28/2005,384.306
6/29/2005,384.827
6/30/2005,383.435
7/1/2005,385.088
7/4/2005,385.585
7/5/2005,387.457
7/6/2005,386.556
7/7/2005,385.193
7/8/2005,389.229
7/11/2005,391.662
7/12/2005,391.706
7/13/2005,392.63
7/14/2005,393.759
7/15/2005,393.876
7/18/2005,392.672
7/19/2005,394.773
7/20/2005,396.038
7/21/2005,394.72
7/22/2005,395.874
7/25/2005,395.381
7/26/2005,395.751
7/27/2005,397.645
7/28/2005,399.412
7/29/2005,397.95
8/1/2005,398.446
8/2/2005,401.081
8/3/2005,401.431
8/4/2005,398.979
8/5/2005,396.266
8/8/2005,396.324
8/9/2005,398.848
8/10/2005,400.33
8/11/2005,402.039
8/12/2005,400.44
8/15/2005,400.95
8/16/2005,398.108
8/17/2005,397.788
8/18/2005,396.884
8/19/2005,398.267
8/22/2005,399.585
8/23/2005,398.118
8/24/2005,396.45
8/25/2005,395.852
8/26/2005,393.929
8/29/2005,394.976
8/30/2005,395.199
8/31/2005,398.462
9/1/2005,399.902
9/2/2005,399.284
9/5/2005,400.098
9/6/2005,403.484
9/7/2005,404.538
9/8/2005,403.156
9/9/2005,405.931
9/12/2005,406.646
9/13/2005,404.374
9/14/2005,404.127
9/15/2005,405.134
9/16/2005,407.686
9/19/2005,406.65
9/20/2005,406.058
9/21/2005,403.066
9/22/2005,403.449
9/23/2005,404.255
9/26/2005,407.062
9/27/2005,406.679
9/28/2005,408.885
9/29/2005,411.372
9/30/2005,411.603
10/3/2005,412.187
10/4/2005,410.466
10/5/2005,405.208
10/6/2005,401.134
10/7/2005,401.782
10/10/2005,400.709
10/11/2005,401.51
10/12/2005,399.005
10/13/2005,397.307
10/14/2005,398.998
10/17/2005,399.796
10/18/2005,397.101
10/19/2005,397.346
10/20/2005,394.341
10/21/2005,394.509
10/24/2005,399.145
10/25/2005,398.805
10/26/2005,398.942
10/27/2005,395.525
10/28/2005,398.808
10/31/2005,403.975
11/1/2005,404.597
11/2/2005,407.686
11/3/2005,410.569
11/4/2005,411.088
11/7/2005,412.195
11/8/2005,411.51
11/9/2005,411.414
11/10/2005,412.938
11/11/2005,415.394
11/14/2005,415.032
11/15/2005,413.681
11/16/2005,414.258
11/17/2005,417.894
11/18/2005,420.508
11/21/2005,422.181
11/22/2005,423.466
11/23/2005,425.016
11/24/2005,424.767
11/25/2005,425.756
11/28/2005,423.566
11/29/2005,423.719
11/30/2005,421.123
12/1/2005,426.432
12/2/2005,428.25
12/5/2005,427.598
12/6/2005,428.387
12/7/2005,427.469
12/8/2005,426.372
12/9/2005,427.509
12/12/2005,428.695
12/13/2005,430.467
12/14/2005,430.542
12/15/2005,429.295
12/16/2005,429.554
12/19/2005,428.631
12/20/2005,429.582
12/21/2005,431.939
12/22/2005,433.081
12/23/2005,433.433
12/26/2005,433.759
12/27/2005,431.6
12/28/2005,432.708
12/29/2005,432.864
12/30/2005,430.523
1/2/2006,431.015
1/3/2006,435.871
1/4/2006,438.948
1/5/2006,439.035
1/6/2006,442.001
1/9/2006,443.082
1/10/2006,441.414
1/11/2006,443.739
1/12/2006,442.772
1/13/2006,442.096
1/16/2006,442.351
1/17/2006,439.363
1/18/2006,435.419
1/19/2006,439.169
1/20/2006,434.112
1/23/2006,433.381
1/24/2006,434.44
1/25/2006,435.531
1/26/2006,439.337
1/27/2006,444.513
1/30/2006,445.38
1/31/2006,444.873
2/1/2006,445.919
2/2/2006,443.047
2/3/2006,441.818
2/6/2006,442.792
2/7/2006,440.229
2/8/2006,440.3
2/9/2006,442.048
2/10/2006,441.055
2/13/2006,439.574
2/14/2006,442.667
2/15/2006,442.836
2/16/2006,446.034
2/17/2006,445.365
2/20/2006,445.097
2/21/2006,445.911
2/22/2006,448.217
2/23/2006,448.024
2/24/2006,449.049
2/27/2006,450.872
2/28/2006,446.609
3/1/2006,448.997
3/2/2006,448.084
3/3/2006,447.206
3/6/2006,446.707
3/7/2006,445.007
3/8/2006,444.164
3/9/2006,445.206
3/10/2006,448.217
3/13/2006,450.966
3/14/2006,453.2
3/15/2006,454.878
3/16/2006,455.024
3/17/2006,456.099
3/20/2006,456.815
3/21/2006,455.466
3/22/2006,457.202
3/23/2006,456.41
3/24/2006,457.917
3/27/2006,456.615
3/28/2006,454.779
3/29/2006,457.898
3/30/2006,459.472
3/31/2006,457.913
4/3/2006,460.654
4/4/2006,461.104
4/5/2006,463.139
4/6/2006,464.034
4/7/2006,461.169
4/10/2006,461.714
4/11/2006,458.037
4/12/2006,456.796
4/13/2006,457.612
4/14/2006,457.652
4/17/2006,456.358
4/18/2006,461.226
4/19/2006,463.732
4/20/2006,464.615
4/21/2006,465.96
4/24/2006,463.366
4/25/2006,462.379
4/26/2006,463.865
4/27/2006,463.911
4/28/2006,462.611
5/1/2006,461.866
5/2/2006,465.017
5/3/2006,462.81
5/4/2006,464.157
5/5/2006,468.339
5/8/2006,469.156
5/9/2006,469.618
5/10/2006,468.127
5/11/2006,463.727
5/12/2006,456.863
5/15/2006,454.627
5/16/2006,453.202
5/17/2006,445.397
5/18/2006,441.992
5/19/2006,443.391
5/22/2006,437.679
5/23/2006,438.919
5/24/2006,438.361
5/25/2006,441.903
5/26/2006,447.561
5/29/2006,447.827
5/30/2006,440.547
5/31/2006,442.58
6/1/2006,446.443
6/2/2006,448.24
6/5/2006,443.08
6/6/2006,438.88
6/7/2006,436.89
6/8/2006,431.386
6/9/2006,433.186
6/12/2006,429.082
6/13/2006,421.499
6/14/2006,423.066
6/15/2006,431.874
6/16/2006,432.256
6/19/2006,430.517
6/20/2006,430.364
6/21/2006,433.092
6/22/2006,434.402
6/23/2006,434.633
6/26/2006,435.852
6/27/2006,433.001
6/28/2006,433.597
6/29/2006,442.006
6/30/2006,445.282
7/3/2006,448.343
7/4/2006,449.07
7/5/2006,445.171
7/6/2006,446.507
7/7/2006,444.743
7/10/2006,446.202
7/11/2006,445.604
7/12/2006,442.958
7/13/2006,436.929
7/14/2006,432.901
7/17/2006,431.801
7/18/2006,430.235
7/19/2006,437.425
7/20/2006,437.436
7/21/2006,433.86
7/24/2006,440.358
7/25/2006,443.22
7/26/2006,443.277
7/27/2006,444.425
7/28/2006,448.688
7/31/2006,448.277
8/1/2006,446.06
8/2/2006,448.98
8/3/2006,448.033
8/4/2006,449.184
8/7/2006,445.889
8/8/2006,446.221
8/9/2006,446.932
8/10/2006,446.891
8/11/2006,445.801
8/14/2006,448.082
8/15/2006,452.774
8/16/2006,456.451
8/17/2006,457.59
8/18/2006,458.62
8/21/2006,457.123
8/22/2006,458.342
8/23/2006,456.376
8/24/2006,456.458
8/25/2006,456.335
8/28/2006,457.542
8/29/2006,458.853
8/30/2006,459.756
8/31/2006,460.268
9/1/2006,462.392
9/4/2006,463.917
9/5/2006,464.108
9/6/2006,459.812
9/7/2006,456.234
9/8/2006,457.811
9/11/2006,455.954
9/12/2006,459.475
9/13/2006,461.203
9/14/2006,461.064
9/15/2006,461.866
9/18/2006,462.638
9/19/2006,460.905
9/20/2006,462.633
9/21/2006,462.293
9/22/2006,459.396
9/25/2006,460.986
9/26/2006,464.574
9/27/2006,467.81
9/28/2006,469.253
9/29/2006,469.009
10/2/2006,468.574
10/3/2006,467.913
10/4/2006,471.49
10/5/2006,474.727
10/6/2006,473.984
10/9/2006,474.609
10/10/2006,476.529
10/11/2006,475.68
10/12/2006,479.019
10/13/2006,480.654
10/16/2006,482.447
10/17/2006,479.346
10/18/2006,481.137
10/19/2006,481.343
10/20/2006,482.267
10/23/2006,484.946
10/24/2006,485.271
10/25/2006,486.74
10/26/2006,488.614
10/27/2006,485.53
10/30/2006,484.051
10/31/2006,484.027
11/1/2006,482.889
11/2/2006,482.319
11/3/2006,482.507
11/6/2006,487.306
11/7/2006,488.676
11/8/2006,488.731
11/9/2006,487.256
11/10/2006,487.103
11/13/2006,487.703
11/14/2006,490.008
11/15/2006,491.968
11/16/2006,492.288
11/17/2006,491.118
11/20/2006,490.047
11/21/2006,491.078
11/22/2006,492.385
11/23/2006,492.174
11/24/2006,489.707
11/27/2006,484.266
11/28/2006,484.232
11/29/2006,489.92
11/30/2006,489.969
12/1/2006,488.036
12/4/2006,491.472
12/5/2006,493.517
12/6/2006,494.065
12/7/2006,494.315
12/8/2006,494.551
12/11/2006,496.439
12/12/2006,496.768
12/13/2006,498.182
12/14/2006,502.082
12/15/2006,503.114
12/18/2006,502.452
12/19/2006,501.082
12/20/2006,502.115
12/21/2006,501.162
12/22/2006,499.37
12/25/2006,499.219
12/26/2006,500.466
12/27/2006,504.5
12/28/2006,504.391
12/29/2006,503.25
1/1/2007,503.264
1/2/2007,505.479
1/3/2007,505.3
1/4/2007,505.149
1/5/2007,501.333
1/8/2007,501.57
1/9/2007,502.406
1/10/2007,500.765
1/11/2007,504.789
1/12/2007,507.826
1/15/2007,509.604
1/16/2007,508.943
1/17/2007,508.571
1/18/2007,507.983
1/19/2007,509.938
1/22/2007,508.762
1/23/2007,509.936
1/24/2007,514.38
1/25/2007,510.459
1/26/2007,509.108
1/29/2007,509.766
1/30/2007,511.949
1/31/2007,512.652
2/1/2007,516.522
2/2/2007,517.97
2/5/2007,517.147
2/6/2007,518.49
2/7/2007,519.764
2/8/2007,518.369
2/9/2007,518.175
2/12/2007,516.097
2/13/2007,519.291
2/14/2007,523.154
2/15/2007,524.325
2/16/2007,523.782
2/19/2007,524.793
2/20/2007,525.082
2/21/2007,523.727
2/22/2007,524.726
2/23/2007,524.704
2/26/2007,525.383
2/27/2007,510.821
2/28/2007,507.006
3/1/2007,504.061
3/2/2007,500.23
3/5/2007,493.458
3/6/2007,500.386
3/7/2007,501.276
3/8/2007,506.523
3/9/2007,507.437
3/12/2007,508.292
3/13/2007,500.666
3/14/2007,495.726
3/15/2007,501.061
3/16/2007,499.474
3/19/2007,505.609
3/20/2007,508.583
3/21/2007,513.925
3/22/2007,517.424
3/23/2007,518.82
3/26/2007,517.795
3/27/2007,515.852
3/28/2007,512.316
3/29/2007,515.388
3/30/2007,515.107
4/2/2007,515.228
4/3/2007,520.706
4/4/2007,522.583
4/5/2007,523.547
4/6/2007,523.427
4/9/2007,524.428
4/10/2007,526.22
4/11/2007,524.327
4/12/2007,525.161
4/13/2007,526.664
4/16/2007,532.405
4/17/2007,532.354
4/18/2007,532.323
4/19/2007,530.173
4/20/2007,535.143
4/23/2007,534.394
4/24/2007,532.7
4/25/2007,536.124
4/26/2007,537.101
4/27/2007,535.726
4/30/2007,533.735
5/1/2007,533.885
5/2/2007,537.859
5/3/2007,539.736
5/4/2007,542.183
5/7/2007,544.205
5/8/2007,542.144
5/9/2007,544.009
5/10/2007,539.102
5/11/2007,542.222
5/14/2007,542.002
5/15/2007,541.641
5/16/2007,543.783
5/17/2007,544.192
5/18/2007,547.17
5/21/2007,548.324
5/22/2007,548.629
5/23/2007,549.68
5/24/2007,545.129
5/25/2007,545.948
5/28/2007,546.601
5/29/2007,547.993
5/30/2007,549.664
5/31/2007,552.101
6/1/2007,555.316
6/4/2007,555.738
6/5/2007,553.382
6/6/2007,547.672
6/7/2007,540.787
6/8/2007,542.687
6/11/2007,544.919
6/12/2007,540.553
6/13/2007,544.991
6/14/2007,550.163
6/15/2007,555.078
6/18/2007,555.062
6/19/2007,554.514
6/20/2007,551.301
6/21/2007,551.395
6/22/2007,546.854
6/25/2007,544.982
6/26/2007,542.616
6/27/2007,543.113
6/28/2007,545.294
6/29/2007,547.143
7/2/2007,549.776
7/3/2007,552.723
7/4/2007,553.648
7/5/2007,553.087
7/6/2007,555.219
7/9/2007,556.761
7/10/2007,550.751
7/11/2007,550.664
7/12/2007,558.169
7/13/2007,560.791
7/16/2007,560.207
7/17/2007,559.167
7/18/2007,555.754
7/19/2007,559.547
7/20/2007,554.578
7/23/2007,556.032
7/24/2007,547.55
7/25/2007,546.309
7/26/2007,533.867
7/27/2007,527.083
7/30/2007,530.112
7/31/2007,530.637
8/1/2007,527.448
8/2/2007,530.357
8/3/2007,521.361
8/6/2007,525.15
8/7/2007,529.408
8/8/2007,537.717
8/9/2007,527.023
8/10/2007,519.4
8/13/2007,523.307
8/14/2007,516.692
8/15/2007,510.447
8/16/2007,503.433
8/17/2007,510.036
8/20/2007,513.825
8/21/2007,515.569
8/22/2007,521.888
8/23/2007,524.002
8/24/2007,527.299
8/27/2007,525.753
8/28/2007,516.241
8/29/2007,521.83
8/30/2007,523.388
8/31/2007,530.793
9/3/2007,531.096
9/4/2007,535.115
9/5/2007,528.243
9/6/2007,530.193
9/7/2007,521.557
9/10/2007,518.294
9/11/2007,525.323
9/12/2007,526.095
9/13/2007,529.983
9/14/2007,529.546
9/17/2007,525.661
9/18/2007,534.714
9/19/2007,543.908
9/20/2007,541.03
9/21/2007,542.633
9/24/2007,541.601
9/25/2007,540.772
9/26/2007,543.834
9/27/2007,548.215
9/28/2007,547.383
10/1/2007,552.357
10/2/2007,554.126
10/3/2007,553.77
10/4/2007,553.884
10/5/2007,558.414
10/8/2007,556.936
10/9/2007,560.635
10/10/2007,560.722
10/11/2007,561.818
10/12/2007,562.545
10/15/2007,558.343
10/16/2007,553.731
10/17/2007,554.794
10/18/2007,554.139
10/19/2007,544.411
10/22/2007,541.863
10/23/2007,546.459
10/24/2007,544.486
10/25/2007,546.092
10/26/2007,552.838
10/29/2007,557.099
10/30/2007,553.829
10/31/2007,559.502
11/1/2007,550.056
11/2/2007,547.215
11/5/2007,543.013
11/6/2007,547.212
11/7/2007,537.732
11/8/2007,534.525
11/9/2007,526.952
11/12/2007,522.687
11/13/2007,530.402
11/14/2007,532.224
11/15/2007,526.347
11/16/2007,524.827
11/19/2007,516.046
11/20/2007,519.56
11/21/2007,509.868
11/22/2007,510.939
11/23/2007,517.807
11/26/2007,512.648
11/27/2007,515.643
11/28/2007,527.346
11/29/2007,530.647
11/30/2007,535.578
12/3/2007,532.957
12/4/2007,528.686
12/5/2007,536.838
12/6/2007,542.104
12/7/2007,543.685
12/10/2007,546.415
12/11/2007,539.814
12/12/2007,541.109
12/13/2007,535.159
12/14/2007,531.473
12/17/2007,522.167
12/18/2007,523.281
12/19/2007,522.325
12/20/2007,524.58
12/21/2007,532.307
12/24/2007,535.405
12/25/2007,536.422
12/26/2007,537.03
12/27/2007,533.585
12/28/2007,533.213
12/31/2007,531.492
1/1/2008,531.499
1/2/2008,526.568
1/3/2008,525.946
1/4/2008,514.018
1/7/2008,512.849
1/8/2008,509.708
1/9/2008,511.587
1/10/2008,511.002
1/11/2008,505.671
1/14/2008,509.052
1/15/2008,496.284
1/16/2008,490.163
1/17/2008,482.945
1/18/2008,480.494
1/21/2008,467.57
1/22/2008,465.039
1/23/2008,467.144
1/24/2008,479.494
1/25/2008,479.14
1/28/2008,479.37
1/29/2008,484.525
1/30/2008,481.486
1/31/2008,486.628
2/1/2008,493.63
2/4/2008,492.514
2/5/2008,478.632
2/6/2008,474.895
2/7/2008,473.77
2/8/2008,473.117
2/11/2008,472.747
2/12/2008,479.702
2/13/2008,483.087
2/14/2008,482.222
2/15/2008,479.603
2/18/2008,482.664
2/19/2008,484.143
2/20/2008,482.314
2/21/2008,481.788
2/22/2008,481.613
2/25/2008,489.255
2/26/2008,493.444
2/27/2008,494.203
2/28/2008,488.631
2/29/2008,478.163
3/3/2008,473.493
3/4/2008,470.061
3/5/2008,474.586
3/6/2008,467.95
3/7/2008,461.782
3/10/2008,454.698
3/11/2008,465.644
3/12/2008,467.011
3/13/2008,464.19
3/14/2008,457.189
3/17/2008,445.75
3/18/2008,460.765
3/19/2008,455.707
3/20/2008,459.398
3/21/2008,460.237
3/24/2008,464.502
3/25/2008,472.437
3/26/2008,470.411
3/27/2008,469.24
3/28/2008,467.505
3/31/2008,467.602
4/1/2008,480.994
4/2/2008,485.173
4/3/2008,485.608
4/4/2008,486.774
4/7/2008,489.592
4/8/2008,486.459
4/9/2008,482.574
4/10/2008,482.574
4/11/2008,476.813
4/14/2008,472.888
4/15/2008,475.782
4/16/2008,485.315
4/17/2008,485.144
4/18/2008,492.652
4/21/2008,493.451
4/22/2008,489.643
4/23/2008,491.584
4/24/2008,492.203
4/25/2008,496.773
4/28/2008,498.108
4/29/2008,495.847
4/30/2008,495.894
5/1/2008,499.495
5/2/2008,505.274
5/5/2008,504.403
5/6/2008,505.54
5/7/2008,503.286
5/8/2008,503.748
5/9/2008,499.208
5/12/2008,502.764
5/13/2008,503.654
5/14/2008,506.202
5/15/2008,510.577
5/16/2008,512.592
5/19/2008,514.981
5/20/2008,508.916
5/21/2008,502.581
5/22/2008,503.61
5/23/2008,497.353
5/26/2008,495.612
5/27/2008,497.034
5/28/2008,498.698
5/29/2008,501.51
5/30/2008,503.636
6/2/2008,500.466
6/3/2008,499.115
6/4/2008,498.089
6/5/2008,502.965
6/6/2008,493.115
6/9/2008,491.153
6/10/2008,487.682
6/11/2008,481.468
6/12/2008,481.91
6/13/2008,486.616
6/16/2008,487.769
6/17/2008,487.968
6/18/2008,483.668
6/19/2008,481.216
6/20/2008,473.259
6/23/2008,473.148
6/24/2008,470.608
6/25/2008,473.583
6/26/2008,462.87
6/27/2008,460.217
6/30/2008,461.777
7/1/2008,458.944
7/2/2008,452.353
7/3/2008,453.068
7/4/2008,451.109
7/7/2008,451.555
7/8/2008,451.776
7/9/2008,449.666
7/10/2008,448.392
7/11/2008,442.176
7/14/2008,440.981
7/15/2008,432.872
7/16/2008,439.106
7/17/2008,446.058
7/18/2008,448.101
7/21/2008,450.229
7/22/2008,453.257
7/23/2008,457.499
7/24/2008,450.981
7/25/2008,450.038
7/28/2008,444.539
7/29/2008,448.696
7/30/2008,456.181
7/31/2008,453.232
8/1/2008,448.708
8/4/2008,444.446
8/5/2008,453.293
8/6/2008,457.487
8/7/2008,452.57
8/8/2008,458.208
8/11/2008,462.157
8/12/2008,458.979
8/13/2008,454.827
8/14/2008,456.494
8/15/2008,457.198
8/18/2008,454.36
8/19/2008,447.34
8/20/2008,450.172
8/21/2008,449.229
8/22/2008,454.342
8/25/2008,450.14
8/26/2008,450.731
8/27/2008,453.28
8/28/2008,458.841
8/29/2008,458.069
9/1/2008,456.641
9/2/2008,455.596
9/3/2008,452.587
9/4/2008,440.669
9/5/2008,436.794
9/8/2008,447.569
9/9/2008,436.965
9/10/2008,437.65
9/11/2008,438.221
9/12/2008,442.23
9/15/2008,425.82
9/16/2008,423.533
9/17/2008,409.938
9/18/2008,416.386
9/19/2008,439.883
9/22/2008,430.009
9/23/2008,423.554
9/24/2008,422.401
9/25/2008,428.849
9/26/2008,425.671
9/29/2008,397.746
9/30/2008,409.105
10/1/2008,410.257
10/2/2008,397.474
10/3/2008,396.415
10/6/2008,375.902
10/7/2008,363.34
10/8/2008,351.23
10/9/2008,335.813
10/10/2008,321.432
10/13/2008,350.099
10/14/2008,358.762
10/15/2008,334.459
10/16/2008,331.468
10/17/2008,335.871
10/20/2008,350.652
10/21/2008,345.833
10/22/2008,327.036
10/23/2008,327.414
10/24/2008,314.149
10/27/2008,303.937
10/28/2008,324.592
10/29/2008,331.289
10/30/2008,340.965
10/31/2008,344.587
11/3/2008,346.033
11/4/2008,360.756
11/5/2008,351.41
11/6/2008,332.633
11/7/2008,338.196
11/10/2008,338.797
11/11/2008,328.548
11/12/2008,316.144
11/13/2008,325.393
11/14/2008,319.672
11/17/2008,312.347
11/18/2008,313.482
11/19/2008,298.964
11/20/2008,282.748
11/21/2008,291.197
11/24/2008,308.073
11/25/2008,311.494
11/26/2008,316.656
11/27/2008,319.622
11/28/2008,323.731
12/1/2008,302.121
12/2/2008,307.221
12/3/2008,312.587
12/4/2008,306.897
12/5/2008,309.223
12/8/2008,323.795
12/9/2008,321.52
12/10/2008,325.14
12/11/2008,320.441
12/12/2008,317.431
12/15/2008,316.716
12/16/2008,325.492
12/17/2008,324.621
12/18/2008,320.987
12/19/2008,320.918
12/22/2008,316.496
12/23/2008,314.864
12/24/2008,314.444
12/25/2008,314.903
12/26/2008,316.289
12/29/2008,317.796
12/30/2008,324.098
12/31/2008,327.138
1/1/2009,327.13
1/2/2009,335.792
1/5/2009,337.415
1/6/2009,340.423
1/7/2009,333.963
1/8/2009,332.614
1/9/2009,327.62
1/12/2009,321.993
1/13/2009,319.392
1/14/2009,309.72
1/15/2009,307.639
1/16/2009,310.642
1/19/2009,309.616
1/20/2009,298.884
1/21/2009,304.261
1/22/2009,301.402
1/23/2009,300.823
1/26/2009,304.096
1/27/2009,307.668
1/28/2009,315.975
1/29/2009,309.383
1/30/2009,304.17
2/2/2009,301.244
2/3/2009,305.015
2/4/2009,306.763
2/5/2009,308.879
2/6/2009,315.562
2/9/2009,316.064
2/10/2009,305.58
2/11/2009,306.646
2/12/2009,304.967
2/13/2009,303.98
2/16/2009,302.885
2/17/2009,292.002
2/18/2009,290.986
2/19/2009,289.693
2/20/2009,283.893
2/23/2009,277.202
2/24/2009,282.072
2/25/2009,281.481
2/26/2009,281.268
2/27/2009,277.288
3/2/2009,264.768
3/3/2009,261.982
3/4/2009,268.363
3/5/2009,259.931
3/6/2009,258.115
3/9/2009,256.299
3/10/2009,268.591
3/11/2009,270.61
3/12/2009,276.308
3/13/2009,279.452
3/16/2009,282.028
3/17/2009,287.45
3/18/2009,290.481
3/19/2009,289.645
3/20/2009,286.66
3/23/2009,301.64
3/24/2009,299.219
3/25/2009,301.358
3/26/2009,306.573
3/27/2009,301.765
3/30/2009,290.772
3/31/2009,295.078
4/1/2009,299.91
4/2/2009,310.855
4/3/2009,311.678
4/6/2009,309.851
4/7/2009,304.7
4/8/2009,306.114
4/9/2009,315.527
4/10/2009,315.744
4/13/2009,316.434
4/14/2009,314.297
4/15/2009,315.245
4/16/2009,319.71
4/17/2009,322.747
4/20/2009,312.268
4/21/2009,314.672
4/22/2009,314.828
4/23/2009,316.825
4/24/2009,321.92
4/27/2009,320.209
4/28/2009,317.021
4/29/2009,323.007
4/30/2009,325.787
5/1/2009,327.331
5/4/2009,335.736
5/5/2009,335.67
5/6/2009,340.424
5/7/2009,339.45
5/8/2009,346.097
5/11/2009,341.143
5/12/2009,339.796
5/13/2009,332.339
5/14/2009,332.954
5/15/2009,332.349
5/18/2009,338.689
5/19/2009,341.738
5/20/2009,342.21
5/21/2009,336.294
5/22/2009,335.747
5/25/2009,336.342
5/26/2009,341.933
5/27/2009,339.758
5/28/2009,341.613
5/29/2009,344.71
6/1/2009,352.909
6/2/2009,353.519
6/3/2009,348.911
6/4/2009,350.818
6/5/2009,351.676
6/8/2009,350.604
6/9/2009,351.014
6/10/2009,352.75
6/11/2009,355.023
6/12/2009,355.117
6/15/2009,347.363
6/16/2009,343.246
6/17/2009,340.99
6/18/2009,342.409
6/19/2009,344.835
6/22/2009,336.306
6/23/2009,335.337
6/24/2009,339.152
6/25/2009,343.369
6/26/2009,343.548
6/29/2009,346.247
6/30/2009,344.501
7/1/2009,346.962
7/2/2009,338.915
7/3/2009,338.693
7/6/2009,336.939
7/7/2009,332.629
7/8/2009,330.122
7/9/2009,330.833
7/10/2009,329.094
7/13/2009,334.179
7/14/2009,337.505
7/15/2009,345.847
7/16/2009,348.518
7/17/2009,349.685
7/20/2009,353.455
7/21/2009,356.039
7/22/2009,356.341
7/23/2009,363.143
7/24/2009,364.476
7/27/2009,366.096
7/28/2009,364.514
7/29/2009,363.963
7/30/2009,369.348
7/31/2009,370.378
8/3/2009,375.202
8/4/2009,375.942
8/5/2009,374.149
8/6/2009,374.094
8/7/2009,377.632
8/10/2009,377.076
8/11/2009,373.325
8/12/2009,376.092
8/13/2009,379.346
8/14/2009,377.137
8/17/2009,368.492
8/18/2009,371.69
8/19/2009,372.665
8/20/2009,377.066
8/21/2009,382.613
8/24/2009,385.251
8/25/2009,386.192
8/26/2009,386.212
8/27/2009,385.737
8/28/2009,387.037
8/31/2009,384.194
9/1/2009,378.142
9/2/2009,375.791
9/3/2009,377.305
9/4/2009,381.205
9/7/2009,383.653
9/8/2009,386.246
9/9/2009,388.511
9/10/2009,391.594
9/11/2009,392.002
9/14/2009,392.173
9/15/2009,393.565
9/16/2009,398.909
9/17/2009,399.702
9/18/2009,399.748
9/21/2009,398.2
9/22/2009,400.376
9/23/2009,398.57
9/24/2009,394.708
9/25/2009,392.229
9/28/2009,396.862
9/29/2009,396.876
9/30/2009,396.037
10/1/2009,387.726
10/2/2009,383.255
10/5/2009,386.625
10/6/2009,392.664
10/7/2009,394.001
10/8/2009,397.542
10/9/2009,398.977
10/12/2009,401.114
10/13/2009,399.521
10/14/2009,405.626
10/15/2009,406.466
10/16/2009,403.532
10/19/2009,407.63
10/20/2009,406.23
10/21/2009,404.558
10/22/2009,404.963
10/23/2009,402.153
10/26/2009,398.102
10/27/2009,396.106
10/28/2009,388.525
10/29/2009,394.183
10/30/2009,387.086
11/2/2009,387.916
11/3/2009,386.875
11/4/2009,389.492
11/5/2009,393.598
11/6/2009,394.714
11/9/2009,402.107
11/10/2009,402.002
11/11/2009,404.087
11/12/2009,401.772
11/13/2009,403.093
11/16/2009,407.994
11/17/2009,407.275
11/18/2009,407.084
11/19/2009,401.676
11/20/2009,400
11/23/2009,405.529
11/24/2009,403.867
11/25/2009,406.132
11/26/2009,401.305
11/27/2009,397.86
11/30/2009,398.966
12/1/2009,405.808
12/2/2009,406.667
12/3/2009,406.226
12/4/2009,407.772
12/7/2009,407.181
12/8/2009,402.995
12/9/2009,401.981
12/10/2009,403.79
12/11/2009,405.593
12/14/2009,408.168
12/15/2009,406.92
12/16/2009,409.243
12/17/2009,404.791
12/18/2009,405.005
12/21/2009,408.803
12/22/2009,411.383
12/23/2009,412.726
12/24/2009,414.853
12/25/2009,414.641
12/28/2009,415.676
12/29/2009,416.125
12/30/2009,414.845
12/31/2009,413.195
1/1/2010,413.19
1/4/2010,419.238
1/5/2010,420.523
1/6/2010,421.416
1/7/2010,421.915
1/8/2010,423.624
1/11/2010,424.102
1/12/2010,421.071
1/13/2010,422.098
1/14/2010,424.068
1/15/2010,420.503
1/18/2010,420.951
1/19/2010,423.651
1/20/2010,418.856
1/21/2010,413.363
1/22/2010,406.663
1/25/2010,406.141
1/26/2010,404.831
1/27/2010,403.797
1/28/2010,400.331
1/29/2010,398.368
2/1/2010,402.353
2/2/2010,407.152
2/3/2010,405.721
2/4/2010,395.351
2/5/2010,392.131
2/8/2010,390.789
2/9/2010,393.819
2/10/2010,394.369
2/11/2010,396.853
2/12/2010,396.528
2/15/2010,396.391
2/16/2010,401.761
2/17/2010,405.458
2/18/2010,407.603
2/19/2010,407.954
2/22/2010,408.651
2/23/2010,404.627
2/24/2010,406.088
2/25/2010,403.772
2/26/2010,406.016
3/1/2010,410.372
3/2/2010,412.64
3/3/2010,414.082
3/4/2010,414.345
3/5/2010,420.038
3/8/2010,421.281
3/9/2010,421.393
3/10/2010,423.458
3/11/2010,424.259
3/12/2010,424.889
3/15/2010,423.949
3/16/2010,426.918
3/17/2010,429.718
3/18/2010,428.667
3/19/2010,427.564
3/22/2010,428.275
3/23/2010,430.899
3/24/2010,429.705
3/25/2010,430.458
3/26/2010,431.027
3/29/2010,433.077
3/30/2010,433.319
3/31/2010,432.34
4/1/2010,436.205
4/2/2010,436.425
4/5/2010,438.525
4/6/2010,439.441
4/7/2010,437.911
4/8/2010,436.82
4/9/2010,440.378
4/12/2010,441.387
4/13/2010,440.608
4/14/2010,444.488
4/15/2010,445.528
4/16/2010,439.158
4/19/2010,438.302
4/20/2010,441.878
4/21/2010,441.219
4/22/2010,439.511
4/23/2010,442.365
4/26/2010,443.201
4/27/2010,434.109
4/28/2010,432.767
4/29/2010,437.222
4/30/2010,433.42
5/3/2010,436.227
5/4/2010,426.825
5/5/2010,423.331
5/6/2010,412.678
5/7/2010,404.127
5/10/2010,422.05
5/11/2010,419.816
5/12/2010,424.984
5/13/2010,423.704
5/14/2010,414.705
5/17/2010,413.378
5/18/2010,411.722
5/19/2010,407.055
5/20/2010,395.764
5/21/2010,397.709
5/24/2010,395.549
5/25/2010,391.295
5/26/2010,392.485
5/27/2010,403.415
5/28/2010,401.424
5/31/2010,401.478
6/1/2010,397.109
6/2/2010,402.278
6/3/2010,406.212
6/4/2010,396.133
6/7/2010,390.236
6/8/2010,391.524
6/9/2010,391.632
6/10/2010,400.008
6/11/2010,402.71
6/14/2010,404.465
6/15/2010,410.481
6/16/2010,411.361
6/17/2010,411.639
6/18/2010,412.025
6/21/2010,413.726
6/22/2010,408.478
6/23/2010,405.424
6/24/2010,399.521
6/25/2010,398.36
6/28/2010,398.483
6/29/2010,386.902
6/30/2010,384.647
7/1/2010,380.712
7/2/2010,380.209
7/5/2010,379.877
7/6/2010,384.787
7/7/2010,392.271
7/8/2010,397.061
7/9/2010,399.66
7/12/2010,400.141
7/13/2010,405.463
7/14/2010,406.554
7/15/2010,405.156
7/16/2010,396.284
7/19/2010,396.684
7/20/2010,398.536
7/21/2010,396.747
7/22/2010,403.814
7/23/2010,406.85
7/26/2010,410.302
7/27/2010,410.753
7/28/2010,409.909
7/29/2010,408.557
7/30/2010,407.154
8/2/2010,415.045
8/3/2010,414.794
8/4/2010,415.672
8/5/2010,415.654
8/6/2010,413.979
8/9/2010,416.8
8/10/2010,414.139
8/11/2010,403.713
8/12/2010,402.095
8/13/2010,401.693
8/16/2010,401.458
8/17/2010,405.975
8/18/2010,406.324
8/19/2010,401.419
8/20/2010,398.733
8/23/2010,398.368
8/24/2010,392.875
8/25/2010,391.91
8/26/2010,391.696
8/27/2010,396.702
8/30/2010,394.534
8/31/2010,393.441
9/1/2010,403.542
9/2/2010,406.252
9/3/2010,410.335
9/6/2010,411.737
9/7/2010,408.198
9/8/2010,409.294
9/9/2010,412.016
9/10/2010,413.54
9/13/2010,417.683
9/14/2010,417.63
9/15/2010,418.818
9/16/2010,417.993
9/17/2010,418.082
9/20/2010,423.22
9/21/2010,422.141
9/22/2010,419.975
9/23/2010,417.73
9/24/2010,423.589
9/27/2010,422.66
9/28/2010,423.818
9/29/2010,423.265
9/30/2010,421.239
10/1/2010,422.207
10/4/2010,419.36
10/5/2010,426.304
10/6/2010,428.111
10/7/2010,427.79
10/8/2010,428.818
10/11/2010,429.389
10/12/2010,428.834
10/13/2010,432.772
10/14/2010,432.69
10/15/2010,432.505
10/18/2010,434.534
10/19/2010,430.576
10/20/2010,432.865
10/21/2010,434.101
10/22/2010,434.573
10/25/2010,435.59
10/26/2010,434.539
10/27/2010,432.603
10/28/2010,433.386
10/29/2010,433.172
11/1/2010,433.42
11/2/2010,436.16
11/3/2010,436.439
11/4/2010,444.071
11/5/2010,446.031
11/8/2010,446.024
11/9/2010,444.67
11/10/2010,444.787
11/11/2010,443.688
11/12/2010,439.755
11/15/2010,440.619
11/16/2010,433.999
11/17/2010,434.579
11/18/2010,441.214
11/19/2010,441.534
11/22/2010,440.277
11/23/2010,434.014
11/24/2010,438.26
11/25/2010,439.247
11/26/2010,436.671
11/29/2010,434.533
11/30/2010,431.823
12/1/2010,440.097
12/2/2010,446.242
12/3/2010,446.919
12/6/2010,446.787
12/7/2010,448.005
12/8/2010,449.005
12/9/2010,450.622
12/10/2010,451.993
12/13/2010,453.532
12/14/2010,454.379
12/15/2010,452.468
12/16/2010,453.919
12/17/2010,453.645
12/20/2010,454.275
12/21/2010,458.057
12/22/2010,459.053
12/23/2010,458.849
12/24/2010,458.65
12/27/2010,458.17
12/28/2010,458.272
12/29/2010,459.378
12/30/2010,457.435
12/31/2010,456.428
1/3/2011,460.42
1/4/2011,461.622
1/5/2011,462.575
1/6/2011,462.704
1/7/2011,461.544
1/10/2011,459.907
1/11/2011,462.791
1/12/2011,467.031
1/13/2011,467.264
1/14/2011,468.588
1/17/2011,467.986
1/18/2011,470.426
1/19/2011,466.835
1/20/2011,464.119
1/21/2011,464.731
1/24/2011,467.241
1/25/2011,467.29
1/26/2011,469.487
1/27/2011,470.546
1/28/2011,464.398
1/31/2011,465.263
2/1/2011,471.588
2/2/2011,472.402
2/3/2011,472.774
2/4/2011,474.21
2/7/2011,476.967
2/8/2011,478.933
2/9/2011,477.689
2/10/2011,477.478
2/11/2011,479.187
2/14/2011,481.039
2/15/2011,480.3
2/16/2011,483.352
2/17/2011,484.612
2/18/2011,485.119
2/21/2011,483.224
2/22/2011,476.017
2/23/2011,472.498
2/24/2011,470.897
2/25/2011,476.162
2/28/2011,478.807
3/1/2011,474.836
3/2/2011,473.181
3/3/2011,478.765
3/4/2011,477.158
3/7/2011,473.463
3/8/2011,475.783
3/9/2011,474.893
3/10/2011,467.497
3/11/2011,467.069
3/14/2011,460.798
3/15/2011,450.761
3/16/2011,446.903
3/17/2011,451.765
3/18/2011,454.734
3/21/2011,461.07
3/22/2011,461.664
3/23/2011,462.957
3/24/2011,466.719
3/25/2011,468.23
3/28/2011,467.446
3/29/2011,469.523
3/30/2011,473.633
3/31/2011,472.551
4/1/2011,475.846
4/4/2011,476.355
4/5/2011,475.771
4/6/2011,476.767
4/7/2011,475.699
4/8/2011,476.49
4/11/2011,475.067
4/12/2011,469.733
4/13/2011,471.29
4/14/2011,470.107
4/15/2011,471.01
4/18/2011,465.1
4/19/2011,466.501
4/20/2011,473.737
4/21/2011,476.068
4/22/2011,476.088
4/25/2011,475.441
4/26/2011,478.091
4/27/2011,480.281
4/28/2011,482.443
4/29/2011,483.316
5/2/2011,483.864
5/3/2011,481.897
5/4/2011,477.903
5/5/2011,474.7
5/6/2011,476.805
5/9/2011,476.847
5/10/2011,480.377
5/11/2011,477.793
5/12/2011,477.293
5/13/2011,474.773
5/16/2011,472.352
5/17/2011,470.948
5/18/2011,474.802
5/19/2011,476.271
5/20/2011,473.499
5/23/2011,467.118
5/24/2011,467.177
5/25/2011,468.557
5/26/2011,470.067
5/27/2011,472.076
5/30/2011,471.896
5/31/2011,477.066
6/1/2011,469.985
6/2/2011,466.954
6/3/2011,463.881
6/6/2011,459.944
6/7/2011,459.904
6/8/2011,457.138
6/9/2011,459.978
6/10/2011,454.617
6/13/2011,454.193
6/14/2011,459.392
6/15/2011,453.415
6/16/2011,451.631
6/17/2011,452.451
6/20/2011,452.709
6/21/2011,459.239
6/22/2011,458.055
6/23/2011,454.545
6/24/2011,452.304
6/27/2011,454.133
6/28/2011,458.634
6/29/2011,464.121
6/30/2011,469.329
7/1/2011,473.953
7/4/2011,475.211
7/5/2011,474.691
7/6/2011,474.463
7/7/2011,477.705
7/8/2011,474.676
7/11/2011,466.684
7/12/2011,463.572
7/13/2011,465.697
7/14/2011,462.366
7/15/2011,463.342
7/18/2011,458.821
7/19/2011,463.75
7/20/2011,466.253
7/21/2011,471.231
7/22/2011,473.03
7/25/2011,470.184
7/26/2011,469.129
7/27/2011,461.461
7/28/2011,459.687
7/29/2011,456.279
8/1/2011,454.169
8/2/2011,444.525
8/3/2011,441.843
8/4/2011,425.663
8/5/2011,420.286
8/8/2011,399.06
8/9/2011,409.969
8/10/2011,397.436
8/11/2011,410.413
8/12/2011,415.705
8/15/2011,422.371
8/16/2011,419.808
8/17/2011,420.232
8/18/2011,403.543
8/19/2011,396.504
8/22/2011,397.316
8/23/2011,406.283
8/24/2011,410.42
8/25/2011,406.71
8/26/2011,409.639
8/29/2011,417.881
8/30/2011,420.494
8/31/2011,425.319
9/1/2011,423.403
9/2/2011,413.51
9/5/2011,407.212
9/6/2011,405.199
9/7/2011,416.475
9/8/2011,414.931
9/9/2011,405.325
9/12/2011,401.871
9/13/2011,405.687
9/14/2011,409.752
9/15/2011,416.88
9/16/2011,419.432
9/19/2011,414.239
9/20/2011,415.289
9/21/2011,407.546
9/22/2011,393.957
9/23/2011,395.293
9/26/2011,400.729
9/27/2011,409.509
9/28/2011,404.206
9/29/2011,406.977
9/30/2011,399.986
10/3/2011,390.42
10/4/2011,391.161
10/5/2011,398.499
10/6/2011,407.888
10/7/2011,407.105
10/10/2011,416.706
10/11/2011,418.127
10/12/2011,422.471
10/13/2011,420.822
10/14/2011,425.704
10/17/2011,420.849
10/18/2011,423.836
10/19/2011,421.517
10/20/2011,419.852
10/21/2011,427.107
10/24/2011,433.313
10/25/2011,427.334
10/26/2011,429.838
10/27/2011,444.818
10/28/2011,445.495
10/31/2011,434.653
11/1/2011,423.028
11/2/2011,427.136
11/3/2011,433.697
11/4/2011,432.434
11/7/2011,433.381
11/8/2011,436.568
11/9/2011,426.11
11/10/2011,425.947
11/11/2011,433.353
11/14/2011,430.722
11/15/2011,430.707
11/16/2011,426.544
11/17/2011,420.973
11/18/2011,419.107
11/21/2011,411.237
11/22/2011,409.611
11/23/2011,402.732
11/24/2011,401.652
11/25/2011,401.679
11/28/2011,412.882
11/29/2011,415.037
11/30/2011,429.152
12/1/2011,429.353
12/2/2011,430.921
12/5/2011,434.584
12/6/2011,433.454
12/7/2011,434.463
12/8/2011,426.856
12/9/2011,431.392
12/12/2011,425.907
12/13/2011,423.554
12/14/2011,418.001
12/15/2011,418.605
12/16/2011,419.204
12/19/2011,415.503
12/20/2011,424.421
12/21/2011,425.109
12/22/2011,428.235
12/23/2011,431.63
12/26/2011,431.848
12/27/2011,431.751
12/28/2011,427.513
12/29/2011,431.231
12/30/2011,431.521
1/2/2012,432.787
1/3/2012,438.968
1/4/2012,439.193
1/5/2012,438.272
1/6/2012,437.07
1/9/2012,437.022
1/10/2012,441.799
1/11/2012,441.685
1/12/2012,442.167
1/13/2012,440.955
1/16/2012,440.955
1/17/2012,443.675
1/18/2012,446.928
1/19/2012,450.182
1/20/2012,450.919
1/23/2012,452.197
1/24/2012,451.172
1/25/2012,453.868
1/26/2012,454.111
1/27/2012,452.472
1/30/2012,449.867
1/31/2012,450.275
2/1/2012,455.108
2/2/2012,456.23
2/3/2012,461.691
2/6/2012,461.982
2/7/2012,462.56
2/8/2012,463.796
2/9/2012,464.744
2/10/2012,460.942
2/13/2012,463.885
2/14/2012,463.488
2/15/2012,464.075
2/16/2012,466.485
2/17/2012,468.632
2/20/2012,470.742
2/21/2012,470.632
2/22/2012,469.666
2/23/2012,470.88
2/24/2012,472.074
2/27/2012,471.707
2/28/2012,473.217
2/29/2012,471.479
3/1/2012,474.017
3/2/2012,473.399
3/5/2012,471.102
3/6/2012,462.687
3/7/2012,464.898
3/8/2012,470.717
3/9/2012,472.996
3/12/2012,472.597
3/13/2012,479.404
3/14/2012,480.048
3/15/2012,482.526
3/16/2012,483.607
3/19/2012,484.603
3/20/2012,482.148
3/21/2012,480.873
3/22/2012,477.808
3/23/2012,478.372
3/26/2012,483.192
3/27/2012,483.01
3/28/2012,480.639
3/29/2012,477.797
3/30/2012,479.689
4/2/2012,483.851
4/3/2012,481.129
4/4/2012,474.192
4/5/2012,473.844
4/6/2012,473.453
4/9/2012,469.75
4/10/2012,462.083
4/11/2012,464.293
4/12/2012,469.89
4/13/2012,465.036
4/16/2012,464.616
4/17/2012,471.058
4/18/2012,470.094
4/19/2012,467.943
4/20/2012,468.823
4/23/2012,463.112
4/24/2012,465.096
4/25/2012,470.482
4/26/2012,472.487
4/27/2012,473.798
4/30/2012,472.216
5/1/2012,473.607
5/2/2012,472.363
5/3/2012,469.948
5/4/2012,463.433
5/7/2012,462.416
5/8/2012,459.339
5/9/2012,456.57
5/10/2012,458.025
5/11/2012,457.335
5/14/2012,451.725
5/15/2012,448.799
5/16/2012,446.364
5/17/2012,441.897
5/18/2012,437.16
5/21/2012,441.842
5/22/2012,445.112
5/23/2012,442.061
5/24/2012,443.657
5/25/2012,443.351
5/28/2012,443.312
5/29/2012,447.5
5/30/2012,441.678
5/31/2012,440.875
6/1/2012,431.859
6/4/2012,430.259
6/5/2012,433.275
6/6/2012,442.306
6/7/2012,444.255
6/8/2012,444.808
6/11/2012,442.258
6/12/2012,445.492
6/13/2012,443.824
6/14/2012,445.938
6/15/2012,449.746
6/18/2012,451.283
6/19/2012,456.033
6/20/2012,457.013
6/21/2012,449.96
6/22/2012,450.502
6/25/2012,444.125
6/26/2012,444.718
6/27/2012,449.263
6/28/2012,448.943
6/29/2012,459.851
7/2/2012,462.01
7/3/2012,466.101
7/4/2012,466.415
7/5/2012,464.476
7/6/2012,460.211
7/9/2012,458.367
7/10/2012,456.587
7/11/2012,456.502
7/12/2012,453.233
7/13/2012,458.804
7/16/2012,458.35
7/17/2012,460.127
7/18/2012,463.048
7/19/2012,465.742
7/20/2012,460.418
7/23/2012,454.143
7/24/2012,450.814
7/25/2012,450.375
7/26/2012,458.01
7/27/2012,465.889
7/30/2012,467.646
7/31/2012,465.945
8/1/2012,465.421
8/2/2012,461.732
8/3/2012,469.533
8/6/2012,471.873
8/7/2012,475.116
8/8/2012,475.372
8/9/2012,476.505
8/10/2012,476.257
8/13/2012,475.522
8/14/2012,476.503
8/15/2012,476.594
8/16/2012,480.233
8/17/2012,482.046
8/20/2012,481.48
8/21/2012,481.641
8/22/2012,479.851
8/23/2012,477.368
8/24/2012,478.502
8/27/2012,478.819
8/28/2012,477.431
8/29/2012,477.664
8/30/2012,473.833
8/31/2012,475.31
9/3/2012,476.261
9/4/2012,474.23
9/5/2012,473.7
9/6/2012,482.519
9/7/2012,485.802
9/10/2012,483.954
9/11/2012,484.982
9/12/2012,486.624
9/13/2012,491.096
9/14/2012,496.068
9/17/2012,494.611
9/18/2012,493.211
9/19/2012,494.669
9/20/2012,492.918
9/21/2012,493.734
9/24/2012,492.076
9/25/2012,489.815
9/26/2012,485.111
9/27/2012,488.578
9/28/2012,485.565
10/1/2012,488.149
10/2/2012,488.506
10/3/2012,489.347
10/4/2012,491.891
10/5/2012,493.542
10/8/2012,491.352
10/9/2012,487.205
10/10/2012,484.09
10/11/2012,485.158
10/12/2012,483.826
10/15/2012,486.867
10/16/2012,492.483
10/17/2012,495.133
10/18/2012,495.549
10/19/2012,490.227
10/22/2012,489.785
10/23/2012,483.143
10/24/2012,482.354
10/25/2012,483.755
10/26/2012,482.903
10/29/2012,482.284
10/30/2012,483.335
10/31/2012,483.309
11/1/2012,487.695
11/2/2012,486.081
11/5/2012,485.617
11/6/2012,488.403
11/7/2012,480.411
11/8/2012,476.099
11/9/2012,476.224
11/12/2012,475.586
11/13/2012,474.692
11/14/2012,469.913
11/15/2012,468.742
11/16/2012,469.372
11/19/2012,478.259
11/20/2012,478.951
11/21/2012,480.263
11/22/2012,482.074
11/23/2012,486.442
11/26/2012,485.441
11/27/2012,484.552
11/28/2012,486.324
11/29/2012,489.944
11/30/2012,490.31
12/3/2012,489.204
12/4/2012,488.647
12/5/2012,489.699
12/6/2012,491.511
12/7/2012,492.717
12/10/2012,492.987
12/11/2012,495.423
12/12/2012,496.232
12/13/2012,494.473
12/14/2012,493.647
12/17/2012,496.757
12/18/2012,501.067
12/19/2012,501.314
12/20/2012,502.708
12/21/2012,499.466
12/24/2012,498.917
12/25/2012,499.18
12/26/2012,498.389
12/27/2012,498.645
12/28/2012,495.149
12/31/2012,499.567
1/1/2013,499.585
1/2/2013,509.781
1/3/2013,509.855
1/4/2013,513.445
1/7/2013,511.544
1/8/2013,509.998
1/9/2013,512.382
1/10/2013,515.212
1/11/2013,516.092
1/14/2013,515.721
1/15/2013,516.649
1/16/2013,515.839
1/17/2013,518.823
1/18/2013,520.839
1/21/2013,521.192
1/22/2013,522.022
1/23/2013,522.05
1/24/2013,523.872
1/25/2013,527.256
1/28/2013,526.698
1/29/2013,529.004
1/30/2013,528.009
1/31/2013,526.276
2/1/2013,530.671
2/4/2013,525.158
2/5/2013,528.046
2/6/2013,529.458
2/7/2013,527.891
2/8/2013,530.534
2/11/2013,529.905
2/12/2013,532.032
2/13/2013,532.876
2/14/2013,532.451
2/15/2013,531.323
2/18/2013,532.293
2/19/2013,536.417
2/20/2013,533.41
2/21/2013,527.754
2/22/2013,532.051
2/25/2013,528.556
2/26/2013,526.721
2/27/2013,531.458
2/28/2013,534.022
3/1/2013,534.666
3/4/2013,535.558
3/5/2013,540.987
3/6/2013,542.393
3/7/2013,543.456
3/8/2013,546.817
3/11/2013,548.9
3/12/2013,548.029
3/13/2013,547.423
3/14/2013,550.639
3/15/2013,550.613
3/18/2013,546.327
3/19/2013,545.314
3/20/2013,548.12
3/21/2013,544.882
3/22/2013,546.054
3/25/2013,544.765
3/26/2013,547.061
3/27/2013,546.934
3/28/2013,548.233
3/29/2013,548.192
4/1/2013,545.219
4/2/2013,548.365
4/3/2013,544.135
4/4/2013,544.803
4/5/2013,542.344
4/8/2013,546.327
4/9/2013,548.329
4/10/2013,555.544
4/11/2013,558.914
4/12/2013,556.67
4/15/2013,547.363
4/16/2013,550.115
4/17/2013,544.266
4/18/2013,541.418
4/19/2013,545.416
4/22/2013,547.92
4/23/2013,554.552
4/24/2013,557.7
4/25/2013,560.053
4/26/2013,558.285
4/29/2013,561.99
4/30/2013,563.422
5/1/2013,559.969
5/2/2013,562.696
5/3/2013,567.517
5/6/2013,568.309
5/7/2013,572.277
5/8/2013,575.702
5/9/2013,573.957
5/10/2013,577.541
5/13/2013,578.266
5/14/2013,582.403
5/15/2013,585.765
5/16/2013,583.718
5/17/2013,587.977
5/20/2013,589.365
5/21/2013,590.617
5/22/2013,588.997
5/23/2013,580.17
5/24/2013,579.229
5/27/2013,578.14
5/28/2013,582.891
5/29/2013,578.075
5/30/2013,577.668
5/31/2013,571.351
6/3/2013,569.612
6/4/2013,570.001
6/5/2013,560.693
6/6/2013,560.372
6/7/2013,565.428
6/10/2013,567.908
6/11/2013,562.024
6/12/2013,558.138
6/13/2013,560.018
6/14/2013,559.607
6/17/2013,564.923
6/18/2013,568.106
6/19/2013,564.02
6/20/2013,549.724
6/21/2013,549.229
6/24/2013,541.838
6/25/2013,546.557
6/26/2013,552.021
6/27/2013,557.459
6/28/2013,557.424
7/1/2013,561.156
7/2/2013,562.158
7/3/2013,560.444
7/4/2013,564.362
7/5/2013,566.851
7/8/2013,569.786
7/9/2013,574.921
7/10/2013,575.295
7/11/2013,581.514
7/12/2013,582.499
7/15/2013,583.861
7/16/2013,582.21
7/17/2013,583.819
7/18/2013,587.328
7/19/2013,587.369
7/22/2013,588.63
7/23/2013,588.234
7/24/2013,587.94
7/25/2013,587.567
7/26/2013,585.68
7/29/2013,582.919
7/30/2013,584.295
7/31/2013,583.844
8/1/2013,591.561
8/2/2013,594.128
8/5/2013,592.958
8/6/2013,590.488
8/7/2013,586.258
8/8/2013,588.126
8/9/2013,588.015
8/12/2013,587.829
8/13/2013,590.867
8/14/2013,590.282
8/15/2013,583.202
8/16/2013,582.187
8/19/2013,579.359
8/20/2013,578.286
8/21/2013,575.172
8/22/2013,579.621
8/23/2013,583.164
8/26/2013,581.918
8/27/2013,573.522
8/28/2013,572.576
8/29/2013,574.658
8/30/2013,571.748
9/2/2013,575.204
9/3/2013,577.573
9/4/2013,580.494
9/5/2013,582.332
9/6/2013,582.657
9/9/2013,587.076
9/10/2013,592.342
9/11/2013,594.021
9/12/2013,592.448
9/13/2013,593.304
9/16/2013,596.664
9/17/2013,597.314
9/18/2013,602.465
9/19/2013,604.802
9/20/2013,601.902
9/23/2013,599.249
9/24/2013,598.731
9/25/2013,597.789
9/26/2013,599.956
9/27/2013,598.069
9/30/2013,593.242
10/1/2013,597.068
10/2/2013,595.179
10/3/2013,591.862
10/4/2013,594.055
10/7/2013,589.96
10/8/2013,584.578
10/9/2013,585.001
10/10/2013,595.503
10/11/2013,599.709
10/14/2013,601.085
10/15/2013,600.416
10/16/2013,605.454
10/17/2013,608.493
10/18/2013,612.507
10/21/2013,613.559
10/22/2013,616.747
10/23/2013,613.273
10/24/2013,615.772
10/25/2013,615.883
10/28/2013,617.216
10/29/2013,619.65
10/30/2013,618.657
10/31/2013,616.618
11/1/2013,616.6
11/4/2013,618.231
11/5/2013,616.601
11/6/2013,619.411
11/7/2013,613.863
11/8/2013,617.846
11/11/2013,619.289
11/12/2013,618.779
11/13/2013,620.142
11/14/2013,624.006
11/15/2013,627.223
11/18/2013,626.907
11/19/2013,624.655
11/20/2013,622.857
11/21/2013,626.08
11/22/2013,628.323
11/25/2013,629.166
11/26/2013,627.836
11/27/2013,629.162
11/28/2013,630.315
11/29/2013,629.828
12/2/2013,628.159
12/3/2013,624.296
12/4/2013,622.012
12/5/2013,618.526
12/6/2013,623.69
12/9/2013,625.528
12/10/2013,623.306
12/11/2013,617.902
12/12/2013,614.762
12/13/2013,614.666
12/16/2013,618.291
12/17/2013,616.629
12/18/2013,624.327
12/19/2013,627.875
12/20/2013,630.822
12/23/2013,634.356
12/24/2013,635.862
12/25/2013,635.889
12/26/2013,638.427
12/27/2013,640.763
12/30/2013,640.971
12/31/2013,642.89
1/1/2014,642.898
1/2/2014,638.444
1/3/2014,638.718
1/6/2014,636.949
1/7/2014,640.247
1/8/2014,641.314
1/9/2014,640.191
1/10/2014,642.288
1/13/2014,638.267
1/14/2014,640.507
1/15/2014,645.679
1/16/2014,645.431
1/17/2014,644.761
1/20/2014,644.651
1/21/2014,645.762
1/22/2014,646.087
1/23/2014,640.533
1/24/2014,627.716
1/27/2014,622.341
1/28/2014,625.29
1/29/2014,622.31
1/30/2014,625.084
1/31/2014,622.043
2/3/2014,610.956
2/4/2014,610.355
2/5/2014,611.07
2/6/2014,618.606
2/7/2014,625.748
2/10/2014,627.44
2/11/2014,633.717
2/12/2014,635.526
2/13/2014,636.779
2/14/2014,638.727
2/17/2014,640.034
2/18/2014,642.677
2/19/2014,640.708
2/20/2014,641.977
2/21/2014,643.519
2/24/2014,646.778
2/25/2014,646.806
2/26/2014,646.087
2/27/2014,647.331
2/28/2014,648.393
3/3/2014,640.903
3/4/2014,650.51
3/5/2014,650.816
3/6/2014,652.827
3/7/2014,651.102
3/10/2014,649.633
3/11/2014,647.963
3/12/2014,645.354
3/13/2014,638.847
3/14/2014,634.72
3/17/2014,639.508
3/18/2014,644.217
3/19/2014,641.639
3/20/2014,642.567
3/21/2014,642.097
3/24/2014,639.156
3/25/2014,642.874
3/26/2014,641.912
3/27/2014,641.715
3/28/2014,645.448
3/31/2014,649.566
4/1/2014,653.741
4/2/2014,655.678
4/3/2014,655.624
4/4/2014,652.007
4/7/2014,644.727
4/8/2014,644.774
4/9/2014,648.815
4/10/2014,640.533
4/11/2014,634.011
4/14/2014,637.12
4/15/2014,638.1
4/16/2014,645.582
4/17/2014,647.264
4/18/2014,647.567
4/21/2014,648.829
4/22/2014,652.627
4/23/2014,651.577
4/24/2014,652.295
4/25/2014,647.993
4/28/2014,648.989
4/29/2014,652.785
4/30/2014,654.255
5/1/2014,655.242
5/2/2014,654.908
5/5/2014,655.194
5/6/2014,651.125
5/7/2014,651.921
5/8/2014,653.387
5/9/2014,653.789
5/12/2014,658.537
5/13/2014,660.393
5/14/2014,659.445
5/15/2014,654.463
5/16/2014,655.015
5/19/2014,655.722
5/20/2014,653.234
5/21/2014,657.112
5/22/2014,659.519
5/23/2014,662.074
5/26/2014,663.851
5/27/2014,666.274
5/28/2014,666.129
5/29/2014,668.388
5/30/2014,668.865
6/2/2014,670.637
6/3/2014,670.234
6/4/2014,671.106
6/5/2014,673.969
6/6/2014,677.113
6/9/2014,678.079
6/10/2014,678.25
6/11/2014,676.326
6/12/2014,673.62
6/13/2014,674.296
6/16/2014,673.559
6/17/2014,674.909
6/18/2014,678.383
6/19/2014,681.21
6/20/2014,681.645
6/23/2014,680.708
6/24/2014,677.81
6/25/2014,677.411
6/26/2014,677.311
6/27/2014,678.002
6/30/2014,678.026
7/1/2014,682.508
7/2/2014,683.766
7/3/2014,687.558
7/4/2014,687.386
7/7/2014,683.972
7/8/2014,678.563
7/9/2014,679.964
7/10/2014,675.749
7/11/2014,676.59
7/14/2014,680.837
7/15/2014,679.216
7/16/2014,683.484
7/17/2014,677.345
7/18/2014,680.962
7/21/2014,679.247
7/22/2014,683.936
7/23/2014,685.206
7/24/2014,686.468
7/25/2014,683.775
7/28/2014,683.676
7/29/2014,682.954
7/30/2014,682.642
7/31/2014,672.702
8/1/2014,668.766
8/4/2014,670.648
8/5/2014,666.665
8/6/2014,664.77
8/7/2014,661.497
8/8/2014,663.366
8/11/2014,668.032
8/12/2014,667.401
8/13/2014,671.489
8/14/2014,674.162
8/15/2014,673.593
8/18/2014,678.828
8/19/2014,682.929
8/20/2014,683.993
8/21/2014,686.83
8/22/2014,685.326
8/25/2014,689.176
8/26/2014,690.687
8/27/2014,691.086
8/28/2014,688.658
8/29/2014,690.4
9/1/2014,690.882
9/2/2014,691.808
9/3/2014,693.558
9/4/2014,693.827
9/5/2014,695.012
9/8/2014,693.72
9/9/2014,690.842
9/10/2014,692.119
9/11/2014,692.498
9/12/2014,690.208
9/15/2014,689.096
9/16/2014,691.243
9/17/2014,691.789
9/18/2014,695.408
9/19/2014,695.773
9/22/2014,690.809
9/23/2014,686.408
9/24/2014,690.034
9/25/2014,682.569
9/26/2014,686.207
9/29/2014,684.295
9/30/2014,683.477
10/1/2014,676.216
10/2/2014,670.702
10/3/2014,676.854
10/6/2014,677.318
10/7/2014,668.396
10/8/2014,673.078
10/9/2014,663.617
10/10/2014,654.826
10/13/2014,648.567
10/14/2014,648.052
10/15/2014,640.532
10/16/2014,638.857
10/17/2014,647.398
10/20/2014,652.325
10/21/2014,662.619
10/22/2014,662.213
10/23/2014,668.359
10/24/2014,671.063
10/27/2014,669.927
10/28/2014,676.573
10/29/2014,677.024
10/30/2014,680.733
10/31/2014,691.249
11/3/2014,689.372
11/4/2014,687.901
11/5/2014,692.979
11/6/2014,694.472
11/7/2014,694.744
11/10/2014,697.159
11/11/2014,698.803
11/12/2014,697.254
11/13/2014,698.583
11/14/2014,699.542
11/17/2014,698.872
11/18/2014,703.638
11/19/2014,702.977
11/20/2014,703.302
11/21/2014,708.778
11/24/2014,710.331
11/25/2014,710.862
11/26/2014,712.162
11/27/2014,711.88
11/28/2014,710.758
12/1/2014,706.417
12/2/2014,710.515
12/3/2014,712.904
12/4/2014,710.698
12/5/2014,714.383
12/8/2014,709.34
12/9/2014,704.863
12/10/2014,695.52
12/11/2014,696.785
12/12/2014,685.862
12/15/2014,678.55
12/16/2014,677.121
12/17/2014,685.746
12/18/2014,701.402
12/19/2014,706.186
12/22/2014,709.274
12/23/2014,711.183
12/24/2014,711.776
12/25/2014,711.596
12/26/2014,713.278
12/29/2014,714.316
12/30/2014,709.186
12/31/2014,705.343
1/1/2015,705.345
1/2/2015,705.426
1/5/2015,693.019
1/6/2015,685.995
1/7/2015,691.58
1/8/2015,704.656
1/9/2015,699.215
1/12/2015,696.715
1/13/2015,697.458
1/14/2015,691.225
1/15/2015,688.472
1/16/2015,693.342
1/19/2015,695.621
1/20/2015,698.252
1/21/2015,701.9
1/22/2015,710.46
1/23/2015,711.587
1/26/2015,714.549
1/27/2015,709.478
1/28/2015,703.683
1/29/2015,707.275
1/30/2015,701.127
2/2/2015,707.378
2/3/2015,715.162
2/4/2015,715.067
2/5/2015,719.525
2/6/2015,718.476
2/9/2015,715.702
2/10/2015,721.129
2/11/2015,720.723
2/12/2015,727.36
2/13/2015,731.18
2/16/2015,731.44
2/17/2015,732.69
2/18/2015,734.781
2/19/2015,735.679
2/20/2015,738.857
2/23/2015,740.077
2/24/2015,742.323
2/25/2015,742.188
2/26/2015,743.187
2/27/2015,742.442
3/2/2015,745.372
3/3/2015,741.602
3/4/2015,740.065
3/5/2015,742.633
3/6/2015,736.989
3/9/2015,737.165
3/10/2015,726.871
3/11/2015,728.704
3/12/2015,735.387
3/13/2015,733.653
3/16/2015,741.431
3/17/2015,740.07
3/18/2015,746.906
3/19/2015,745.702
3/20/2015,751.833
3/23/2015,750.999
3/24/2015,748.882
3/25/2015,741.072
3/26/2015,737.127
3/27/2015,738.211
3/30/2015,745.56
3/31/2015,739.27
4/1/2015,737.883
4/2/2015,741.302
4/3/2015,741.692
4/6/2015,744.509
4/7/2015,747.774
4/8/2015,749.195
4/9/2015,753.966
4/10/2015,758.11
4/13/2015,755.995
4/14/2015,756.042
4/15/2015,758.806
4/16/2015,757.391
4/17/2015,748.682
4/20/2015,753.707
4/21/2015,755.281
4/22/2015,757.54
4/23/2015,758.635
4/24/2015,760.289
4/27/2015,760.454
4/28/2015,759.076
4/29/2015,753.105
4/30/2015,746.917
5/1/2015,751.699
5/4/2015,753.983
5/5/2015,745.416
5/6/2015,742.4
5/7/2015,743.227
5/8/2015,753.838
5/11/2015,751.939
5/12/2015,748.45
5/13/2015,748.397
5/14/2015,753.894
5/15/2015,755.097
5/18/2015,757.94
5/19/2015,760.332
5/20/2015,760.851
5/21/2015,763.102
5/22/2015,762.295
5/25/2015,762.435
5/26/2015,756.171
5/27/2015,762.605
5/28/2015,761.893
5/29/2015,756.38
6/1/2015,757.415
6/2/2015,755.41
6/3/2015,757.174
6/4/2015,751.281
6/5/2015,748.321
6/8/2015,743.352
6/9/2015,741.462
6/10/2015,749.275
6/11/2015,752.347
6/12/2015,747.195
6/15/2015,742.277
6/16/2015,744.836
6/17/2015,744.456
6/18/2015,748.346
6/19/2015,746.97
6/22/2015,755.756
6/23/2015,759.191
6/24/2015,755.422
6/25/2015,753.055
6/26/2015,751.884
6/29/2015,734.392
6/30/2015,733.859
7/1/2015,740.323
7/2/2015,740.738
7/3/2015,739.741
7/6/2015,733.677
7/7/2015,734.277
7/8/2015,725.043
7/9/2015,729.693
7/10/2015,739.499
7/13/2015,748.287
7/14/2015,752.475
7/15/2015,753.05
7/16/2015,759.579
7/17/2015,759.761
7/20/2015,760.664
7/21/2015,757.652
7/22/2015,753.702
7/23/2015,751.685
7/24/2015,744.779
7/27/2015,737.762
7/28/2015,744.421
7/29/2015,749.868
7/30/2015,751.43
7/31/2015,752.152
8/3/2015,751.606
8/4/2015,750.622
8/5/2015,754.354
8/6/2015,750.117
8/7/2015,747.313
8/10/2015,755.032
8/11/2015,747.691
8/12/2015,741.729
8/13/2015,743.047
8/14/2015,744.036
8/17/2015,746.868
8/18/2015,745.13
8/19/2015,737.183
8/20/2015,722.891
8/21/2015,701.294
8/24/2015,670.331
8/25/2015,670.945
8/26/2015,685.402
8/27/2015,703.372
8/28/2015,706.678
8/31/2015,702.051
9/1/2015,681.838
9/2/2015,689.23
9/3/2015,693.59
9/4/2015,681.885
9/7/2015,682.69
9/8/2015,694.212
9/9/2015,695.289
9/10/2015,693.45
9/11/2015,693.67
9/14/2015,690.096
9/15/2015,696.549
9/16/2015,703.871
9/17/2015,703.666
9/18/2015,692.321
9/21/2015,694.746
9/22/2015,683.875
9/23/2015,683.024
9/24/2015,676.982
9/25/2015,682.389
9/28/2015,667.443
9/29/2015,663.345
9/30/2015,677.194
10/1/2015,678.986
10/2/2015,686.179
10/5/2015,700.061
10/6/2015,700.59
10/7/2015,705.509
10/8/2015,709.554
10/9/2015,712.779
10/12/2015,712.528
10/13/2015,707.419
10/14/2015,702.411
10/15/2015,711.779
10/16/2015,715.744
10/19/2015,715.122
10/20/2015,713.984
10/21/2015,712.434
10/22/2015,721.875
10/23/2015,731.073
10/26/2015,730.146
10/27/2015,726.614
10/28/2015,734.276
10/29/2015,732.782
10/30/2015,730.572
11/2/2015,734.717
11/3/2015,736.933
11/4/2015,736.805
11/5/2015,736.275
11/6/2015,736.963
11/9/2015,731.368
11/10/2015,731.509
11/11/2015,731.198
11/12/2015,722.32
11/13/2015,715.341
11/16/2015,721.371
11/17/2015,725.89
11/18/2015,732.893
11/19/2015,734.702
11/20/2015,736.632
11/23/2015,735.435
11/24/2015,734.243
11/25/2015,735.968
11/26/2015,738.036
11/27/2015,737.509
11/30/2015,735.267
12/1/2015,741.454
12/2/2015,736.469
12/3/2015,725.101
12/4/2015,731.305
12/7/2015,728.867
12/8/2015,722.109
12/9/2015,717.175
12/10/2015,716.913
12/11/2015,704.946
12/14/2015,702.416
12/15/2015,710.89
12/16/2015,720.51
12/17/2015,717.269
12/18/2015,706.927
12/21/2015,708.413
12/22/2015,712.637
12/23/2015,722.639
12/24/2015,722.038
12/25/2015,721.741
12/28/2015,720.709
12/29/2015,728.522
12/30/2015,724.458
12/31/2015,719.527
1/1/2016,719.54
1/4/2016,706.518
1/5/2016,707.616
1/6/2016,698.807
1/7/2016,683.195
1/8/2016,676.113
1/11/2016,674.889
1/12/2016,678.059
1/13/2016,670.324
1/14/2016,672.851
1/15/2016,659.611
1/18/2016,657.95
1/19/2016,661.031
1/20/2016,648.078
1/21/2016,651.622
1/22/2016,667.877
1/25/2016,661.671
1/26/2016,667.32
1/27/2016,665.591
1/28/2016,664.878
1/29/2016,680.998
2/1/2016,681.405
2/2/2016,669.27
2/3/2016,666.322
2/4/2016,667.647
2/5/2016,657.795
2/8/2016,646.551
2/9/2016,639.346
2/10/2016,639.955
2/11/2016,629.653
2/12/2016,638.567
2/15/2016,648.045
2/16/2016,655.504
2/17/2016,666.113
2/18/2016,665.751
2/19/2016,663.589
2/22/2016,673.044
2/23/2016,665.19
2/24/2016,662.706
2/25/2016,671.73
2/26/2016,674.063
2/29/2016,670.627
3/1/2016,683.176
3/2/2016,688.489
3/3/2016,691.186
3/4/2016,694.56
3/7/2016,694.368
3/8/2016,687.412
3/9/2016,689.768
3/10/2016,688.172
3/11/2016,699.959
3/14/2016,701.471
3/15/2016,698.264
3/16/2016,700.4
3/17/2016,703.527
3/18/2016,704.927
3/21/2016,705.158
3/22/2016,706.159
3/23/2016,702.702
3/24/2016,699.058
3/25/2016,699.715
3/28/2016,700.61
3/29/2016,705.012
3/30/2016,708.756
3/31/2016,706.494
4/1/2016,704.819
4/4/2016,703.838
4/5/2016,694.913
4/6/2016,701.19
4/7/2016,695.128
4/8/2016,699.175
4/11/2016,697.786
4/12/2016,704.075
4/13/2016,714.795
4/14/2016,717.766
4/15/2016,716.555
4/18/2016,717.804
4/19/2016,724.171
4/20/2016,725.587
4/21/2016,724.791
4/22/2016,724.361
4/25/2016,722.027
4/26/2016,722.74
4/27/2016,723.602
4/28/2016,718.012
4/29/2016,712.616
5/2/2016,713.881
5/3/2016,707.569
5/4/2016,702.899
5/5/2016,703.201
5/6/2016,704.302
5/9/2016,705.771
5/10/2016,714.202
5/11/2016,709.713
5/12/2016,708.63
5/13/2016,705.1
5/16/2016,709.804
5/17/2016,706.761
5/18/2016,707.378
5/19/2016,703.561
5/20/2016,709.317
5/23/2016,707.475
5/24/2016,715.453
5/25/2016,721.577
5/26/2016,722.219
5/27/2016,725.045
5/30/2016,726.096
5/31/2016,725.293
6/1/2016,723.813
6/2/2016,723.94
6/3/2016,722.272
6/6/2016,725.36
6/7/2016,728.118
6/8/2016,729.2
6/9/2016,725.812
6/10/2016,716.858
6/13/2016,708.401
6/14/2016,703.273
6/15/2016,704.146
6/16/2016,702.526
6/17/2016,703.668
6/20/2016,713.374
6/21/2016,716.166
6/22/2016,715.753
6/23/2016,725.204
6/24/2016,694.304
6/27/2016,682.154
6/28/2016,693.561
6/29/2016,707.187
6/30/2016,715.665
7/1/2016,718.738
7/4/2016,718.494
7/5/2016,712.985
7/6/2016,711.746
7/7/2016,712.72
7/8/2016,721.077
7/11/2016,728.19
7/12/2016,734.443
7/13/2016,735.279
7/14/2016,739.156
7/15/2016,739.109
7/18/2016,740.659
7/19/2016,740.023
7/20/2016,743.881
7/21/2016,742.816
7/22/2016,744.585
7/25/2016,743.127
7/26/2016,743.125
7/27/2016,744.037
7/28/2016,742.946
7/29/2016,745.404
8/1/2016,744.198
8/2/2016,737.316
8/3/2016,737.027
8/4/2016,739.791
8/5/2016,745.594
8/8/2016,747.423
8/9/2016,750.396
8/10/2016,748.718
8/11/2016,752.53
8/12/2016,752.55
8/15/2016,754.149
8/16/2016,749.051
8/17/2016,749.158
8/18/2016,749.887
8/19/2016,748.688
8/22/2016,748.813
8/23/2016,751.071
8/24/2016,749.019
8/25/2016,747.282
8/26/2016,746.512
8/29/2016,749.83
8/30/2016,749.87
8/31/2016,748.771
9/1/2016,748.937
9/2/2016,754.442
9/5/2016,755.112
9/6/2016,756.036
9/7/2016,756.803
9/8/2016,755.344
9/9/2016,741.777
9/12/2016,744.647
9/13/2016,736.383
9/14/2016,735.731
9/15/2016,740.812
9/16/2016,738.589
9/19/2016,740.931
9/20/2016,741.589
9/21/2016,749.127
9/22/2016,755.141
9/23/2016,751.684
9/26/2016,744.405
9/27/2016,747.462
9/28/2016,750.893
9/29/2016,748.129
9/30/2016,750.546
10/3/2016,750.414
10/4/2016,750.29
10/5/2016,752.165
10/6/2016,752.198
10/7/2016,749.796
10/10/2016,753.397
10/11/2016,747.227
10/12/2016,746.117
10/13/2016,742.923
10/14/2016,745.128
10/17/2016,742.738
10/18/2016,747.868
10/19/2016,749.698
10/20/2016,750.258
10/21/2016,750.02
10/24/2016,752.372
10/25/2016,750.934
10/26/2016,749.115
10/27/2016,747.962
10/28/2016,746.655
10/31/2016,745.817
11/1/2016,741.196
11/2/2016,734.179
11/3/2016,731.445
11/4/2016,727.685
11/7/2016,741.57
11/8/2016,744.154
11/9/2016,747.432
11/10/2016,751.931
11/11/2016,750.057
11/14/2016,751.399
11/15/2016,756.059
11/16/2016,755.554
11/17/2016,759.186
11/18/2016,757.881
11/21/2016,762.398
11/22/2016,764.364
11/23/2016,764.754
11/24/2016,765.889
11/25/2016,768.722
11/28/2016,764.944
11/29/2016,765.844
11/30/2016,765.538
12/1/2016,763.37
12/2/2016,762.308
12/5/2016,765.928
12/6/2016,769.976
12/7/2016,779.329
12/8/2016,783.301
12/9/2016,787.612
12/12/2016,786.524
12/13/2016,792.166
12/14/2016,787.181
12/15/2016,790.108
12/16/2016,790.184
12/19/2016,791.168
12/20/2016,793.855
12/21/2016,792.354
12/22/2016,791.623
12/23/2016,792.447
12/26/2016,792.193
12/27/2016,793.516
12/28/2016,789.948
12/29/2016,789.176
12/30/2016,787.091
1/2/2017,787.958
1/3/2017,793.466
1/4/2017,798.607
1/5/2017,798.944
1/6/2017,800.748
1/9/2017,798.975
1/10/2017,798.905
1/11/2017,801.109
1/12/2017,798.342
1/13/2017,801.581
1/16/2017,799.864
1/17/2017,795.965
1/18/2017,797.626
1/19/2017,796.357
1/20/2017,798.345
1/23/2017,794.804
1/24/2017,798.616
1/25/2017,805.293
1/26/2017,806.024
1/27/2017,805.818
1/30/2017,800.203
1/31/2017,797.636
2/1/2017,799.261
2/2/2017,798.848
2/3/2017,803.759
2/6/2017,801.761
2/7/2017,802.083
2/8/2017,803.335
2/9/2017,807.251
2/10/2017,811.293
2/13/2017,815.666
2/14/2017,816.924
2/15/2017,821.28
2/16/2017,820.535
2/17/2017,821.173
2/20/2017,821.403
2/21/2017,825.696
2/22/2017,825.449
2/23/2017,825.18
2/24/2017,823.736
2/27/2017,823.694
2/28/2017,822.48
3/1/2017,833.507
3/2/2017,831.431
3/3/2017,831.487
3/6/2017,829.176
3/7/2017,827.532
3/8/2017,826.166
3/9/2017,827.047
3/10/2017,830.448
3/13/2017,831.56
3/14/2017,828.994
3/15/2017,833.911
3/16/2017,834.92
3/17/2017,834.368
3/20/2017,832.976
3/21/2017,825.113
3/22/2017,823.16
3/23/2017,824.336
3/24/2017,824.817
3/27/2017,822.882
3/28/2017,829.198
3/29/2017,831.426
3/30/2017,832.712
3/31/2017,830.795
4/3/2017,829.298
4/4/2017,829.791
4/5/2017,828.288
4/6/2017,828.693
4/7/2017,829.164
4/10/2017,830.214
4/11/2017,829.237
4/12/2017,826.628
4/13/2017,821.691
4/14/2017,821.323
4/17/2017,826.101
4/18/2017,821.72
4/19/2017,820.887
4/20/2017,825.6
4/21/2017,824.813
4/24/2017,836.628
4/25/2017,841.367
4/26/2017,842.577
4/27/2017,842.181
4/28/2017,840.738
5/1/2017,842.237
5/2/2017,844.751
5/3/2017,843.75
5/4/2017,845.454
5/5/2017,849.296
5/8/2017,850.923
5/9/2017,850.774
5/10/2017,852.182
5/11/2017,850.599
5/12/2017,850.409
5/15/2017,853.656
5/16/2017,854.153
5/17/2017,841.471
5/18/2017,840.918
5/19/2017,846.346
5/22/2017,849.883
5/23/2017,851.022
5/24/2017,852.939
5/25/2017,855.511
5/26/2017,855.226
5/29/2017,854.994
5/30/2017,854.074
5/31/2017,853.721
6/1/2017,859.867
6/2/2017,864.068
6/5/2017,862.446
6/6/2017,859.096
6/7/2017,859.335
6/8/2017,859.355
6/9/2017,860.376
6/12/2017,858.154
6/13/2017,861.963
6/14/2017,860.777
6/15/2017,857.823
6/16/2017,859.894
6/19/2017,866.834
6/20/2017,862.279
6/21/2017,860.831
6/22/2017,861.059
6/23/2017,861.666
6/26/2017,862.859
6/27/2017,857.632
6/28/2017,862.094
6/29/2017,855.585
6/30/2017,854.274
7/3/2017,857.722
7/4/2017,857.148
7/5/2017,858.44
7/6/2017,852.365
7/7/2017,855.059
7/10/2017,857.146
7/11/2017,856.616
7/12/2017,862.605
7/13/2017,864.32
7/14/2017,867.148
7/17/2017,867.188
7/18/2017,865.473
7/19/2017,869.867
7/20/2017,870.902
7/21/2017,868.168
7/24/2017,866.166
7/25/2017,869.005
7/26/2017,870.512
7/27/2017,870.513
7/28/2017,867.45
7/31/2017,866.963
8/1/2017,870.475
8/2/2017,870.619
8/3/2017,870.077
8/4/2017,872.515
8/7/2017,874.009
8/8/2017,872.86
8/9/2017,869.892
8/10/2017,860.11
8/11/2017,858.514
8/14/2017,865.581
8/15/2017,866.562
8/16/2017,868.888
8/17/2017,859.569
8/18/2017,856.104
8/21/2017,855.839
8/22/2017,863.157
8/23/2017,861.312
8/24/2017,860.401
8/25/2017,861.121
8/28/2017,860.692
8/29/2017,858.852
8/30/2017,863.203
8/31/2017,868.71
9/1/2017,870.821
9/4/2017,869.037
9/5/2017,863.897
9/6/2017,865.324
9/7/2017,866.416
9/8/2017,865.379
9/11/2017,874.505
9/12/2017,878.135
9/13/2017,878.859
9/14/2017,877.672
9/15/2017,877.568
9/18/2017,879.812
9/19/2017,882.192
9/20/2017,882.623
9/21/2017,881.42
9/22/2017,882.254
9/25/2017,881.238
9/26/2017,880.81
9/27/2017,884.304
9/28/2017,885.859
9/29/2017,889.202
10/2/2017,892.875
10/3/2017,895.092
10/4/2017,895.264
10/5/2017,899.163
10/6/2017,898.816
10/9/2017,898.028
10/10/2017,899.72
10/11/2017,901.161
10/12/2017,900.859
10/13/2017,901.822
10/16/2017,903.287
10/17/2017,903.972
10/18/2017,905.359
10/19/2017,905.029
10/20/2017,908.306
10/23/2017,906.782
10/24/2017,908.002
10/25/2017,903.769
10/26/2017,906.899
10/27/2017,912.623
10/30/2017,911.167
10/31/2017,912.079
11/1/2017,914.938
11/2/2017,915.611
11/3/2017,917.805
11/6/2017,918.395
11/7/2017,918.483
11/8/2017,919.787
11/9/2017,915.708
11/10/2017,913.552
11/13/2017,912.633
11/14/2017,910.171
11/15/2017,904.569
11/16/2017,911.271
11/17/2017,909.918
11/20/2017,911.314
11/21/2017,916.691
11/22/2017,916.119
11/23/2017,916.442
11/24/2017,918.076
11/27/2017,916.524
11/28/2017,923.083
11/29/2017,923.003
11/30/2017,926.829
12/1/2017,924.495
12/4/2017,924.993
12/5/2017,922.533
12/6/2017,920.843
12/7/2017,923.992
12/8/2017,929.773
12/11/2017,932.624
12/12/2017,934.757
12/13/2017,933.894
12/14/2017,929.986
12/15/2017,934.265
12/18/2017,941.367
12/19/2017,939.015
12/20/2017,937.67
12/21/2017,940.397
12/22/2017,939.949
12/25/2017,940.201
12/26/2017,939.401
12/27/2017,940.516
12/28/2017,940.907
12/29/2017,937.678
1/1/2018,937.706
1/2/2018,942.165
1/3/2018,947.381
1/4/2018,954.462
1/5/2018,960.982
1/8/2018,962.227
1/9/2018,964.8
1/10/2018,963.398
1/11/2018,966.992
1/12/2018,970.984
1/15/2018,971.541
1/16/2018,969.84
1/17/2018,974.65
1/18/2018,973.21
1/19/2018,978.089
1/22/2018,983.414
1/23/2018,986.404
1/24/2018,983.721
1/25/2018,981.888
1/26/2018,989.808
1/29/2018,985.115
1/30/2018,975.18
1/31/2018,973.779
2/1/2018,973.841
2/2/2018,958.272
2/5/2018,929.276
2/6/2018,928.338
2/7/2018,930.319
2/8/2018,905.855
2/9/2018,909.111
2/12/2018,919.668
2/13/2018,919.46
2/14/2018,928.945
2/15/2018,938.234
2/16/2018,941.542
2/19/2018,942.209
2/20/2018,939.447
2/21/2018,937.156
2/22/2018,936.504
2/23/2018,946.956
2/26/2018,955.991
2/27/2018,949.293
2/28/2018,940.02
3/1/2018,928.842
3/2/2018,925.767
3/5/2018,933.257
3/6/2018,937.231
3/7/2018,936.711
3/8/2018,942.473
3/9/2018,953.381
3/12/2018,955.024
3/13/2018,949.68
3/14/2018,945.651
3/15/2018,946.139
3/16/2018,947.604
3/19/2018,936.004
3/20/2018,937.603
3/21/2018,936.362
3/22/2018,918.898
3/23/2018,901.327
3/26/2018,914.888
3/27/2018,910.44
3/28/2018,909.148
3/29/2018,918.321
3/30/2018,918.927
4/2/2018,906.05
4/3/2018,911.078
4/4/2018,916.337
4/5/2018,927.012
4/6/2018,913.729
4/9/2018,916.663
4/10/2018,928.522
4/11/2018,924.271
4/12/2018,929.484
4/13/2018,928.69
4/16/2018,932.66
4/17/2018,940.434
4/18/2018,943.807
4/19/2018,940.895
4/20/2018,936.501
4/23/2018,937.554
4/24/2018,931.357
4/25/2018,930.42
4/26/2018,938.376
4/27/2018,940.593
4/30/2018,937.129
5/1/2018,938.696
5/2/2018,936.098
5/3/2018,933.547
5/4/2018,942.092
5/7/2018,945.698
5/8/2018,946.243
5/9/2018,952.725
5/10/2018,959.158
5/11/2018,961.597
5/14/2018,963.209
5/15/2018,959.037
5/16/2018,961.021
5/17/2018,962.71
5/18/2018,961.115
5/21/2018,966.403
5/22/2018,964.758
5/23/2018,962.951
5/24/2018,959.495
5/25/2018,957.882
5/28/2018,957.103
5/29/2018,947.015
5/30/2018,953.73
5/31/2018,949.58
6/1/2018,957.905
6/4/2018,963.025
6/5/2018,962.657
6/6/2018,968.647
6/7/2018,968.895
6/8/2018,969.474
6/11/2018,972.531
6/12/2018,973.661
6/13/2018,971.633
6/14/2018,974.572
6/15/2018,972.682
6/18/2018,969.372
6/19/2018,963.79
6/20/2018,966.648
6/21/2018,960.578
6/22/2018,964.098
6/25/2018,950.211
6/26/2018,952.094
6/27/2018,948.46
6/28/2018,950.756
6/29/2018,953.406
7/2/2018,951.638
7/3/2018,950.433
7/4/2018,950.247
7/5/2018,955.984
7/6/2018,962.812
7/9/2018,971.052
7/10/2018,974.216
7/11/2018,966.084
7/12/2018,974.079
7/13/2018,976.181
7/16/2018,974.547
7/17/2018,978.134
7/18/2018,981.139
7/19/2018,978.766
7/20/2018,977.828
7/23/2018,977.707
7/24/2018,982.511
7/25/2018,987.656
7/26/2018,987.964
7/27/2018,985.382
7/30/2018,980.824
7/31/2018,984.099
8/1/2018,982.841
8/2/2018,983.166
8/3/2018,986.703
8/6/2018,988.831
8/7/2018,992.484
8/8/2018,992.379
8/9/2018,992.048
8/10/2018,983.634
8/13/2018,978.431
8/14/2018,983.709
8/15/2018,975.246
8/16/2018,981.396
8/17/2018,984.058
8/20/2018,986.93
8/21/2018,988.209
8/22/2018,988.822
8/23/2018,987.375
8/24/2018,992.166
8/27/2018,999.654
8/28/2018,1000.295
8/29/2018,1004.482
8/30/2018,1000.412
8/31/2018,997.897
9/3/2018,997.918
9/4/2018,994.951
9/5/2018,989.088
9/6/2018,984.742
9/7/2018,982.584
9/10/2018,984.669
9/11/2018,987.644
9/12/2018,988.635
9/13/2018,992.704
9/14/2018,995.035
9/17/2018,991.374
9/18/2018,996.75
9/19/2018,999.494
9/20/2018,1006.069
9/21/2018,1008.601
9/24/2018,1005.181
9/25/2018,1006.207
9/26/2018,1005.174
9/27/2018,1006.88
9/28/2018,1005.703
10/1/2018,1008.261
10/2/2018,1006.711
10/3/2018,1007.504
10/4/2018,999.549
10/5/2018,993.333
10/8/2018,989.903
10/9/2018,987.697
10/10/2018,963.291
10/11/2018,942.456
10/12/2018,951.07
10/15/2018,946.479
10/16/2018,963.132
10/17/2018,963.575
10/18/2018,953.287
10/19/2018,952.659
10/22/2018,949.668
10/23/2018,940.377
10/24/2018,920.684
10/25/2018,929.797
10/26/2018,917.835
10/29/2018,915.872
10/30/2018,926.701
10/31/2018,938.457
11/1/2018,945.263
11/2/2018,943.743
11/5/2018,945.24
11/6/2018,949.562
11/7/2018,964.126
11/8/2018,964.342
11/9/2018,957.045
11/12/2018,943.278
11/13/2018,941.613
11/14/2018,936.11
11/15/2018,941.766
11/16/2018,942.622
11/19/2018,931.443
11/20/2018,917.233
11/21/2018,921.721
11/22/2018,920.781
11/23/2018,917.664
11/26/2018,929.525
11/27/2018,931.163
11/28/2018,945.455
11/29/2018,945.668
11/30/2018,949.84
12/3/2018,960.943
12/4/2018,937.461
12/5/2018,934.553
12/6/2018,925.431
12/7/2018,913.586
12/10/2018,909.549
12/11/2018,911.33
12/12/2018,919.921
12/13/2018,920.119
12/14/2018,906.25
12/17/2018,892.215
12/18/2018,889.039
12/19/2018,880.992
12/20/2018,867.111
12/21/2018,853.837
12/24/2018,838.582
12/25/2018,835.036
12/26/2018,861.178
12/27/2018,867.389
12/28/2018,870.44
12/31/2018,875.873
1/1/2019,875.907
1/2/2019,875.816
1/3/2019,861.249
1/4/2019,883.941
1/7/2019,890.329
1/8/2019,898.285
1/9/2019,904.16
1/10/2019,907.166
1/11/2019,907.423
1/14/2019,902.979
1/15/2019,911.201
1/16/2019,913.19
1/17/2019,917.901
1/18/2019,930.025
1/21/2019,930.405
1/22/2019,920.104
1/23/2019,920.272
1/24/2019,922.061
1/25/2019,929.464
1/28/2019,923.033
1/29/2019,923.719
1/30/2019,933.944
1/31/2019,940.286
2/1/2019,941.658
2/4/2019,946.82
2/5/2019,953.848
2/6/2019,952.618
2/7/2019,943.855
2/8/2019,941.546
2/11/2019,943.739
2/12/2019,954.347
2/13/2019,958.204
2/14/2019,956.914
2/15/2019,965.292
2/18/2019,967.17
2/19/2019,968.058
2/20/2019,971.248
2/21/2019,968.848
2/22/2019,973.382
2/25/2019,975.544
2/26/2019,974.729
2/27/2019,974.334
2/28/2019,972.199
3/1/2019,978.214
3/4/2019,976.942
3/5/2019,976.325
3/6/2019,972.189
3/7/2019,965.758
3/8/2019,961.159
3/11/2019,971.939
3/12/2019,975.372
3/13/2019,979.795
3/14/2019,980.606
3/15/2019,985.972
3/18/2019,990.276
3/19/2019,991.043
3/20/2019,987.527
3/21/2019,994.919
3/22/2019,979.206
3/25/2019,975.453
3/26/2019,983.322
3/27/2019,980.885
3/28/2019,982.364
3/29/2019,988.553
4/1/2019,999.757
4/2/2019,1000.978
4/3/2019,1005.111
4/4/2019,1006.007
4/5/2019,1009.932
4/8/2019,1010.404
4/9/2019,1005.641
4/10/2019,1007.988
4/11/2019,1008.257
4/12/2019,1013.454
4/15/2019,1014.681
4/16/2019,1016.016
4/17/2019,1015.102
4/18/2019,1015.952
4/19/2019,1016.048
4/22/2019,1016.87
4/23/2019,1024.136
4/24/2019,1021.778
4/25/2019,1021.239
4/26/2019,1024.85
4/29/2019,1026.108
4/30/2019,1026.425
5/1/2019,1021.459
5/2/2019,1019.036
5/3/2019,1026.146
5/6/2019,1021.167
5/7/2019,1006.668
5/8/2019,1004.854
5/9/2019,998.594
5/10/2019,1001.594
5/13/2019,982.872
5/14/2019,989.993
5/15/2019,995.869
5/16/2019,1004.762
5/17/2019,1001.169
5/20/2019,995.55
5/21/2019,1002.039
5/22/2019,999.99
5/23/2019,988.276
5/24/2019,990.619
5/27/2019,991.799
5/28/2019,986.604
5/29/2019,977.995
5/30/2019,979.618
5/31/2019,968.776
6/3/2019,967.058
6/4/2019,981.627
6/5/2019,989.258
6/6/2019,993.385
6/7/2019,1002.838
6/10/2019,1008.168
6/11/2019,1010.316
6/12/2019,1007.709
6/13/2019,1010.182
6/14/2019,1008.516
6/17/2019,1009.195
6/18/2019,1019.131
6/19/2019,1023.165
6/20/2019,1030.696
6/21/2019,1028.106
6/24/2019,1026.569
6/25/2019,1019.39
6/26/2019,1017.694
6/27/2019,1021.891
6/28/2019,1026.896
7/1/2019,1035.531
7/2/2019,1039.027
7/3/2019,1045.859
7/4/2019,1046.69
7/5/2019,1044.302
7/8/2019,1039.426
7/9/2019,1039.847
7/10/2019,1042.374
7/11/2019,1043.782
7/12/2019,1046.613
7/15/2019,1047.414
7/16/2019,1045.612
7/17/2019,1040.826
7/18/2019,1040.691
7/19/2019,1038.516
7/22/2019,1040.233
7/23/2019,1047.604
7/24/2019,1051.278
7/25/2019,1046.687
7/26/2019,1052.312
7/29/2019,1051.661
7/30/2019,1047.74
7/31/2019,1039.698
8/1/2019,1034.525
8/2/2019,1021.913
8/5/2019,995.334
8/6/2019,1001.297
8/7/2019,1003.152
8/8/2019,1019.689
8/9/2019,1013.797
8/12/2019,1005.061
8/13/2019,1014.601
8/14/2019,992.029
8/15/2019,991.344
8/16/2019,1003.816
8/19/2019,1015.239
8/20/2019,1009.462
8/21/2019,1017.058
8/22/2019,1015.182
8/23/2019,996.548
8/26/2019,1001.903
8/27/2019,1001.719
8/28/2019,1005.901
8/29/2019,1016.922
8/30/2019,1020.183
9/2/2019,1020.592
9/3/2019,1015.529
9/4/2019,1025.015
9/5/2019,1036.829
9/6/2019,1038.488
9/9/2019,1038.476
9/10/2019,1039.256
9/11/2019,1047.502
9/12/2019,1050.873
9/13/2019,1051.873
9/16/2019,1048.595
9/17/2019,1050.853
9/18/2019,1050.547
9/19/2019,1052.318
9/20/2019,1049.386
9/23/2019,1047.707
9/24/2019,1041.769
9/25/2019,1044.316
9/26/2019,1044.275
9/27/2019,1041.661
9/30/2019,1044.602
10/1/2019,1034.745
10/2/2019,1016.156
10/3/2019,1019.442
10/4/2019,1030.816
10/7/2019,1029.696
10/8/2019,1017.642
10/9/2019,1024.398
10/10/2019,1030.01
10/11/2019,1042.097
10/14/2019,1040.801
10/15/2019,1050.367
10/16/2019,1049.605
10/17/2019,1050.938
10/18/2019,1046.953
10/21/2019,1053.111
10/22/2019,1051.332
10/23/2019,1053.787
10/24/2019,1057.609
10/25/2019,1061.347
10/28/2019,1065.871
10/29/2019,1065.701
10/30/2019,1068.352
10/31/2019,1064.976
11/1/2019,1073.52
11/4/2019,1078.745
11/5/2019,1079.687
11/6/2019,1080.66
11/7/2019,1084.438
11/8/2019,1086.16
11/11/2019,1084.545
11/12/2019,1086.851
11/13/2019,1085.731
11/14/2019,1084.666
11/15/2019,1092.171
11/18/2019,1092.85
11/19/2019,1092.677
11/20/2019,1088.75
11/21/2019,1086.353
11/22/2019,1089.283
11/25/2019,1097.714
11/26/2019,1099.999
11/27/2019,1104.1
11/28/2019,1103.743
11/29/2019,1098.972
12/2/2019,1090.254
12/3/2019,1082.691
12/4/2019,1088.213
12/5/2019,1089.488
12/6/2019,1099.001
12/9/2019,1096.56
12/10/2019,1095.024
12/11/2019,1097.308
12/12/2019,1104.417
12/13/2019,1108.197
12/16/2019,1116.867
12/17/2019,1117.197
12/18/2019,1116.293
12/19/2019,1119.879
12/20/2019,1124.848
12/23/2019,1125.787
12/24/2019,1126.028
12/25/2019,1125.755
12/26/2019,1130.002
12/27/2019,1130.663
12/30/2019,1123.789
12/31/2019,1124.846
1/1/2020,1124.867
1/2/2020,1133.657
1/3/2020,1128.646
1/6/2020,1128.931
1/7/2020,1129.575
1/8/2020,1132.19
1/9/2020,1140.024
1/10/2020,1138.476
1/13/2020,1143.94
1/14/2020,1144.175
1/15/2020,1145.277
1/16/2020,1152.117
1/17/2020,1157.622
1/20/2020,1157.87
1/21/2020,1154.484
1/22/2020,1155.186
1/23/2020,1153.34
1/24/2020,1148.881
1/27/2020,1130.441
1/28/2020,1139.168
1/29/2020,1139.782
1/30/2020,1137.869
1/31/2020,1122.552
2/3/2020,1128.435
2/4/2020,1144.41
2/5/2020,1155.846
2/6/2020,1162.414
2/7/2020,1157.169
2/10/2020,1161.92
2/11/2020,1165.721
2/12/2020,1172.257
2/13/2020,1170.376
2/14/2020,1171.583
2/17/2020,1171.634
2/18/2020,1167.274
2/19/2020,1173.916
2/20/2020,1170.077
2/21/2020,1160.293
2/24/2020,1125.358
2/25/2020,1095.095
2/26/2020,1091.057
2/27/2020,1050.477
2/28/2020,1032.666
3/2/2020,1064.827
3/3/2020,1047.215
3/4/2020,1078.403
3/5/2020,1052.684
3/6/2020,1028.437
3/9/2020,950.305
3/10/2020,981.898
3/11/2020,945.324
3/12/2020,857.588
3/13/2020,911.148
3/16/2020,823.184
3/17/2020,863.331
3/18/2020,825.214
3/19/2020,834.464
3/20/2020,814.317
3/23/2020,791.734
3/24/2020,857.055
3/25/2020,877.168
3/26/2020,913.523
3/27/2020,887.369
3/30/2020,909.614
3/31/2020,902.058
4/1/2020,867.158
4/2/2020,879.313
4/3/2020,868.412
4/6/2020,919.841
4/7/2020,924.379
4/8/2020,946.206
4/9/2020,959.269
4/10/2020,959.902
4/13/2020,952.13
4/14/2020,974.718
4/15/2020,954.004
4/16/2020,957.137
4/17/2020,981.993
4/20/2020,970.799
4/21/2020,942.411
4/22/2020,960.192
4/23/2020,962.325
4/24/2020,969.313
4/27/2020,985.484
4/28/2020,985.373
4/29/2020,1007.762
4/30/2020,997.384
5/1/2020,974.459
5/4/2020,972.864
5/5/2020,983.237
5/6/2020,978.844
5/7/2020,988.816
5/8/2020,1003.687
5/11/2020,1005.398
5/12/2020,991.553
5/13/2020,975.474
5/14/2020,977.02
5/15/2020,981.765
5/18/2020,1010.124
5/19/2020,1005.23
5/20/2020,1018.953
5/21/2020,1011.877
5/22/2020,1011.721
5/25/2020,1016.468
5/26/2020,1029.713
5/27/2020,1041.973
5/28/2020,1045.589
5/29/2020,1044.657
6/1/2020,1050.675
6/2/2020,1061.255
6/3/2020,1078.134
6/4/2020,1074.615
6/5/2020,1098.541
6/8/2020,1107.99
6/9/2020,1100.336
6/10/2020,1095.963
6/11/2020,1041.159
6/12/2020,1049.486
6/15/2020,1052.546
6/16/2020,1076.184
6/17/2020,1075.374
6/18/2020,1074.661
6/19/2020,1072.407
6/22/2020,1075.432
6/23/2020,1081.921
6/24/2020,1056.748
6/25/2020,1064.728
6/26/2020,1047.951
6/29/2020,1057.573
6/30/2020,1069.517
7/1/2020,1072.798
7/2/2020,1081.501
7/3/2020,1080.472
7/6/2020,1097.377
7/7/2020,1087.574
7/8/2020,1091.366
7/9/2020,1086.08
7/10/2020,1094.359
7/13/2020,1091.417
7/14/2020,1099.918
7/15/2020,1112.417
7/16/2020,1107.794
7/17/2020,1110.724
7/20/2020,1119.154
7/21/2020,1121.404
7/22/2020,1123.177
7/23/2020,1113.338
7/24/2020,1103.931
7/27/2020,1110.536
7/28/2020,1105.043
7/29/2020,1113.991
7/30/2020,1106.142
7/31/2020,1106.256
8/3/2020,1117.799
8/4/2020,1123.05
8/5/2020,1129.179
8/6/2020,1131.974
8/7/2020,1131.906
8/10/2020,1134.325
8/11/2020,1134.16
8/12/2020,1149.28
8/13/2020,1148.216
8/14/2020,1145.302
8/17/2020,1149.012
8/18/2020,1149.866
8/19/2020,1148.318
8/20/2020,1147.375
8/21/2020,1149.941
8/24/2020,1161.456
8/25/2020,1164.54
8/26/2020,1174.681
8/27/2020,1173.733
8/28/2020,1177.192
8/31/2020,1175.842
9/1/2020,1181.667
9/2/2020,1196.994
9/3/2020,1164.995
9/4/2020,1153.639
9/7/2020,1157.212
9/8/2020,1132.873
9/9/2020,1151.529
9/10/2020,1138.604
9/11/2020,1139.773
9/14/2020,1151.975
9/15/2020,1157.802
9/16/2020,1154.719
9/17/2020,1145.91
9/18/2020,1137.281
9/21/2020,1122.069
9/22/2020,1130.121
9/23/2020,1113.121
9/24/2020,1112.123
9/25/2020,1125.365
9/28/2020,1143.261
9/29/2020,1139.359
9/30/2020,1142.16
10/1/2020,1148.471
10/2/2020,1139.808
10/5/2020,1158.5
10/6/2020,1148.561
10/7/2020,1162.679
10/8/2020,1171.361
10/9/2020,1179.069
10/12/2020,1192.95
10/13/2020,1188.027
10/14/2020,1182.123
10/15/2020,1175.743
10/16/2020,1177.436
10/19/2020,1165.326
10/20/2020,1167.369
10/21/2020,1162.371
10/22/2020,1165.335
10/23/2020,1170.219
10/26/2020,1151.109
10/27/2020,1146.034
10/28/2020,1111.889
10/29/2020,1120.171
10/30/2020,1107.513
11/2/2020,1121.964
11/3/2020,1141.779
11/4/2020,1165.12
11/5/2020,1186.044
11/6/2020,1186.583
11/9/2020,1204.6
11/10/2020,1206.908
11/11/2020,1218.733
11/12/2020,1208.999
11/13/2020,1218.433
11/16/2020,1233.104
11/17/2020,1230.782
11/18/2020,1222.689
11/19/2020,1225.432
11/20/2020,1221.714
11/23/2020,1226.321
11/24/2020,1244.722
11/25/2020,1245.119
11/26/2020,1245.339
11/27/2020,1249.733
11/30/2020,1241.252
12/1/2020,1252.965
12/2/2020,1254.827
12/3/2020,1255.247
12/4/2020,1264.712
12/7/2020,1263.28
12/8/2020,1266.576
12/9/2020,1259.954
12/10/2020,1259.998
12/11/2020,1257.171
12/14/2020,1255.436
12/15/2020,1265.885
12/16/2020,1270.085
12/17/2020,1277.794
12/18/2020,1274.947
12/21/2020,1266.348
12/22/2020,1266.715
12/23/2020,1269.067
12/24/2020,1272.743
12/25/2020,1272.867
12/28/2020,1281.735
12/29/2020,1282.995
12/30/2020,1282.955
12/31/2020,1285.335
1/1/2021,1285.355
