1/3/2005,1119.38
1/4/2005,1109.93
1/5/2005,1105.92
1/6/2005,1096.37
1/7/2005,1098.75
1/10/2005,1102.28
1/11/2005,1106.12
1/12/2005,1109.52
1/13/2005,1110.13
1/14/2005,1107.75
1/17/2005,1109.07
1/18/2005,1106.47
1/19/2005,1110.91
1/20/2005,1106.59
1/21/2005,1108.45
1/24/2005,1112.91
1/25/2005,1111.07
1/26/2005,1113.38
1/27/2005,1114.2
1/28/2005,1116.18
1/31/2005,1117.67
2/1/2005,1116.49
2/2/2005,1117.7
2/3/2005,1117.1
2/4/2005,1118.6
2/7/2005,1116.76
2/8/2005,1111.15
2/9/2005,1112.57
2/10/2005,1113.01
2/11/2005,1116.33
2/14/2005,1122.35
2/15/2005,1123.35
2/16/2005,1122.43
2/17/2005,1126.19
2/18/2005,1127.74
2/21/2005,1128.76
2/22/2005,1138.31
2/23/2005,1137.76
2/24/2005,1135.96
2/25/2005,1134.43
2/28/2005,1140.15
3/1/2005,1139.04
3/2/2005,1135.51
3/3/2005,1133.81
3/4/2005,1136.58
3/7/2005,1137.86
3/8/2005,1139.64
3/9/2005,1139.26
3/10/2005,1137.5
3/11/2005,1141.57
3/14/2005,1133.31
3/15/2005,1126.93
3/16/2005,1128.93
3/17/2005,1127.72
3/18/2005,1129.42
3/21/2005,1125.37
3/22/2005,1127.06
3/23/2005,1120.39
3/24/2005,1118.06
3/25/2005,1118.23
3/28/2005,1111.83
3/29/2005,1112.12
3/30/2005,1116.01
3/31/2005,1122.44
4/1/2005,1126.7
4/4/2005,1120.22
4/5/2005,1123.38
4/6/2005,1126.07
4/7/2005,1128.4
4/8/2005,1125.77
4/11/2005,1129.62
4/12/2005,1127.19
4/13/2005,1132.64
4/14/2005,1125.16
4/15/2005,1123.34
4/18/2005,1123.82
4/19/2005,1129.14
4/20/2005,1134.16
4/21/2005,1135.69
4/22/2005,1138.44
4/25/2005,1138.95
4/26/2005,1138.72
4/27/2005,1138.55
4/28/2005,1136.17
4/29/2005,1138.61
5/2/2005,1139.39
5/3/2005,1140.37
5/4/2005,1147.22
5/5/2005,1149.46
5/6/2005,1147.71
5/9/2005,1144.68
5/10/2005,1143.98
5/11/2005,1142.14
5/12/2005,1139.91
5/13/2005,1138.3
5/16/2005,1134.1
5/17/2005,1134.41
5/18/2005,1135.86
5/19/2005,1137.48
5/20/2005,1133.58
5/23/2005,1135.25
5/24/2005,1135.78
5/25/2005,1137.02
5/26/2005,1134.16
5/27/2005,1136.6
5/30/2005,1136.63
5/31/2005,1131.61
6/1/2005,1127.12
6/2/2005,1128.93
6/3/2005,1132.85
6/6/2005,1130.95
6/7/2005,1133.28
6/8/2005,1133.86
6/9/2005,1128.28
6/10/2005,1129.08
6/13/2005,1126.08
6/14/2005,1127.66
6/15/2005,1128.52
6/16/2005,1130.42
6/17/2005,1136.43
6/20/2005,1134.65
6/21/2005,1134.14
6/22/2005,1135.77
6/23/2005,1133.9
6/24/2005,1134.76
6/27/2005,1136.57
6/28/2005,1133.89
6/29/2005,1132.53
6/30/2005,1131.46
7/1/2005,1130.37
7/4/2005,1124.92
7/5/2005,1121.64
7/6/2005,1122.14
7/7/2005,1119.35
7/8/2005,1120.42
7/11/2005,1128.31
7/12/2005,1136.47
7/13/2005,1132.15
7/14/2005,1135.25
7/15/2005,1132.56
7/18/2005,1135.03
7/19/2005,1132.23
7/20/2005,1131.37
7/21/2005,1139.64
7/22/2005,1142.72
7/25/2005,1138.64
7/26/2005,1133.52
7/27/2005,1134.69
7/28/2005,1137.85
7/29/2005,1141.7
8/1/2005,1144.06
8/2/2005,1147.23
8/3/2005,1152.15
8/4/2005,1155.49
8/5/2005,1155.78
8/8/2005,1154.71
8/9/2005,1153.87
8/10/2005,1158.43
8/11/2005,1157.76
8/12/2005,1154.01
8/15/2005,1153.82
8/16/2005,1153.29
8/17/2005,1151.55
8/18/2005,1147.08
8/19/2005,1140.84
8/22/2005,1145.44
8/23/2005,1144.62
8/24/2005,1142.39
8/25/2005,1142.6
8/26/2005,1143.19
8/29/2005,1140.58
8/30/2005,1139.49
8/31/2005,1141.72
9/1/2005,1148.49
9/2/2005,1154.77
9/5/2005,1157.74
9/6/2005,1154.68
9/7/2005,1153.28
9/8/2005,1154.36
9/9/2005,1154.87
9/12/2005,1153.5
9/13/2005,1152.29
9/14/2005,1153.06
9/15/2005,1152.78
9/16/2005,1152.18
9/19/2005,1150.66
9/20/2005,1151.82
9/21/2005,1152.77
9/22/2005,1152.44
9/23/2005,1151.1
9/26/2005,1150.04
9/27/2005,1149.68
9/28/2005,1149.3
9/29/2005,1152.17
9/30/2005,1153.8
10/3/2005,1149.92
10/4/2005,1150.55
10/5/2005,1148.27
10/6/2005,1148.04
10/7/2005,1149.22
10/10/2005,1151.06
10/11/2005,1149.97
10/12/2005,1147.85
10/13/2005,1142.04
10/14/2005,1145.19
10/17/2005,1148.05
10/18/2005,1143.58
10/19/2005,1142.38
10/20/2005,1143.63
10/21/2005,1141.42
10/24/2005,1140.96
10/25/2005,1143.56
10/26/2005,1143.17
10/27/2005,1143.11
10/28/2005,1144.14
10/31/2005,1146.57
11/1/2005,1146.74
11/2/2005,1149
11/3/2005,1149.76
11/4/2005,1145.54
11/7/2005,1145.81
11/8/2005,1145.44
11/9/2005,1148.34
11/10/2005,1148.75
11/11/2005,1151.12
11/14/2005,1150.2
11/15/2005,1149.72
11/16/2005,1149.49
11/17/2005,1152.69
11/18/2005,1150.02
11/21/2005,1151.53
11/22/2005,1148.02
11/23/2005,1155.36
11/24/2005,1155.66
11/25/2005,1154.97
11/28/2005,1157.74
11/29/2005,1160.38
11/30/2005,1161.41
12/1/2005,1160
12/2/2005,1162.46
12/5/2005,1165.02
12/6/2005,1168.93
12/7/2005,1167.07
12/8/2005,1164.63
12/9/2005,1161.46
12/12/2005,1164.15
12/13/2005,1167.68
12/14/2005,1169.48
12/15/2005,1167.6
12/16/2005,1166.19
12/19/2005,1165.76
12/20/2005,1165.87
12/21/2005,1166.72
12/22/2005,1167.37
12/23/2005,1168.18
12/26/2005,1168.77
12/27/2005,1168.72
12/28/2005,1169.06
12/29/2005,1171.45
12/30/2005,1172.71
1/2/2006,1173.26
1/3/2006,1178.87
1/4/2006,1187.51
1/5/2006,1193.8
1/6/2006,1195.07
1/9/2006,1201.32
1/10/2006,1199.25
1/11/2006,1198.51
1/12/2006,1203.74
1/13/2006,1201.07
1/16/2006,1203.51
1/17/2006,1198.83
1/18/2006,1195.73
1/19/2006,1199.35
1/20/2006,1202.74
1/23/2006,1207.65
1/24/2006,1209.75
1/25/2006,1212.02
1/26/2006,1211.36
1/27/2006,1210.33
1/30/2006,1210.89
1/31/2006,1213.41
2/1/2006,1213.67
2/2/2006,1210.79
2/3/2006,1209.08
2/6/2006,1214.59
2/7/2006,1210.72
2/8/2006,1207.2
2/9/2006,1210.7
2/10/2006,1214.7
2/13/2006,1210.77
2/14/2006,1214.24
2/15/2006,1216.86
2/16/2006,1216.84
2/17/2006,1219.78
2/20/2006,1221.35
2/21/2006,1219.62
2/22/2006,1213.53
2/23/2006,1218.13
2/24/2006,1217.71
2/27/2006,1216.99
2/28/2006,1218.26
3/1/2006,1219.56
3/2/2006,1222.58
3/3/2006,1219.69
3/6/2006,1217.44
3/7/2006,1209.87
3/8/2006,1206.68
3/9/2006,1208.8
3/10/2006,1209.46
3/13/2006,1211.7
3/14/2006,1215.34
3/15/2006,1218.48
3/16/2006,1221.84
3/17/2006,1221.12
3/20/2006,1219.89
3/21/2006,1214.29
3/22/2006,1213.37
3/23/2006,1213.23
3/24/2006,1212.31
3/27/2006,1212.6
3/28/2006,1209.19
3/29/2006,1206.52
3/30/2006,1215.11
3/31/2006,1218.6
4/3/2006,1221.24
4/4/2006,1229.33
4/5/2006,1229.57
4/6/2006,1231.01
4/7/2006,1226.92
4/10/2006,1226.35
4/11/2006,1228.05
4/12/2006,1225.98
4/13/2006,1224.43
4/14/2006,1224.63
4/17/2006,1230.83
4/18/2006,1232.99
4/19/2006,1238.5
4/20/2006,1236.27
4/21/2006,1238.12
4/24/2006,1242.55
4/25/2006,1240.98
4/26/2006,1237.48
4/27/2006,1241.21
4/28/2006,1246.92
5/1/2006,1250.33
5/2/2006,1252.08
5/3/2006,1254.66
5/4/2006,1253.93
5/5/2006,1255.81
5/8/2006,1260.28
5/9/2006,1259.49
5/10/2006,1263.42
5/11/2006,1258.78
5/12/2006,1250.75
5/15/2006,1234.67
5/16/2006,1239.67
5/17/2006,1239.84
5/18/2006,1231.32
5/19/2006,1227.98
5/22/2006,1216.24
5/23/2006,1227.3
5/24/2006,1214.71
5/25/2006,1216.32
5/26/2006,1222.31
5/29/2006,1226.05
5/30/2006,1219.36
5/31/2006,1217.42
6/1/2006,1219.19
6/2/2006,1221.83
6/5/2006,1225.17
6/6/2006,1219.86
6/7/2006,1219.11
6/8/2006,1212.73
6/9/2006,1215.99
6/12/2006,1213.46
6/13/2006,1206.02
6/14/2006,1207.88
6/15/2006,1210.68
6/16/2006,1213.89
6/19/2006,1209.95
6/20/2006,1207.33
6/21/2006,1207.28
6/22/2006,1204.82
6/23/2006,1202.08
6/26/2006,1202.59
6/27/2006,1206.27
6/28/2006,1206.68
6/29/2006,1207.31
6/30/2006,1220.65
7/3/2006,1226.72
7/4/2006,1228.84
7/5/2006,1219.86
7/6/2006,1221.16
7/7/2006,1225.78
7/10/2006,1228.06
7/11/2006,1224.73
7/12/2006,1222.93
7/13/2006,1218.69
7/14/2006,1216.36
7/17/2006,1213.67
7/18/2006,1215.06
7/19/2006,1218.42
7/20/2006,1225.4
7/21/2006,1225.27
7/24/2006,1223.6
7/25/2006,1224.99
7/26/2006,1223.72
7/27/2006,1231.06
7/28/2006,1230.26
7/31/2006,1230.71
8/1/2006,1226.77
8/2/2006,1228.98
8/3/2006,1228.15
8/4/2006,1233.03
8/7/2006,1234.23
8/8/2006,1232.79
8/9/2006,1238.21
8/10/2006,1238.11
8/11/2006,1238.11
8/14/2006,1235.16
8/15/2006,1235.74
8/16/2006,1240.31
8/17/2006,1242.72
8/18/2006,1238.11
8/21/2006,1239.39
8/22/2006,1237.34
8/23/2006,1236.9
8/24/2006,1232.09
8/25/2006,1229.91
8/28/2006,1230.51
8/29/2006,1233.46
8/30/2006,1236.62
8/31/2006,1233.91
9/1/2006,1233.53
9/4/2006,1239.43
9/5/2006,1239.72
9/6/2006,1237.05
9/7/2006,1232.73
9/8/2006,1231.45
9/11/2006,1229.04
9/12/2006,1231.95
9/13/2006,1232.32
9/14/2006,1233.97
9/15/2006,1234.8
9/18/2006,1237.47
9/19/2006,1238.71
9/20/2006,1237.25
9/21/2006,1235.84
9/22/2006,1231.31
9/25/2006,1230.38
9/26/2006,1232.66
9/27/2006,1234.99
9/28/2006,1233.99
9/29/2006,1233.09
10/2/2006,1235.23
10/3/2006,1235.13
10/4/2006,1231.79
10/5/2006,1234.39
10/6/2006,1234.04
10/9/2006,1231.24
10/10/2006,1233.18
10/11/2006,1233.98
10/12/2006,1237.12
10/13/2006,1241.7
10/16/2006,1242.09
10/17/2006,1241.44
10/18/2006,1242.45
10/19/2006,1243.95
10/20/2006,1243.53
10/23/2006,1240.62
10/24/2006,1240.07
10/25/2006,1242.99
10/26/2006,1249.01
10/27/2006,1252.25
10/30/2006,1251.8
10/31/2006,1255.21
11/1/2006,1257.64
11/2/2006,1256.13
11/3/2006,1258.38
11/6/2006,1257.17
11/7/2006,1261.36
11/8/2006,1260.63
11/9/2006,1263.54
11/10/2006,1263.9
11/13/2006,1262.47
11/14/2006,1262.74
11/15/2006,1261.1
11/16/2006,1264.94
11/17/2006,1260.68
11/20/2006,1263.21
11/21/2006,1262.29
11/22/2006,1265.97
11/23/2006,1266.86
11/24/2006,1268.48
11/27/2006,1270.46
11/28/2006,1269.61
11/29/2006,1272.87
11/30/2006,1275.13
12/1/2006,1276.73
12/4/2006,1278.54
12/5/2006,1282.31
12/6/2006,1285.36
12/7/2006,1287.7
12/8/2006,1286.31
12/11/2006,1283.67
12/12/2006,1285.86
12/13/2006,1286.73
12/14/2006,1287.64
12/15/2006,1286.52
12/18/2006,1284.44
12/19/2006,1281.9
12/20/2006,1285.92
12/21/2006,1284.92
12/22/2006,1285.76
12/25/2006,1286.37
12/26/2006,1284.39
12/27/2006,1284.87
12/28/2006,1286.58
12/29/2006,1287.99
1/1/2007,1288.63
1/2/2007,1294.51
1/3/2007,1294.04
1/4/2007,1286.42
1/5/2007,1282.21
1/8/2007,1280.62
1/9/2007,1279.87
1/10/2007,1277.09
1/11/2007,1279.14
1/12/2007,1280.26
1/15/2007,1282.74
1/16/2007,1282.52
1/17/2007,1284.76
1/18/2007,1286.02
1/19/2007,1287.12
1/22/2007,1286.79
1/23/2007,1286.17
1/24/2007,1287.19
1/25/2007,1285.56
1/26/2007,1283.12
1/29/2007,1281.94
1/30/2007,1282.36
1/31/2007,1285.22
2/1/2007,1289.93
2/2/2007,1289.69
2/5/2007,1291.26
2/6/2007,1293.46
2/7/2007,1294.44
2/8/2007,1293.7
2/9/2007,1294.5
2/12/2007,1289.86
2/13/2007,1290.8
2/14/2007,1296.04
2/15/2007,1298.12
2/16/2007,1297.96
2/19/2007,1299.7
2/20/2007,1299.08
2/21/2007,1299.59
2/22/2007,1301.54
2/23/2007,1300.79
2/26/2007,1301.19
2/27/2007,1297.57
2/28/2007,1294.41
3/1/2007,1293.29
3/2/2007,1293.09
3/5/2007,1287.11
3/6/2007,1290.18
3/7/2007,1292.18
3/8/2007,1294.63
3/9/2007,1296.51
3/12/2007,1297.28
3/13/2007,1296.8
3/14/2007,1294.3
3/15/2007,1297.54
3/16/2007,1297.58
3/19/2007,1300.46
3/20/2007,1302.57
3/21/2007,1306.57
3/22/2007,1312.05
3/23/2007,1308.76
3/26/2007,1309.88
3/27/2007,1309.51
3/28/2007,1306.6
3/29/2007,1308.38
3/30/2007,1310.69
4/2/2007,1311.72
4/3/2007,1315.81
4/4/2007,1316.77
4/5/2007,1320.09
4/6/2007,1320.31
4/9/2007,1321.48
4/10/2007,1321.04
4/11/2007,1321.96
4/12/2007,1321.87
4/13/2007,1324.51
4/16/2007,1327.7
4/17/2007,1328.84
4/18/2007,1329.06
4/19/2007,1329.62
4/20/2007,1332.55
4/23/2007,1332.81
4/24/2007,1333.01
4/25/2007,1337.73
4/26/2007,1336.34
4/27/2007,1335.61
4/30/2007,1334.97
5/1/2007,1334.39
5/2/2007,1335.29
5/3/2007,1338.58
5/4/2007,1340.6
5/7/2007,1344.75
5/8/2007,1343.85
5/9/2007,1344.95
5/10/2007,1343.39
5/11/2007,1343.21
5/14/2007,1346.97
5/15/2007,1348.68
5/16/2007,1351.81
5/17/2007,1348.13
5/18/2007,1346.37
5/21/2007,1350.35
5/22/2007,1352.02
5/23/2007,1351.69
5/24/2007,1346.48
5/25/2007,1350.38
5/28/2007,1351.09
5/29/2007,1353.58
5/30/2007,1348.46
5/31/2007,1354.2
6/1/2007,1356.79
6/4/2007,1356.65
6/5/2007,1356.08
6/6/2007,1350.39
6/7/2007,1348.82
6/8/2007,1343.19
6/11/2007,1345.24
6/12/2007,1347.89
6/13/2007,1346.6
6/14/2007,1349.72
6/15/2007,1355.22
6/18/2007,1357.78
6/19/2007,1359.01
6/20/2007,1359.36
6/21/2007,1356.98
6/22/2007,1357.8
6/25/2007,1356.23
6/26/2007,1354.54
6/27/2007,1353.56
6/28/2007,1359.67
6/29/2007,1362.33
7/2/2007,1368.51
7/3/2007,1369.6
7/4/2007,1370.58
7/5/2007,1368.08
7/6/2007,1370.35
7/9/2007,1372.14
7/10/2007,1373.46
7/11/2007,1374.64
7/12/2007,1377.34
7/13/2007,1379.99
7/16/2007,1380.62
7/17/2007,1381.03
7/18/2007,1381.96
7/19/2007,1385.38
7/20/2007,1384.77
7/23/2007,1388.28
7/24/2007,1389.16
7/25/2007,1381.87
7/26/2007,1377.13
7/27/2007,1369.57
7/30/2007,1372.01
7/31/2007,1376.56
8/1/2007,1371.78
8/2/2007,1374.62
8/3/2007,1375.61
8/6/2007,1372.93
8/7/2007,1373.98
8/8/2007,1378.29
8/9/2007,1373.48
8/10/2007,1364.57
8/13/2007,1367.35
8/14/2007,1360.53
8/15/2007,1356.96
8/16/2007,1337.6
8/17/2007,1344.82
8/20/2007,1351.51
8/21/2007,1348.21
8/22/2007,1354.23
8/23/2007,1357.82
8/24/2007,1358.91
8/27/2007,1363.37
8/28/2007,1360.01
8/29/2007,1359.68
8/30/2007,1363.73
8/31/2007,1365.9
9/3/2007,1367.17
9/4/2007,1365.41
9/5/2007,1364.93
9/6/2007,1367.16
9/7/2007,1367.33
9/10/2007,1368.06
9/11/2007,1374.28
9/12/2007,1378.54
9/13/2007,1381.28
9/14/2007,1382.04
9/17/2007,1379.83
9/18/2007,1381.45
9/19/2007,1392.1
9/20/2007,1396.71
9/21/2007,1399.05
9/24/2007,1400.64
9/25/2007,1399.99
9/26/2007,1403.13
9/27/2007,1406.59
9/28/2007,1409.5
10/1/2007,1413.46
10/2/2007,1411.47
10/3/2007,1414.16
10/4/2007,1412.39
10/5/2007,1416.23
10/8/2007,1416.76
10/9/2007,1416.89
10/10/2007,1419.15
10/11/2007,1424.15
10/12/2007,1420.8
10/15/2007,1421.54
10/16/2007,1415.99
10/17/2007,1419.7
10/18/2007,1420.58
10/19/2007,1421.66
10/22/2007,1417.05
10/23/2007,1423.65
10/24/2007,1424.38
10/25/2007,1430.25
10/26/2007,1436.58
10/29/2007,1440.59
10/30/2007,1441.63
10/31/2007,1446.55
11/1/2007,1444.75
11/2/2007,1442.83
11/5/2007,1442.63
11/6/2007,1447.42
11/7/2007,1450.24
11/8/2007,1450.1
11/9/2007,1446.95
11/12/2007,1437.85
11/13/2007,1439
11/14/2007,1447.29
11/15/2007,1443.33
11/16/2007,1441.67
11/19/2007,1440.13
11/20/2007,1441.47
11/21/2007,1434.27
11/22/2007,1436.28
11/23/2007,1432.95
11/26/2007,1431.08
11/27/2007,1427.3
11/28/2007,1434.11
11/29/2007,1437.56
11/30/2007,1441.79
12/3/2007,1439.95
12/4/2007,1439.59
12/5/2007,1441.5
12/6/2007,1443.03
12/7/2007,1447.74
12/10/2007,1449.54
12/11/2007,1448.84
12/12/2007,1448.56
12/13/2007,1445.71
12/14/2007,1440.02
12/17/2007,1432.39
12/18/2007,1432.63
12/19/2007,1433.95
12/20/2007,1431.23
12/21/2007,1433.85
12/24/2007,1437.67
12/25/2007,1437.83
12/26/2007,1439.92
12/27/2007,1443.64
12/28/2007,1448.65
12/31/2007,1445.86
1/1/2008,1446.05
1/2/2008,1448.87
1/3/2008,1451.16
1/4/2008,1449.57
1/7/2008,1448.58
1/8/2008,1454.08
1/9/2008,1452.22
1/10/2008,1453.46
1/11/2008,1457.92
1/14/2008,1464.61
1/15/2008,1462.45
1/16/2008,1453.42
1/17/2008,1450.57
1/18/2008,1449.02
1/21/2008,1436.58
1/22/2008,1442.01
1/23/2008,1441.83
1/24/2008,1450
1/25/2008,1451.88
1/28/2008,1451.6
1/29/2008,1454.78
1/30/2008,1453.96
1/31/2008,1454.83
2/1/2008,1458.92
2/4/2008,1459.64
2/5/2008,1455.42
2/6/2008,1453.53
2/7/2008,1450.29
2/8/2008,1449.59
2/11/2008,1449.28
2/12/2008,1455.47
2/13/2008,1454.91
2/14/2008,1457.71
2/15/2008,1458.09
2/18/2008,1460.82
2/19/2008,1462.12
2/20/2008,1456.15
2/21/2008,1463.24
2/22/2008,1465.52
2/25/2008,1468.94
2/26/2008,1473.43
2/27/2008,1485.27
2/28/2008,1486.87
2/29/2008,1480.35
3/3/2008,1476.82
3/4/2008,1479.22
3/5/2008,1482.59
3/6/2008,1483.32
3/7/2008,1476.42
3/10/2008,1471.76
3/11/2008,1474.7
3/12/2008,1480.55
3/13/2008,1475.78
3/14/2008,1472.21
3/17/2008,1460.94
3/18/2008,1470.98
3/19/2008,1472.79
3/20/2008,1462.01
3/21/2008,1462.12
3/24/2008,1469.01
3/25/2008,1476.23
3/26/2008,1477.04
3/27/2008,1478.75
3/28/2008,1473.77
3/31/2008,1472.94
4/1/2008,1473.85
4/2/2008,1482.22
4/3/2008,1481.41
4/4/2008,1485.5
4/7/2008,1488.48
4/8/2008,1487.33
4/9/2008,1489.75
4/10/2008,1493.59
4/11/2008,1491.94
4/14/2008,1492.66
4/15/2008,1490.67
4/16/2008,1493.45
4/17/2008,1495.95
4/18/2008,1492.31
4/21/2008,1494.97
4/22/2008,1497.89
4/23/2008,1499.57
4/24/2008,1492.87
4/25/2008,1492.09
4/28/2008,1493.06
4/29/2008,1486.81
4/30/2008,1487.92
5/1/2008,1489.86
5/2/2008,1491.67
5/5/2008,1490.54
5/6/2008,1489.94
5/7/2008,1483.82
5/8/2008,1472.08
5/9/2008,1473.9
5/12/2008,1476.68
5/13/2008,1479.42
5/14/2008,1474.44
5/15/2008,1476.6
5/16/2008,1485.49
5/19/2008,1486.53
5/20/2008,1483.46
5/21/2008,1487.48
5/22/2008,1486.2
5/23/2008,1486.38
5/26/2008,1486.25
5/27/2008,1484.57
5/28/2008,1486.79
5/29/2008,1492.63
5/30/2008,1496.39
6/2/2008,1497.67
6/3/2008,1500
6/4/2008,1495.36
6/5/2008,1493.53
6/6/2008,1496.86
6/9/2008,1495.6
6/10/2008,1490.8
6/11/2008,1488.17
6/12/2008,1486.81
6/13/2008,1484.08
6/16/2008,1490.34
6/17/2008,1499.52
6/18/2008,1497.96
6/19/2008,1501.25
6/20/2008,1501.47
6/23/2008,1496.11
6/24/2008,1499.82
6/25/2008,1502.3
6/26/2008,1505.21
6/27/2008,1501.28
6/30/2008,1505.34
7/1/2008,1501.23
7/2/2008,1507.78
7/3/2008,1504.88
7/4/2008,1505.1
7/7/2008,1508.23
7/8/2008,1509.97
7/9/2008,1518.5
7/10/2008,1516.4
7/11/2008,1521.55
7/14/2008,1524.82
7/15/2008,1525.36
7/16/2008,1525.41
7/17/2008,1528.36
7/18/2008,1527.79
7/21/2008,1527.95
7/22/2008,1529.3
7/23/2008,1529.15
7/24/2008,1531.06
7/25/2008,1532.37
7/28/2008,1532.84
7/29/2008,1533.45
7/30/2008,1534.73
7/31/2008,1535
8/1/2008,1535.6
8/4/2008,1535.31
8/5/2008,1530.71
8/6/2008,1528.14
8/7/2008,1525.46
8/8/2008,1506.87
8/11/2008,1505.99
8/12/2008,1501.48
8/13/2008,1497.51
8/14/2008,1500.05
8/15/2008,1490.7
8/18/2008,1493.21
8/19/2008,1489.29
8/20/2008,1495.29
8/21/2008,1499.96
8/22/2008,1498.97
8/25/2008,1491.02
8/26/2008,1482.91
8/27/2008,1488.32
8/28/2008,1489.61
8/29/2008,1486.17
9/1/2008,1476.4
9/2/2008,1468.33
9/3/2008,1459.7
9/4/2008,1457.51
9/5/2008,1446.09
9/8/2008,1458.6
9/9/2008,1448.86
9/10/2008,1441.91
9/11/2008,1427.85
9/12/2008,1440.05
9/15/2008,1436.41
9/16/2008,1421.7
9/17/2008,1424.64
9/18/2008,1416.71
9/19/2008,1434.15
9/22/2008,1446.04
9/23/2008,1440.59
9/24/2008,1435.46
9/25/2008,1435.27
9/26/2008,1431.36
9/29/2008,1411.32
9/30/2008,1402.92
10/1/2008,1405.56
10/2/2008,1387.47
10/3/2008,1385.65
10/6/2008,1347.46
10/7/2008,1336.76
10/8/2008,1301.23
10/9/2008,1321.18
10/10/2008,1315.57
10/13/2008,1339.45
10/14/2008,1357.79
10/15/2008,1333.28
10/16/2008,1296.97
10/17/2008,1315.36
10/20/2008,1319.77
10/21/2008,1300.6
10/22/2008,1268.37
10/23/2008,1267.45
10/24/2008,1259.89
10/27/2008,1260.72
10/28/2008,1269.98
10/29/2008,1293.22
10/30/2008,1317.16
10/31/2008,1314.39
11/3/2008,1315.69
11/4/2008,1328.69
11/5/2008,1333.46
11/6/2008,1311.31
11/7/2008,1309.78
11/10/2008,1315.1
11/11/2008,1296.72
11/12/2008,1280.79
11/13/2008,1275.21
11/14/2008,1284.85
11/17/2008,1276.64
11/18/2008,1272.02
11/19/2008,1263.48
11/20/2008,1249.45
11/21/2008,1244.02
11/24/2008,1261.03
11/25/2008,1271.68
11/26/2008,1275.85
11/27/2008,1281.16
11/28/2008,1274
12/1/2008,1263.78
12/2/2008,1258.64
12/3/2008,1262.54
12/4/2008,1254.65
12/5/2008,1243.23
12/8/2008,1265.94
12/9/2008,1264.63
12/10/2008,1276.22
12/11/2008,1293.97
12/12/2008,1289.3
12/15/2008,1294.17
12/16/2008,1298.12
12/17/2008,1314.85
12/18/2008,1327.17
12/19/2008,1319.2
12/22/2008,1310.66
12/23/2008,1307.01
12/24/2008,1310.26
12/25/2008,1310.62
12/26/2008,1309.85
12/29/2008,1315.25
12/30/2008,1323.52
12/31/2008,1320.31
1/1/2009,1320.67
1/2/2009,1315.61
1/5/2009,1319.41
1/6/2009,1326.21
1/7/2009,1326.09
1/8/2009,1314.33
1/9/2009,1309.38
1/12/2009,1294.56
1/13/2009,1295.28
1/14/2009,1286.93
1/15/2009,1277.8
1/16/2009,1290.36
1/19/2009,1285.96
1/20/2009,1277.81
1/21/2009,1279.21
1/22/2009,1281.85
1/23/2009,1274.02
1/26/2009,1283.49
1/27/2009,1283.03
1/28/2009,1287.93
1/29/2009,1283.74
1/30/2009,1273.57
2/2/2009,1267.68
2/3/2009,1272.14
2/4/2009,1278.5
2/5/2009,1277.52
2/6/2009,1285.64
2/9/2009,1293.81
2/10/2009,1289.13
2/11/2009,1282.01
2/12/2009,1276.42
2/13/2009,1281.58
2/16/2009,1274.39
2/17/2009,1257.83
2/18/2009,1251.52
2/19/2009,1256.49
2/20/2009,1244.1
2/23/2009,1252.09
2/24/2009,1248.9
2/25/2009,1248.32
2/26/2009,1252.81
2/27/2009,1244.08
3/2/2009,1226.81
3/3/2009,1228.36
3/4/2009,1235.23
3/5/2009,1232.84
3/6/2009,1235.99
3/9/2009,1235.91
3/10/2009,1248.98
3/11/2009,1257.21
3/12/2009,1259.16
3/13/2009,1264.9
3/16/2009,1280.6
3/17/2009,1282.57
3/18/2009,1279.86
3/19/2009,1299.89
3/20/2009,1298.35
3/23/2009,1301.89
3/24/2009,1304.12
3/25/2009,1306.44
3/26/2009,1312.12
3/27/2009,1302.44
3/30/2009,1285.68
3/31/2009,1295.45
4/1/2009,1300.08
4/2/2009,1320.91
4/3/2009,1324.07
4/6/2009,1331.73
4/7/2009,1323.84
4/8/2009,1321.59
4/9/2009,1333
4/10/2009,1333.17
4/13/2009,1335.4
4/14/2009,1336
4/15/2009,1328.8
4/16/2009,1335.37
4/17/2009,1332.58
4/20/2009,1323.15
4/21/2009,1319.86
4/22/2009,1325.88
4/23/2009,1326.53
4/24/2009,1334.78
4/27/2009,1330.65
4/28/2009,1327.84
4/29/2009,1339.72
4/30/2009,1353.22
5/1/2009,1352.88
5/4/2009,1365.12
5/5/2009,1366.26
5/6/2009,1365.17
5/7/2009,1374.4
5/8/2009,1380.01
5/11/2009,1385.12
5/12/2009,1383.63
5/13/2009,1376.45
5/14/2009,1371.37
5/15/2009,1377.12
5/18/2009,1378.67
5/19/2009,1389.12
5/20/2009,1398.69
5/21/2009,1394.28
5/22/2009,1401.96
5/25/2009,1402.37
5/26/2009,1395.49
5/27/2009,1400.03
5/28/2009,1402.24
5/29/2009,1412.54
6/1/2009,1422.95
6/2/2009,1420.54
6/3/2009,1418.49
6/4/2009,1415.78
6/5/2009,1415.04
6/8/2009,1403.03
6/9/2009,1408.6
6/10/2009,1413.73
6/11/2009,1413.08
6/12/2009,1414.73
6/15/2009,1407.89
6/16/2009,1411.65
6/17/2009,1401.07
6/18/2009,1405.23
6/19/2009,1407.48
6/22/2009,1397.66
6/23/2009,1393.87
6/24/2009,1405.17
6/25/2009,1402.11
6/26/2009,1410.32
6/29/2009,1411.46
6/30/2009,1415.15
7/1/2009,1421.41
7/2/2009,1415.5
7/3/2009,1414.61
7/6/2009,1406.37
7/7/2009,1408.89
7/8/2009,1398.52
7/9/2009,1398.02
7/10/2009,1391.51
7/13/2009,1385.87
7/14/2009,1394.25
7/15/2009,1405.43
7/16/2009,1410.59
7/17/2009,1412.89
7/20/2009,1424.17
7/21/2009,1428.23
7/22/2009,1428.04
7/23/2009,1432.05
7/24/2009,1429.65
7/27/2009,1434.04
7/28/2009,1433.89
7/29/2009,1427.9
7/30/2009,1433
7/31/2009,1435.5
8/3/2009,1447.79
8/4/2009,1445.8
8/5/2009,1442.66
8/6/2009,1442.03
8/7/2009,1441.44
8/10/2009,1438.79
8/11/2009,1430.82
8/12/2009,1432.08
8/13/2009,1439.57
8/14/2009,1436.81
8/17/2009,1423.1
8/18/2009,1428.68
8/19/2009,1429.48
8/20/2009,1435.13
8/21/2009,1439.8
8/24/2009,1443.77
8/25/2009,1440.84
8/26/2009,1433.26
8/27/2009,1429.3
8/28/2009,1434.88
8/31/2009,1433.27
9/1/2009,1432.65
9/2/2009,1425.65
9/3/2009,1431.35
9/4/2009,1438.63
9/7/2009,1444.3
9/8/2009,1450.73
9/9/2009,1453.56
9/10/2009,1451.85
9/11/2009,1458.81
9/14/2009,1455.4
9/15/2009,1458.9
9/16/2009,1467.82
9/17/2009,1469.83
9/18/2009,1467.7
9/21/2009,1464.97
9/22/2009,1470.64
9/23/2009,1473.85
9/24/2009,1471.95
9/25/2009,1472.75
9/28/2009,1472.06
9/29/2009,1472.86
9/30/2009,1475.37
10/1/2009,1475.77
10/2/2009,1472.66
10/5/2009,1479.28
10/6/2009,1490.71
10/7/2009,1489.14
10/8/2009,1495.42
10/9/2009,1496.4
10/12/2009,1496.67
10/13/2009,1497.54
10/14/2009,1505.99
10/15/2009,1509.04
10/16/2009,1503.38
10/19/2009,1504.27
10/20/2009,1501.98
10/21/2009,1499.55
10/22/2009,1496.28
10/23/2009,1500.71
10/26/2009,1498.22
10/27/2009,1489.75
10/28/2009,1479.94
10/29/2009,1483.99
10/30/2009,1485.38
11/2/2009,1482.95
11/3/2009,1481.16
11/4/2009,1490.7
11/5/2009,1493.76
11/6/2009,1497.84
11/9/2009,1508.56
11/10/2009,1507.44
11/11/2009,1509.74
11/12/2009,1505.17
11/13/2009,1506.59
11/16/2009,1514.34
11/17/2009,1509.87
11/18/2009,1514.9
11/19/2009,1502.38
11/20/2009,1501.79
11/23/2009,1509.05
11/24/2009,1507.99
11/25/2009,1511.99
11/26/2009,1502.87
11/27/2009,1501.77
11/30/2009,1503.74
12/1/2009,1510.9
12/2/2009,1514.58
12/3/2009,1517.17
12/4/2009,1512.9
12/7/2009,1507.71
12/8/2009,1499.25
12/9/2009,1495.89
12/10/2009,1495.47
12/11/2009,1499.09
12/14/2009,1502.88
12/15/2009,1501.46
12/16/2009,1501.78
12/17/2009,1487.28
12/18/2009,1485.52
12/21/2009,1485.68
12/22/2009,1483.72
12/23/2009,1488.72
12/24/2009,1496.63
12/25/2009,1496.75
12/28/2009,1501.64
12/29/2009,1501.03
12/30/2009,1500.57
12/31/2009,1503.79
1/1/2010,1503.87
1/4/2010,1514.27
1/5/2010,1518.6
1/6/2010,1520.27
1/7/2010,1519.09
1/8/2010,1520.36
1/11/2010,1530.07
1/12/2010,1525.39
1/13/2010,1522.94
1/14/2010,1521.38
1/15/2010,1520.81
1/18/2010,1521.16
1/19/2010,1519.28
1/20/2010,1509.13
1/21/2010,1506.82
1/22/2010,1498.69
1/25/2010,1497.42
1/26/2010,1490.58
1/27/2010,1486.65
1/28/2010,1488.76
1/29/2010,1487.83
2/1/2010,1486.43
2/2/2010,1494.86
2/3/2010,1496.51
2/4/2010,1484.93
2/5/2010,1478.78
2/8/2010,1478.64
2/9/2010,1483.72
2/10/2010,1485.06
2/11/2010,1485.35
2/12/2010,1487.22
2/15/2010,1488.96
2/16/2010,1492.85
2/17/2010,1497.42
2/18/2010,1497.81
2/19/2010,1494.59
2/22/2010,1499.05
2/23/2010,1496.89
2/24/2010,1495.54
2/25/2010,1489.29
2/26/2010,1498.8
3/1/2010,1500.82
3/2/2010,1507.08
3/3/2010,1512.24
3/4/2010,1510.5
3/5/2010,1515.76
3/8/2010,1518.46
3/9/2010,1516.77
3/10/2010,1523.88
3/11/2010,1521.97
3/12/2010,1526.53
3/15/2010,1523.43
3/16/2010,1526.5
3/17/2010,1530.58
3/18/2010,1524.31
3/19/2010,1521.62
3/22/2010,1518.67
3/23/2010,1522.19
3/24/2010,1519.39
3/25/2010,1516.48
3/26/2010,1514.9
3/29/2010,1521.38
3/30/2010,1525.13
3/31/2010,1529.13
4/1/2010,1534.24
4/2/2010,1534.36
4/5/2010,1539.93
4/6/2010,1539.36
4/7/2010,1540.07
4/8/2010,1535.8
4/9/2010,1541.32
4/12/2010,1545.88
4/13/2010,1540.58
4/14/2010,1547.96
4/15/2010,1549.64
4/16/2010,1546.29
4/19/2010,1539.06
4/20/2010,1543.09
4/21/2010,1545.24
4/22/2010,1540.8
4/23/2010,1543.84
4/26/2010,1549.71
4/27/2010,1545.66
4/28/2010,1538.09
4/29/2010,1547.11
4/30/2010,1549.8
5/3/2010,1543.88
5/4/2010,1535.7
5/5/2010,1524.13
5/6/2010,1510.37
5/7/2010,1498.29
5/10/2010,1524.53
5/11/2010,1521.42
5/12/2010,1525.3
5/13/2010,1528.4
5/14/2010,1520.33
5/17/2010,1509.86
5/18/2010,1513.74
5/19/2010,1493.07
5/20/2010,1473.38
5/21/2010,1479.21
5/24/2010,1480.06
5/25/2010,1459.8
5/26/2010,1474.83
5/27/2010,1484.04
5/28/2010,1494.37
5/31/2010,1492.65
6/1/2010,1485.12
6/2/2010,1482.54
6/3/2010,1491.75
6/4/2010,1482.78
6/7/2010,1467.93
6/8/2010,1469.6
6/9/2010,1473.95
6/10/2010,1478.09
6/11/2010,1481.68
6/14/2010,1491.3
6/15/2010,1492.71
6/16/2010,1496.84
6/17/2010,1499.27
6/18/2010,1506.1
6/21/2010,1520.34
6/22/2010,1513.32
6/23/2010,1504.99
6/24/2010,1502.97
6/25/2010,1499.8
6/28/2010,1506.04
6/29/2010,1494.3
6/30/2010,1494.61
7/1/2010,1491.09
7/2/2010,1497.74
7/5/2010,1498.47
7/6/2010,1503.22
7/7/2010,1501.61
7/8/2010,1507.59
7/9/2010,1512.06
7/12/2010,1510.16
7/13/2010,1511.9
7/14/2010,1513.21
7/15/2010,1513.52
7/16/2010,1510.77
7/19/2010,1504.74
7/20/2010,1507.71
7/21/2010,1511.73
7/22/2010,1516
7/23/2010,1517.25
7/26/2010,1520.44
7/27/2010,1526.15
7/28/2010,1525.5
7/29/2010,1527.42
7/30/2010,1528.87
8/2/2010,1538.29
8/3/2010,1537.42
8/4/2010,1537.98
8/5/2010,1539.42
8/6/2010,1541.48
8/9/2010,1543.97
8/10/2010,1537.36
8/11/2010,1528.74
8/12/2010,1527.19
8/13/2010,1526.52
8/16/2010,1528.95
8/17/2010,1535.63
8/18/2010,1535.94
8/19/2010,1534.64
8/20/2010,1529.24
8/23/2010,1528.53
8/24/2010,1523.84
8/25/2010,1521.32
8/26/2010,1528.23
8/27/2010,1526.97
8/30/2010,1527
8/31/2010,1524.05
9/1/2010,1532.64
9/2/2010,1535.68
9/3/2010,1541.34
9/6/2010,1543.2
9/7/2010,1537.51
9/8/2010,1540.77
9/9/2010,1544.77
9/10/2010,1546.85
9/13/2010,1552.41
9/14/2010,1555.78
9/15/2010,1554.64
9/16/2010,1552.33
9/17/2010,1555.1
9/20/2010,1557.63
9/21/2010,1556.48
9/22/2010,1561.97
9/23/2010,1561.35
9/24/2010,1568.41
9/27/2010,1573.34
9/28/2010,1574.8
9/29/2010,1578.81
9/30/2010,1580.81
10/1/2010,1588.11
10/4/2010,1587.56
10/5/2010,1591.17
10/6/2010,1597.79
10/7/2010,1600.7
10/8/2010,1598.01
10/11/2010,1602.72
10/12/2010,1596.39
10/13/2010,1605.19
10/14/2010,1611.53
10/15/2010,1608.76
10/18/2010,1604.42
10/19/2010,1592.67
10/20/2010,1597.17
10/21/2010,1596.61
10/22/2010,1594.86
10/25/2010,1598.81
10/26/2010,1595.96
10/27/2010,1585.98
10/28/2010,1589.8
10/29/2010,1594.5
11/1/2010,1594.78
11/2/2010,1599.49
11/3/2010,1601.78
11/4/2010,1611.47
11/5/2010,1612
11/8/2010,1603.96
11/9/2010,1608.92
11/10/2010,1603.71
11/11/2010,1603.77
11/12/2010,1596.45
11/15/2010,1590.04
11/16/2010,1586.98
11/17/2010,1584.23
11/18/2010,1591.39
11/19/2010,1590.5
11/22/2010,1592.02
11/23/2010,1582.32
11/24/2010,1583.04
11/25/2010,1586.14
11/26/2010,1573.9
11/29/2010,1573.22
11/30/2010,1573.84
12/1/2010,1581.3
12/2/2010,1586.81
12/3/2010,1594.29
12/6/2010,1597.38
12/7/2010,1601.86
12/8/2010,1591.99
12/9/2010,1592.84
12/10/2010,1591.97
12/13/2010,1595.4
12/14/2010,1599.72
12/15/2010,1596.49
12/16/2010,1592.71
12/17/2010,1592.57
12/20/2010,1591.55
12/21/2010,1596.28
12/22/2010,1598.1
12/23/2010,1600.53
12/24/2010,1604.14
12/27/2010,1605.72
12/28/2010,1607.74
12/29/2010,1610.97
12/30/2010,1619.06
12/31/2010,1622.84
1/3/2011,1626.86
1/4/2011,1621.48
1/5/2011,1617.47
1/6/2011,1613.28
1/7/2011,1613.25
1/10/2011,1608.85
1/11/2011,1612.05
1/12/2011,1621.77
1/13/2011,1625.34
1/14/2011,1621.5
1/17/2011,1621.59
1/18/2011,1624.61
1/19/2011,1626.12
1/20/2011,1617.85
1/21/2011,1620.13
1/24/2011,1622.89
1/25/2011,1623.11
1/26/2011,1624.31
1/27/2011,1625.47
1/28/2011,1619.23
1/31/2011,1618.15
2/1/2011,1625.37
2/2/2011,1626.11
2/3/2011,1622.35
2/4/2011,1622.78
2/7/2011,1626.65
2/8/2011,1632.26
2/9/2011,1631.52
2/10/2011,1625.05
2/11/2011,1621.44
2/14/2011,1621.2
2/15/2011,1621.87
2/16/2011,1623.5
2/17/2011,1626.79
2/18/2011,1630.95
2/21/2011,1631.04
2/22/2011,1626.38
2/23/2011,1625.82
2/24/2011,1624.33
2/25/2011,1628.93
2/28/2011,1631.51
3/1/2011,1633.94
3/2/2011,1636.82
3/3/2011,1640.48
3/4/2011,1645.89
3/7/2011,1644.3
3/8/2011,1643.29
3/9/2011,1644.28
3/10/2011,1638.72
3/11/2011,1636.81
3/14/2011,1639.21
3/15/2011,1632.42
3/16/2011,1632.55
3/17/2011,1630.16
3/18/2011,1635.34
3/21/2011,1641.35
3/22/2011,1644.65
3/23/2011,1642.62
3/24/2011,1647.09
3/25/2011,1650.25
3/28/2011,1647.76
3/29/2011,1649.08
3/30/2011,1654.67
3/31/2011,1661.62
4/1/2011,1666.52
4/4/2011,1670.42
4/5/2011,1671.2
4/6/2011,1678.19
4/7/2011,1678.99
4/8/2011,1687.53
4/11/2011,1686.5
4/12/2011,1679.19
4/13/2011,1680.2
4/14/2011,1679.62
4/15/2011,1681.69
4/18/2011,1674.02
4/19/2011,1678.52
4/20/2011,1688.51
4/21/2011,1693.03
4/22/2011,1693.18
4/25/2011,1691.67
4/26/2011,1693.41
4/27/2011,1696.97
4/28/2011,1700.35
4/29/2011,1706.56
5/2/2011,1709.14
5/3/2011,1702.31
5/4/2011,1699.43
5/5/2011,1690.96
5/6/2011,1691.25
5/9/2011,1685.59
5/10/2011,1689.48
5/11/2011,1689.41
5/12/2011,1678.21
5/13/2011,1675.94
5/16/2011,1674.1
5/17/2011,1671.08
5/18/2011,1677.31
5/19/2011,1679.55
5/20/2011,1679.49
5/23/2011,1665.5
5/24/2011,1670.71
5/25/2011,1665.8
5/26/2011,1672.64
5/27/2011,1682.41
5/30/2011,1684.73
5/31/2011,1691.79
6/1/2011,1694.61
6/2/2011,1693.95
6/3/2011,1696.93
6/6/2011,1695.72
6/7/2011,1698.4
6/8/2011,1696.97
6/9/2011,1694.3
6/10/2011,1689.96
6/13/2011,1690
6/14/2011,1694.47
6/15/2011,1690.2
6/16/2011,1680.74
6/17/2011,1686.53
6/20/2011,1685.89
6/21/2011,1692.49
6/22/2011,1695.66
6/23/2011,1687.09
6/24/2011,1685.49
6/27/2011,1684.01
6/28/2011,1688.7
6/29/2011,1695
6/30/2011,1703.72
7/1/2011,1707.36
7/4/2011,1710.94
7/5/2011,1707.82
7/6/2011,1706.49
7/7/2011,1711.66
7/8/2011,1710.8
7/11/2011,1701.03
7/12/2011,1696.17
7/13/2011,1703.29
7/14/2011,1704.55
7/15/2011,1702.6
7/18/2011,1697.15
7/19/2011,1704.92
7/20/2011,1708.34
7/21/2011,1713.93
7/22/2011,1716.36
7/25/2011,1717.43
7/26/2011,1726.09
7/27/2011,1720.79
7/28/2011,1719.75
7/29/2011,1719.7
8/1/2011,1721.23
8/2/2011,1717.1
8/3/2011,1712.58
8/4/2011,1704.92
8/5/2011,1699.43
8/8/2011,1684.39
8/9/2011,1668.13
8/10/2011,1677.16
8/11/2011,1676.09
8/12/2011,1681.21
8/15/2011,1690.83
8/16/2011,1693.76
8/17/2011,1696.12
8/18/2011,1684.14
8/19/2011,1684.79
8/22/2011,1683.56
8/23/2011,1685.59
8/24/2011,1683.82
8/25/2011,1679.87
8/26/2011,1682.34
8/29/2011,1693.2
8/30/2011,1692.79
8/31/2011,1697.08
9/1/2011,1695.39
9/2/2011,1688.24
9/5/2011,1679.07
9/6/2011,1674.77
9/7/2011,1676.16
9/8/2011,1675.09
9/9/2011,1663.51
9/12/2011,1652.23
9/13/2011,1647.93
9/14/2011,1634.29
9/15/2011,1635.58
9/16/2011,1637.26
9/19/2011,1609.58
9/20/2011,1605.68
9/21/2011,1590.6
9/22/2011,1563.45
9/23/2011,1566.33
9/26/2011,1563
9/27/2011,1586.56
9/28/2011,1584.18
9/29/2011,1579.26
9/30/2011,1568.74
10/3/2011,1558.05
10/4/2011,1553.27
10/5/2011,1565.97
10/6/2011,1573.27
10/7/2011,1589.22
10/10/2011,1599.15
10/11/2011,1596.09
10/12/2011,1601.13
10/13/2011,1600.13
10/14/2011,1607.89
10/17/2011,1609.97
10/18/2011,1600.38
10/19/2011,1607.9
10/20/2011,1590.62
10/21/2011,1595.1
10/24/2011,1606.32
10/25/2011,1611.72
10/26/2011,1608.53
10/27/2011,1629.71
10/28/2011,1643.59
10/31/2011,1636.09
11/1/2011,1613.14
11/2/2011,1616.66
11/3/2011,1617.27
11/4/2011,1621.13
11/7/2011,1618.62
11/8/2011,1621.72
11/9/2011,1614.17
11/10/2011,1606.11
11/11/2011,1617.16
11/14/2011,1611.38
11/15/2011,1604.84
11/16/2011,1602
11/17/2011,1602.31
11/18/2011,1596.27
11/21/2011,1583.31
11/22/2011,1581.01
11/23/2011,1568.72
11/24/2011,1565.41
11/25/2011,1561.88
11/28/2011,1571.73
11/29/2011,1576.01
11/30/2011,1591.86
12/1/2011,1601.63
12/2/2011,1602.99
12/5/2011,1605.1
12/6/2011,1599.75
12/7/2011,1601.64
12/8/2011,1594.32
12/9/2011,1590.67
12/12/2011,1581.94
12/13/2011,1575.78
12/14/2011,1566.01
12/15/2011,1568.05
12/16/2011,1574.77
12/19/2011,1568.59
12/20/2011,1578.01
12/21/2011,1580.52
12/22/2011,1581.49
12/23/2011,1582.88
12/26/2011,1583.41
12/27/2011,1580.24
12/28/2011,1576.7
12/29/2011,1577.15
12/30/2011,1581.09
1/2/2012,1581.63
1/3/2012,1589.64
1/4/2012,1589.18
1/5/2012,1585.19
1/6/2012,1582.91
1/9/2012,1584.16
1/10/2012,1596.97
1/11/2012,1595.29
1/12/2012,1601.38
1/13/2012,1600.54
1/16/2012,1603.54
1/17/2012,1610.37
1/18/2012,1615.85
1/19/2012,1621.88
1/20/2012,1621.62
1/23/2012,1628.61
1/24/2012,1625.24
1/25/2012,1627.78
1/26/2012,1641.74
1/27/2012,1642.33
1/30/2012,1637.86
1/31/2012,1644.78
2/1/2012,1651.71
2/2/2012,1658.56
2/3/2012,1661.29
2/6/2012,1660.72
2/7/2012,1663.22
2/8/2012,1666.77
2/9/2012,1665.29
2/10/2012,1656.18
2/13/2012,1660.05
2/14/2012,1656.6
2/15/2012,1658.31
2/16/2012,1650.63
2/17/2012,1659.32
2/20/2012,1664.02
2/21/2012,1663.44
2/22/2012,1662.57
2/23/2012,1664.05
2/24/2012,1669.27
2/27/2012,1667.49
2/28/2012,1672.77
2/29/2012,1674.85
3/1/2012,1673.6
3/2/2012,1669.65
3/5/2012,1664.7
3/6/2012,1654.34
3/7/2012,1651.58
3/8/2012,1659.59
3/9/2012,1661.3
3/12/2012,1650.5
3/13/2012,1656.29
3/14/2012,1647.65
3/15/2012,1650.58
3/16/2012,1653.78
3/19/2012,1656.3
3/20/2012,1649.87
3/21/2012,1647.49
3/22/2012,1645.01
3/23/2012,1645.76
3/26/2012,1649.01
3/27/2012,1652.83
3/28/2012,1647.96
3/29/2012,1642.24
3/30/2012,1648.16
4/2/2012,1650.62
4/3/2012,1655.63
4/4/2012,1645.77
4/5/2012,1646.35
4/6/2012,1646.53
4/9/2012,1641.15
4/10/2012,1635.62
4/11/2012,1638.47
4/12/2012,1641.52
4/13/2012,1640.21
4/16/2012,1637.6
4/17/2012,1641.66
4/18/2012,1638.49
4/19/2012,1633.95
4/20/2012,1636.37
4/23/2012,1631.77
4/24/2012,1636.04
4/25/2012,1636.39
4/26/2012,1637.9
4/27/2012,1641.78
4/30/2012,1642.57
5/1/2012,1641.94
5/2/2012,1640.63
5/3/2012,1638.09
5/4/2012,1634.19
5/7/2012,1631.03
5/8/2012,1626.37
5/9/2012,1616.58
5/10/2012,1619.72
5/11/2012,1617.81
5/14/2012,1606.26
5/15/2012,1601.4
5/16/2012,1593.66
5/17/2012,1593.24
5/18/2012,1589.09
5/21/2012,1587.65
5/22/2012,1589.09
5/23/2012,1571.14
5/24/2012,1577.47
5/25/2012,1579.26
5/28/2012,1583.21
5/29/2012,1583.12
5/30/2012,1571.52
5/31/2012,1563.78
6/1/2012,1560.63
6/4/2012,1564.72
6/5/2012,1569.85
6/6/2012,1577.12
6/7/2012,1581.62
6/8/2012,1573.77
6/11/2012,1577.6
6/12/2012,1571.84
6/13/2012,1576.88
6/14/2012,1574.4
6/15/2012,1580.75
6/18/2012,1581.62
6/19/2012,1588.77
6/20/2012,1591.3
6/21/2012,1585.37
6/22/2012,1575.27
6/25/2012,1571.19
6/26/2012,1573.6
6/27/2012,1576.57
6/28/2012,1574.17
6/29/2012,1596.39
7/2/2012,1600.71
7/3/2012,1607.32
7/4/2012,1604.6
7/5/2012,1601.14
7/6/2012,1593.74
7/9/2012,1592.66
7/10/2012,1595.68
7/11/2012,1596.4
7/12/2012,1586.76
7/13/2012,1593.98
7/16/2012,1595.76
7/17/2012,1598.73
7/18/2012,1602.4
7/19/2012,1604.33
7/20/2012,1601.43
7/23/2012,1588.66
7/24/2012,1586.38
7/25/2012,1585.31
7/26/2012,1597.18
7/27/2012,1605.19
7/30/2012,1603.41
7/31/2012,1605.04
8/1/2012,1605.69
8/2/2012,1600.1
8/3/2012,1609.32
8/6/2012,1615.02
8/7/2012,1615.75
8/8/2012,1615.3
8/9/2012,1619.02
8/10/2012,1616.9
8/13/2012,1613.46
8/14/2012,1613.84
8/15/2012,1611.72
8/16/2012,1611.26
8/17/2012,1608.97
8/20/2012,1610.3
8/21/2012,1616.32
8/22/2012,1612.5
8/23/2012,1616.65
8/24/2012,1612.07
8/27/2012,1611.32
8/28/2012,1608.39
8/29/2012,1606.66
8/30/2012,1603.66
8/31/2012,1609.35
9/3/2012,1612.04
9/4/2012,1610.62
9/5/2012,1610.4
9/6/2012,1616.54
9/7/2012,1623.14
9/10/2012,1625.38
9/11/2012,1628.55
9/12/2012,1626.16
9/13/2012,1625.69
9/14/2012,1643.84
9/17/2012,1643.07
9/18/2012,1639.19
9/19/2012,1640.39
9/20/2012,1634.54
9/21/2012,1641.55
9/24/2012,1638.45
9/25/2012,1643.34
9/26/2012,1637.26
9/27/2012,1642.46
9/28/2012,1645.17
10/1/2012,1646.09
10/2/2012,1645.57
10/3/2012,1644.7
10/4/2012,1646.71
10/5/2012,1646.12
10/8/2012,1638.4
10/9/2012,1638.3
10/10/2012,1637.71
10/11/2012,1640.78
10/12/2012,1642.69
10/15/2012,1640.57
10/16/2012,1644.76
10/17/2012,1649.4
10/18/2012,1648.94
10/19/2012,1646.74
10/22/2012,1646.92
10/23/2012,1641.41
10/24/2012,1641.96
10/25/2012,1645.54
10/26/2012,1645.82
10/29/2012,1643.49
10/30/2012,1646.93
10/31/2012,1647.17
11/1/2012,1647.82
11/2/2012,1646.58
11/5/2012,1643.96
11/6/2012,1646.59
11/7/2012,1648.86
11/8/2012,1644.86
11/9/2012,1643.31
11/12/2012,1643.5
11/13/2012,1640.96
11/14/2012,1639.59
11/15/2012,1639.65
11/16/2012,1635.55
11/19/2012,1642.71
11/20/2012,1643.53
11/21/2012,1640.57
11/22/2012,1641.86
11/23/2012,1643.32
11/26/2012,1645.12
11/27/2012,1646.83
11/28/2012,1643.68
11/29/2012,1648
11/30/2012,1647.76
12/3/2012,1647.58
12/4/2012,1648.56
12/5/2012,1650.4
12/6/2012,1655.07
12/7/2012,1655.1
12/10/2012,1655.71
12/11/2012,1658.45
12/12/2012,1659.35
12/13/2012,1660.5
12/14/2012,1659.48
12/17/2012,1659.46
12/18/2012,1661.47
12/19/2012,1664.48
12/20/2012,1664.71
12/21/2012,1660.59
12/24/2012,1660.5
12/25/2012,1660.67
12/26/2012,1664.42
12/27/2012,1666.18
12/28/2012,1668.78
12/31/2012,1668.39
1/1/2013,1668.57
1/2/2013,1676.65
1/3/2013,1675.53
1/4/2013,1671.56
1/7/2013,1674.22
1/8/2013,1672.95
1/9/2013,1674.24
1/10/2013,1677.08
1/11/2013,1677.27
1/14/2013,1679.76
1/15/2013,1677.72
1/16/2013,1676.03
1/17/2013,1678.84
1/18/2013,1678.16
1/21/2013,1676.66
1/22/2013,1676.33
1/23/2013,1674.44
1/24/2013,1675.69
1/25/2013,1674.12
1/28/2013,1666.27
1/29/2013,1672.74
1/30/2013,1672.62
1/31/2013,1674.32
2/1/2013,1675.46
2/4/2013,1676.13
2/5/2013,1678.09
2/6/2013,1675.49
2/7/2013,1676.4
2/8/2013,1673.94
2/11/2013,1672.71
2/12/2013,1674.26
2/13/2013,1678.2
2/14/2013,1679.52
2/15/2013,1679.67
2/18/2013,1677.3
2/19/2013,1678.57
2/20/2013,1680.64
2/21/2013,1672.53
2/22/2013,1674.24
2/25/2013,1676.44
2/26/2013,1671.16
2/27/2013,1674.4
2/28/2013,1673.3
3/1/2013,1669.92
3/4/2013,1666.86
3/5/2013,1671.93
3/6/2013,1673.06
3/7/2013,1672.23
3/8/2013,1674.33
3/11/2013,1673.09
3/12/2013,1673.6
3/13/2013,1672.3
3/14/2013,1669.22
3/15/2013,1669.59
3/18/2013,1666.19
3/19/2013,1664.92
3/20/2013,1665.11
3/21/2013,1663.73
3/22/2013,1660.73
3/25/2013,1663.96
3/26/2013,1666.33
3/27/2013,1662.51
3/28/2013,1664.32
3/29/2013,1664.5
4/1/2013,1664.46
4/2/2013,1664.34
4/3/2013,1662.58
4/4/2013,1661.02
4/5/2013,1664.63
4/8/2013,1666.9
4/9/2013,1671.27
4/10/2013,1675.44
4/11/2013,1678.08
4/12/2013,1675.8
4/15/2013,1673.97
4/16/2013,1673.41
4/17/2013,1671.78
4/18/2013,1669.71
4/19/2013,1672.96
4/22/2013,1667.81
4/23/2013,1668.07
4/24/2013,1669.34
4/25/2013,1677.9
4/26/2013,1677.28
4/29/2013,1683.63
4/30/2013,1685.41
5/1/2013,1683
5/2/2013,1683.39
5/3/2013,1686.55
5/6/2013,1685.24
5/7/2013,1688.27
5/8/2013,1693.3
5/9/2013,1691.93
5/10/2013,1679.29
5/13/2013,1676.22
5/14/2013,1678.68
5/15/2013,1670.63
5/16/2013,1670.25
5/17/2013,1666.38
5/20/2013,1665.83
5/21/2013,1665.57
5/22/2013,1664.48
5/23/2013,1656.18
5/24/2013,1658.36
5/27/2013,1659.72
5/28/2013,1652.55
5/29/2013,1645.05
5/30/2013,1640.64
5/31/2013,1634.49
6/3/2013,1635.96
6/4/2013,1642.78
6/5/2013,1638.59
6/6/2013,1637.88
6/7/2013,1640.57
6/10/2013,1627.79
6/11/2013,1626.05
6/12/2013,1630.62
6/13/2013,1632.6
6/14/2013,1639.96
6/17/2013,1638.69
6/18/2013,1627.65
6/19/2013,1629.06
6/20/2013,1602.19
6/21/2013,1602.03
6/24/2013,1599.31
6/25/2013,1605.57
6/26/2013,1607.08
6/27/2013,1614.03
6/28/2013,1616.62
7/1/2013,1618.93
7/2/2013,1615.99
7/3/2013,1606.88
7/4/2013,1611.27
7/5/2013,1604.94
7/8/2013,1602.65
7/9/2013,1609.09
7/10/2013,1610.62
7/11/2013,1618.52
7/12/2013,1618.71
7/15/2013,1622.59
7/16/2013,1629.36
7/17/2013,1628.47
7/18/2013,1627.26
7/19/2013,1628.06
7/22/2013,1630.21
7/23/2013,1631.92
7/24/2013,1632.1
7/25/2013,1628.22
7/26/2013,1627.9
7/29/2013,1626.41
7/30/2013,1622.18
7/31/2013,1615.49
8/1/2013,1615.24
8/2/2013,1617.25
8/5/2013,1620.3
8/6/2013,1618.66
8/7/2013,1617.98
8/8/2013,1624.17
8/9/2013,1627.76
8/12/2013,1625.19
8/13/2013,1617.91
8/14/2013,1616.9
8/15/2013,1612.42
8/16/2013,1613.27
8/19/2013,1603.09
8/20/2013,1600.3
8/21/2013,1595.5
8/22/2013,1589.51
8/23/2013,1600.78
8/26/2013,1599.3
8/27/2013,1588.57
8/28/2013,1589.83
8/29/2013,1593.42
8/30/2013,1594.39
9/2/2013,1599.06
9/3/2013,1592.25
9/4/2013,1600.52
9/5/2013,1601.36
9/6/2013,1608.3
9/9/2013,1615.46
9/10/2013,1621.91
9/11/2013,1621.28
9/12/2013,1624.15
9/13/2013,1623.25
9/16/2013,1631.73
9/17/2013,1631.88
9/18/2013,1631.83
9/19/2013,1648.44
9/20/2013,1643.42
9/23/2013,1646.7
9/24/2013,1645.08
9/25/2013,1639.07
9/26/2013,1638.28
9/27/2013,1634.03
9/30/2013,1635.47
10/1/2013,1639.69
10/2/2013,1640.93
10/3/2013,1643.03
10/4/2013,1646.31
10/7/2013,1646.25
10/8/2013,1646.88
10/9/2013,1643.89
10/10/2013,1649.73
10/11/2013,1652.2
10/14/2013,1652.03
10/15/2013,1654.18
10/16/2013,1658.82
10/17/2013,1664.69
10/18/2013,1666.14
10/21/2013,1662.18
10/22/2013,1665.57
10/23/2013,1665.15
10/24/2013,1663.56
10/25/2013,1664.99
10/28/2013,1665.27
10/29/2013,1664.07
10/30/2013,1663.99
10/31/2013,1656.09
11/1/2013,1646.99
11/4/2013,1649.74
11/5/2013,1643.59
11/6/2013,1642.88
11/7/2013,1640.13
11/8/2013,1633.24
11/11/2013,1629.81
11/12/2013,1628.99
11/13/2013,1629.61
11/14/2013,1633.64
11/15/2013,1638.18
11/18/2013,1647.11
11/19/2013,1648.65
11/20/2013,1646.64
11/21/2013,1637.34
11/22/2013,1642.14
11/25/2013,1642.05
11/26/2013,1640.66
11/27/2013,1637.22
11/28/2013,1635.82
11/29/2013,1636.71
12/2/2013,1634.08
12/3/2013,1631.37
12/4/2013,1630.28
12/5/2013,1634.25
12/6/2013,1639.91
12/9/2013,1645.21
12/10/2013,1647.07
12/11/2013,1642.6
12/12/2013,1639.74
12/13/2013,1641.3
12/16/2013,1643.83
12/17/2013,1642.24
12/18/2013,1640.6
12/19/2013,1634.05
12/20/2013,1631.07
12/23/2013,1634.29
12/24/2013,1635.31
12/25/2013,1635.47
12/26/2013,1634.59
12/27/2013,1635.56
12/30/2013,1635.43
12/31/2013,1636.4
1/1/2014,1636.58
1/2/2014,1630.23
1/3/2014,1629.8
1/6/2014,1626.74
1/7/2014,1627.78
1/8/2014,1626.37
1/9/2014,1623.5
1/10/2014,1631.26
1/13/2014,1635.12
1/14/2014,1632.97
1/15/2014,1628.69
1/16/2014,1624.48
1/17/2014,1627.21
1/20/2014,1626.59
1/21/2014,1622.36
1/22/2014,1621.27
1/23/2014,1614.62
1/24/2014,1606.46
1/27/2014,1602.79
1/28/2014,1607.37
1/29/2014,1605.85
1/30/2014,1607.88
1/31/2014,1605.51
2/3/2014,1600.85
2/4/2014,1604.04
2/5/2014,1607.58
2/6/2014,1613.77
2/7/2014,1612.55
2/10/2014,1612.34
2/11/2014,1614.24
2/12/2014,1618.02
2/13/2014,1615.55
2/14/2014,1622.05
2/17/2014,1626.05
2/18/2014,1620.64
2/19/2014,1619.77
2/20/2014,1617.27
2/21/2014,1620.11
2/24/2014,1623.27
2/25/2014,1622.45
2/26/2014,1621.56
2/27/2014,1621.18
2/28/2014,1623.14
3/3/2014,1618.74
3/4/2014,1620.47
3/5/2014,1624
3/6/2014,1633.08
3/7/2014,1628.57
3/10/2014,1625.67
3/11/2014,1624.66
3/12/2014,1620.15
3/13/2014,1623.96
3/14/2014,1622.11
3/17/2014,1624.39
3/18/2014,1624.71
3/19/2014,1625.48
3/20/2014,1616.57
3/21/2014,1617.56
3/24/2014,1621.53
3/25/2014,1625.45
3/26/2014,1628.99
3/27/2014,1633.59
3/28/2014,1636.86
3/31/2014,1642.56
4/1/2014,1644.76
4/2/2014,1643.81
4/3/2014,1640.24
4/4/2014,1647.38
4/7/2014,1648.77
4/8/2014,1656.56
4/9/2014,1657.64
4/10/2014,1661.24
4/11/2014,1659.51
4/14/2014,1655.64
4/15/2014,1651.41
4/16/2014,1651.66
4/17/2014,1653.45
4/18/2014,1653.63
4/21/2014,1653.46
4/22/2014,1649.95
4/23/2014,1647.61
4/24/2014,1648.66
4/25/2014,1647.01
4/28/2014,1649.88
4/29/2014,1654.94
4/30/2014,1653.73
5/1/2014,1655.27
5/2/2014,1658.39
5/5/2014,1658.72
5/6/2014,1660.42
5/7/2014,1665.08
5/8/2014,1669.16
5/9/2014,1666.52
5/12/2014,1667.85
5/13/2014,1671.15
5/14/2014,1670.77
5/15/2014,1670.52
5/16/2014,1672.49
5/19/2014,1676.08
5/20/2014,1672.12
5/21/2014,1673.32
5/22/2014,1676.69
5/23/2014,1676.96
5/26/2014,1675.98
5/27/2014,1671.32
5/28/2014,1670.53
5/29/2014,1675.43
5/30/2014,1670.71
6/2/2014,1666.1
6/3/2014,1663.89
6/4/2014,1661.5
6/5/2014,1665.52
6/6/2014,1673.09
6/9/2014,1675.2
6/10/2014,1673.85
6/11/2014,1672.44
6/12/2014,1674.81
6/13/2014,1672.4
6/16/2014,1670.18
6/17/2014,1664.95
6/18/2014,1665.93
6/19/2014,1673.37
6/20/2014,1670.21
6/23/2014,1674.86
6/24/2014,1677.4
6/25/2014,1676.98
6/26/2014,1678.09
6/27/2014,1681.86
6/30/2014,1682.92
7/1/2014,1682.03
7/2/2014,1681.96
7/3/2014,1680.71
7/4/2014,1682.36
7/7/2014,1681.37
7/8/2014,1684.51
7/9/2014,1686.36
7/10/2014,1684.46
7/11/2014,1682.19
7/14/2014,1683.38
7/15/2014,1678.56
7/16/2014,1678.89
7/17/2014,1676.98
7/18/2014,1676.09
7/21/2014,1678.82
7/22/2014,1682.96
7/23/2014,1685.33
7/24/2014,1683.69
7/25/2014,1683.89
7/28/2014,1682.03
7/29/2014,1681.99
7/30/2014,1678.18
7/31/2014,1672.51
8/1/2014,1671.09
8/4/2014,1670.76
8/5/2014,1670.84
8/6/2014,1667.09
8/7/2014,1666.27
8/8/2014,1666.21
8/11/2014,1672.48
8/12/2014,1673.96
8/13/2014,1675.2
8/14/2014,1679.81
8/15/2014,1678.9
8/18/2014,1682.07
8/19/2014,1682.6
8/20/2014,1679.16
8/21/2014,1679.22
8/22/2014,1677.95
8/25/2014,1678.02
8/26/2014,1680.62
8/27/2014,1684.05
8/28/2014,1682.57
8/29/2014,1684.15
9/1/2014,1684.71
9/2/2014,1678.52
9/3/2014,1683.24
9/4/2014,1682.63
9/5/2014,1680.12
9/8/2014,1680.74
9/9/2014,1673.79
9/10/2014,1670.38
9/11/2014,1667.64
9/12/2014,1662.42
9/15/2014,1657.94
9/16/2014,1657.92
9/17/2014,1660.41
9/18/2014,1653.64
9/19/2014,1652.85
9/22/2014,1650.79
9/23/2014,1650.23
9/24/2014,1650.82
9/25/2014,1646.01
9/26/2014,1642.49
9/29/2014,1633.76
9/30/2014,1634.12
10/1/2014,1632.22
10/2/2014,1633.39
10/3/2014,1627.96
10/6/2014,1634.65
10/7/2014,1637.82
10/8/2014,1633.82
10/9/2014,1641.45
10/10/2014,1637.39
10/13/2014,1640.99
10/14/2014,1640.25
10/15/2014,1638.23
10/16/2014,1634.21
10/17/2014,1637.36
10/20/2014,1638.62
10/21/2014,1641.9
10/22/2014,1640.63
10/23/2014,1636.94
10/24/2014,1640.1
10/27/2014,1635.05
10/28/2014,1642.34
10/29/2014,1647.12
10/30/2014,1647.18
10/31/2014,1635.55
11/3/2014,1628.23
11/4/2014,1626.47
11/5/2014,1621.18
11/6/2014,1615.41
11/7/2014,1610.34
11/10/2014,1617.7
11/11/2014,1611.53
11/12/2014,1614.84
11/13/2014,1610.82
11/14/2014,1606.8
11/17/2014,1609.32
11/18/2014,1610.85
11/19/2014,1608.25
11/20/2014,1608.45
11/21/2014,1613.86
11/24/2014,1612.41
11/25/2014,1613.87
11/26/2014,1614.11
11/27/2014,1614.47
11/28/2014,1601.53
12/1/2014,1595.99
12/2/2014,1592.87
12/3/2014,1592.22
12/4/2014,1588.57
12/5/2014,1585.71
12/8/2014,1579.27
12/9/2014,1583.11
12/10/2014,1580.04
12/11/2014,1573.6
12/12/2014,1568.88
12/15/2014,1560.16
12/16/2014,1551.27
12/17/2014,1562.33
12/18/2014,1565.53
12/19/2014,1566.88
12/22/2014,1571
12/23/2014,1564.47
12/24/2014,1564.63
12/25/2014,1564.81
12/26/2014,1567.49
12/29/2014,1564.67
12/30/2014,1569.5
12/31/2014,1566.56
1/1/2015,1566.77
1/2/2015,1561.69
1/5/2015,1553.84
1/6/2015,1555.94
1/7/2015,1554.4
1/8/2015,1562.2
1/9/2015,1568.27
1/12/2015,1568.47
1/13/2015,1568
1/14/2015,1571.01
1/15/2015,1571.5
1/16/2015,1570.31
1/19/2015,1570.3
1/20/2015,1566.71
1/21/2015,1574.03
1/22/2015,1578.27
1/23/2015,1576.73
1/26/2015,1573.59
1/27/2015,1575.8
1/28/2015,1572.4
1/29/2015,1565.07
1/30/2015,1555.72
2/2/2015,1556.11
2/3/2015,1563.01
2/4/2015,1564.97
2/5/2015,1565.69
2/6/2015,1561.8
2/9/2015,1558.28
2/10/2015,1555.51
2/11/2015,1547.5
2/12/2015,1549.06
2/13/2015,1559.61
2/16/2015,1557.45
2/17/2015,1556.31
2/18/2015,1556.57
2/19/2015,1555.68
2/20/2015,1555.15
2/23/2015,1552.69
2/24/2015,1554.64
2/25/2015,1559.46
2/26/2015,1560.71
2/27/2015,1558.38
3/2/2015,1555.26
3/3/2015,1554.35
3/4/2015,1548.02
3/5/2015,1547.82
3/6/2015,1541.85
3/9/2015,1535.79
3/10/2015,1525.66
3/11/2015,1526.26
3/12/2015,1528.44
3/13/2015,1517.79
3/16/2015,1519.21
3/17/2015,1521.14
3/18/2015,1523.34
3/19/2015,1531.49
3/20/2015,1537.35
3/23/2015,1546.26
3/24/2015,1553.19
3/25/2015,1553.27
3/26/2015,1548.75
3/27/2015,1545.38
3/30/2015,1543.08
3/31/2015,1544.93
4/1/2015,1551.1
4/2/2015,1556.18
4/3/2015,1556.38
4/6/2015,1569.57
4/7/2015,1566.58
4/8/2015,1567.69
4/9/2015,1568.15
4/10/2015,1565.41
4/13/2015,1557.24
4/14/2015,1564.3
4/15/2015,1562.36
4/16/2015,1571.67
4/17/2015,1569.58
4/20/2015,1569.52
4/21/2015,1568.06
4/22/2015,1569.95
4/23/2015,1571.32
4/24/2015,1575.75
4/27/2015,1581.9
4/28/2015,1588.67
4/29/2015,1590.98
4/30/2015,1581.49
5/1/2015,1578.75
5/4/2015,1573.95
5/5/2015,1578.3
5/6/2015,1581.49
5/7/2015,1574.17
5/8/2015,1579.1
5/11/2015,1574.15
5/12/2015,1573.78
5/13/2015,1579.91
5/14/2015,1585.03
5/15/2015,1590.33
5/18/2015,1588.12
5/19/2015,1583.52
5/20/2015,1580.59
5/21/2015,1583.52
5/22/2015,1582.39
5/25/2015,1582.98
5/26/2015,1569.68
5/27/2015,1564.8
5/28/2015,1563.22
5/29/2015,1562.46
6/1/2015,1560.41
6/2/2015,1561.39
6/3/2015,1562.76
6/4/2015,1556.6
6/5/2015,1551.74
6/8/2015,1547.5
6/9/2015,1552.91
6/10/2015,1561.44
6/11/2015,1557.21
6/12/2015,1556.5
6/15/2015,1557.01
6/16/2015,1557.58
6/17/2015,1557.4
6/18/2015,1568.16
6/19/2015,1566.28
6/22/2015,1571.36
6/23/2015,1565.66
6/24/2015,1564.79
6/25/2015,1563.65
6/26/2015,1559.45
6/29/2015,1555.11
6/30/2015,1561.19
7/1/2015,1559.07
7/2/2015,1558.27
7/3/2015,1556.93
7/6/2015,1552.75
7/7/2015,1547.2
7/8/2015,1544.2
7/9/2015,1546.49
7/10/2015,1551.33
7/13/2015,1551.79
7/14/2015,1552.67
7/15/2015,1550.19
7/16/2015,1549.1
7/17/2015,1547.09
7/20/2015,1543.78
7/21/2015,1544.46
7/22/2015,1542.82
7/23/2015,1535.94
7/24/2015,1528.54
7/27/2015,1526.49
7/28/2015,1525.16
7/29/2015,1531.28
7/30/2015,1523.43
7/31/2015,1522.96
8/3/2015,1520.07
8/4/2015,1519.52
8/5/2015,1514.14
8/6/2015,1513.25
8/7/2015,1516.23
8/10/2015,1517.91
8/11/2015,1502.11
8/12/2015,1493.34
8/13/2015,1494.05
8/14/2015,1495.48
8/17/2015,1490.5
8/18/2015,1487.37
8/19/2015,1485.58
8/20/2015,1484.41
8/21/2015,1478.12
8/24/2015,1467.13
8/25/2015,1473.83
8/26/2015,1470.52
8/27/2015,1478.4
8/28/2015,1481.78
8/31/2015,1475.82
9/1/2015,1478.29
9/2/2015,1471.6
9/3/2015,1469.6
9/4/2015,1463.91
9/7/2015,1454.97
9/8/2015,1459.81
9/9/2015,1464.52
9/10/2015,1460.99
9/11/2015,1463.96
9/14/2015,1467.76
9/15/2015,1468.08
9/16/2015,1475.78
9/17/2015,1477.46
9/18/2015,1481.89
9/21/2015,1472.05
9/22/2015,1463.49
9/23/2015,1456.25
9/24/2015,1449.99
9/25/2015,1458.41
9/28/2015,1455.77
9/29/2015,1454.3
9/30/2015,1463.18
10/1/2015,1466.7
10/2/2015,1465.44
10/5/2015,1474.9
10/6/2015,1480.31
10/7/2015,1491.55
10/8/2015,1490.76
10/9/2015,1500.66
10/12/2015,1506.64
10/13/2015,1496.37
10/14/2015,1496.85
10/15/2015,1507.91
10/16/2015,1507.54
10/19/2015,1505.05
10/20/2015,1502.03
10/21/2015,1495.26
10/22/2015,1494.62
10/23/2015,1500.31
10/26/2015,1497.69
10/27/2015,1494.31
10/28/2015,1498.02
10/29/2015,1488.85
10/30/2015,1494.68
11/2/2015,1494.63
11/3/2015,1498.95
11/4/2015,1498.17
11/5/2015,1494.26
11/6/2015,1485.96
11/9/2015,1479.42
11/10/2015,1480.22
11/11/2015,1482.72
11/12/2015,1479.45
11/13/2015,1475.79
11/16/2015,1473.11
11/17/2015,1476.26
11/18/2015,1475.77
11/19/2015,1484.49
11/20/2015,1488.82
11/23/2015,1484.4
11/24/2015,1487.44
11/25/2015,1487.2
11/26/2015,1485.23
11/27/2015,1481.44
11/30/2015,1475.8
12/1/2015,1478.35
12/2/2015,1476.29
12/3/2015,1477.07
12/4/2015,1480.38
12/7/2015,1473.58
12/8/2015,1468.06
12/9/2015,1469.48
12/10/2015,1462.92
12/11/2015,1451.75
12/14/2015,1453.08
12/15/2015,1457.88
12/16/2015,1457.4
12/17/2015,1456.7
12/18/2015,1458.32
12/21/2015,1457.66
12/22/2015,1457.82
12/23/2015,1460.4
12/24/2015,1461.54
12/25/2015,1461.71
12/28/2015,1461.78
12/29/2015,1461.35
12/30/2015,1454.09
12/31/2015,1456.01
1/1/2016,1456.18
1/4/2016,1445.81
1/5/2016,1445.93
1/6/2016,1436.96
1/7/2016,1432.73
1/8/2016,1431.37
1/11/2016,1425.05
1/12/2016,1425.04
1/13/2016,1429.79
1/14/2016,1425.02
1/15/2016,1419.15
1/18/2016,1419.48
1/19/2016,1421.62
1/20/2016,1412.44
1/21/2016,1412.55
1/22/2016,1423.74
1/25/2016,1424.66
1/26/2016,1424.05
1/27/2016,1425.65
1/28/2016,1428.04
1/29/2016,1437.13
2/1/2016,1436.56
2/2/2016,1430.41
2/3/2016,1428.44
2/4/2016,1442.35
2/5/2016,1440.8
2/8/2016,1437.82
2/9/2016,1438.11
2/10/2016,1440.22
2/11/2016,1436.7
2/12/2016,1434.55
2/15/2016,1444.38
2/16/2016,1437.84
2/17/2016,1440.62
2/18/2016,1442.95
2/19/2016,1437.64
2/22/2016,1444.7
2/23/2016,1442.88
2/24/2016,1438.05
2/25/2016,1439.23
2/26/2016,1436.1
2/29/2016,1439.35
3/1/2016,1443.81
3/2/2016,1449.72
3/3/2016,1456.64
3/4/2016,1467
3/7/2016,1469.47
3/8/2016,1465.04
3/9/2016,1468.11
3/10/2016,1470.66
3/11/2016,1478.98
3/14/2016,1477.76
3/15/2016,1469.32
3/16/2016,1465.22
3/17/2016,1491.12
3/18/2016,1496.02
3/21/2016,1495.66
3/22/2016,1498.5
3/23/2016,1491.25
3/24/2016,1484.67
3/25/2016,1484.83
3/28/2016,1487.64
3/29/2016,1488.98
3/30/2016,1506.57
3/31/2016,1513.97
4/1/2016,1508.09
4/4/2016,1509.82
4/5/2016,1500.19
4/6/2016,1497.34
4/7/2016,1498.15
4/8/2016,1503.58
4/11/2016,1512.07
4/12/2016,1514.6
4/13/2016,1515.02
4/14/2016,1512.6
4/15/2016,1512.98
4/18/2016,1512.24
4/19/2016,1522.27
4/20/2016,1523.64
4/21/2016,1521.84
4/22/2016,1514.46
4/25/2016,1512.45
4/26/2016,1514.64
4/27/2016,1514.6
4/28/2016,1524.87
4/29/2016,1527.36
5/2/2016,1524.68
5/3/2016,1516.65
5/4/2016,1507.93
5/5/2016,1506.72
5/6/2016,1506.31
5/9/2016,1500.63
5/10/2016,1501.18
5/11/2016,1504.97
5/12/2016,1505.07
5/13/2016,1497.95
5/16/2016,1494.34
5/17/2016,1497.06
5/18/2016,1489.63
5/19/2016,1479.09
5/20/2016,1483.71
5/23/2016,1483.56
5/24/2016,1482.54
5/25/2016,1484.81
5/26/2016,1487.75
5/27/2016,1486.84
5/30/2016,1481.46
5/31/2016,1481.96
6/1/2016,1481.49
6/2/2016,1482.98
6/3/2016,1488.97
6/6/2016,1499.16
6/7/2016,1506.34
6/8/2016,1515.21
6/9/2016,1513.62
6/10/2016,1506.31
6/13/2016,1500.1
6/14/2016,1494.55
6/15/2016,1497.09
6/16/2016,1494.06
6/17/2016,1499.86
6/20/2016,1511.25
6/21/2016,1511.6
6/22/2016,1513.24
6/23/2016,1519.19
6/24/2016,1500.15
6/27/2016,1490.3
6/28/2016,1500.13
6/29/2016,1512.78
6/30/2016,1518.11
7/1/2016,1519.64
7/4/2016,1519.33
7/5/2016,1510.83
7/6/2016,1504.14
7/7/2016,1509.33
7/8/2016,1511.03
7/11/2016,1517.99
7/12/2016,1520.21
7/13/2016,1519.19
7/14/2016,1528.42
7/15/2016,1526.39
7/18/2016,1525.31
7/19/2016,1523.55
7/20/2016,1524.66
7/21/2016,1525.35
7/22/2016,1523.13
7/25/2016,1519.46
7/26/2016,1518.96
7/27/2016,1520.7
7/28/2016,1525.54
7/29/2016,1533.18
8/1/2016,1537.77
8/2/2016,1537.19
8/3/2016,1533.19
8/4/2016,1538.34
8/5/2016,1542.55
8/8/2016,1545.75
8/9/2016,1550.74
8/10/2016,1558.91
8/11/2016,1558.28
8/12/2016,1554.11
8/15/2016,1558.37
8/16/2016,1561.67
8/17/2016,1553.59
8/18/2016,1555.99
8/19/2016,1548.59
8/22/2016,1543.45
8/23/2016,1548.94
8/24/2016,1537.95
8/25/2016,1540.21
8/26/2016,1544.03
8/29/2016,1532.84
8/30/2016,1532.46
8/31/2016,1532.46
9/1/2016,1529.88
9/2/2016,1534.5
9/5/2016,1539.76
9/6/2016,1546.44
9/7/2016,1554.34
9/8/2016,1555.21
9/9/2016,1542.26
9/12/2016,1535.03
9/13/2016,1532.68
9/14/2016,1532.77
9/15/2016,1534.35
9/16/2016,1532.42
9/19/2016,1539.18
9/20/2016,1540.69
9/21/2016,1542.28
9/22/2016,1552.01
9/23/2016,1550.33
9/26/2016,1548.43
9/27/2016,1552.86
9/28/2016,1551.47
9/29/2016,1551.46
9/30/2016,1551.57
10/3/2016,1554.57
10/4/2016,1553.15
10/5/2016,1550.28
10/6/2016,1549.42
10/7/2016,1549.35
10/10/2016,1551.34
10/11/2016,1541.09
10/12/2016,1540.95
10/13/2016,1534.28
10/14/2016,1539.05
10/17/2016,1536.42
10/18/2016,1542.5
10/19/2016,1547.86
10/20/2016,1545.85
10/21/2016,1541.55
10/24/2016,1545.21
10/25/2016,1546.2
10/26/2016,1545.84
10/27/2016,1540.2
10/28/2016,1540.25
10/31/2016,1544.55
11/1/2016,1541.56
11/2/2016,1539.23
11/3/2016,1541.79
11/4/2016,1539
11/7/2016,1543.11
11/8/2016,1546.66
11/9/2016,1535.29
11/10/2016,1519.81
11/11/2016,1504.06
11/14/2016,1500.6
11/15/2016,1504.79
11/16/2016,1503.78
11/17/2016,1502.7
11/18/2016,1495.97
11/21/2016,1499.56
11/22/2016,1502.58
11/23/2016,1497.17
11/24/2016,1496.03
11/25/2016,1496.31
11/28/2016,1502.92
11/29/2016,1501.63
11/30/2016,1503.8
12/1/2016,1500.32
12/2/2016,1501.9
12/5/2016,1503.7
12/6/2016,1508.75
12/7/2016,1513.07
12/8/2016,1515.77
12/9/2016,1513.01
12/12/2016,1515.6
12/13/2016,1518.35
12/14/2016,1517.46
12/15/2016,1503.94
12/16/2016,1500.92
12/19/2016,1502.31
12/20/2016,1500.97
12/21/2016,1503.3
12/22/2016,1501.61
12/23/2016,1503.09
12/26/2016,1503.54
12/27/2016,1502.26
12/28/2016,1501.68
12/29/2016,1506.09
12/30/2016,1506.71
1/2/2017,1507.15
1/3/2017,1505.22
1/4/2017,1507.19
1/5/2017,1520.05
1/6/2017,1514.99
1/9/2017,1509.94
1/10/2017,1514.78
1/11/2017,1508.16
1/12/2017,1522.73
1/13/2017,1523.37
1/16/2017,1519.57
1/17/2017,1526.68
1/18/2017,1530.64
1/19/2017,1523.12
1/20/2017,1527.23
1/23/2017,1533.85
1/24/2017,1536.13
1/25/2017,1535.59
1/26/2017,1534.23
1/27/2017,1536.18
1/30/2017,1538.55
1/31/2017,1537.9
2/1/2017,1539.24
2/2/2017,1547.42
2/3/2017,1551.2
2/6/2017,1552.85
2/7/2017,1547.9
2/8/2017,1548.25
2/9/2017,1550.87
2/10/2017,1550.55
2/13/2017,1551.93
2/14/2017,1557.75
2/15/2017,1562.2
2/16/2017,1563.5
2/17/2017,1557.59
2/20/2017,1559.1
2/21/2017,1557.92
2/22/2017,1562.01
2/23/2017,1568.15
2/24/2017,1565.62
2/27/2017,1566.35
2/28/2017,1564.67
3/1/2017,1563.26
3/2/2017,1559.89
3/3/2017,1554.67
3/6/2017,1558.21
3/7/2017,1561.23
3/8/2017,1557.82
3/9/2017,1549.01
3/10/2017,1552.24
3/13/2017,1557.5
3/14/2017,1556.35
3/15/2017,1560.76
3/16/2017,1573.6
3/17/2017,1574.97
3/20/2017,1581.67
3/21/2017,1583.19
3/22/2017,1582.27
3/23/2017,1581.65
3/24/2017,1584.5
3/27/2017,1587.32
3/28/2017,1585.72
3/29/2017,1585.45
3/30/2017,1586.98
3/31/2017,1578.4
4/3/2017,1581.4
4/4/2017,1578.79
4/5/2017,1578.18
4/6/2017,1573.95
4/7/2017,1573.35
4/10/2017,1569.4
4/11/2017,1569.07
4/12/2017,1573.48
4/13/2017,1583.44
4/14/2017,1583.61
4/17/2017,1584.34
4/18/2017,1583.64
4/19/2017,1581.17
4/20/2017,1582.32
4/21/2017,1583.35
4/24/2017,1589.59
4/25/2017,1589.49
4/26/2017,1586.31
4/27/2017,1583.78
4/28/2017,1580.58
5/1/2017,1582.94
5/2/2017,1587.06
5/3/2017,1587.48
5/4/2017,1581.5
5/5/2017,1581.44
5/8/2017,1580.76
5/9/2017,1578.79
5/10/2017,1581.2
5/11/2017,1585.01
5/12/2017,1587.77
5/15/2017,1594.82
5/16/2017,1599.44
5/17/2017,1596.54
5/18/2017,1581.86
5/19/2017,1585.76
5/22/2017,1590.97
5/23/2017,1591.63
5/24/2017,1591.82
5/25/2017,1597.82
5/26/2017,1598.02
5/29/2017,1596.43
5/30/2017,1593.82
5/31/2017,1598.73
6/1/2017,1602.09
6/2/2017,1602.9
6/5/2017,1606.09
6/6/2017,1606.14
6/7/2017,1605.12
6/8/2017,1604.14
6/9/2017,1604.5
6/12/2017,1603.65
6/13/2017,1603.19
6/14/2017,1608.43
6/15/2017,1603.23
6/16/2017,1600.15
6/19/2017,1599.44
6/20/2017,1593.12
6/21/2017,1590.43
6/22/2017,1590.77
6/23/2017,1593.41
6/26/2017,1597.06
6/27/2017,1598.3
6/28/2017,1596.52
6/29/2017,1599.56
6/30/2017,1596.29
7/3/2017,1593.33
7/4/2017,1591.72
7/5/2017,1587.96
7/6/2017,1586.78
7/7/2017,1588.4
7/10/2017,1592.18
7/11/2017,1590.99
7/12/2017,1598.59
7/13/2017,1603.47
7/14/2017,1608.08
7/17/2017,1612.47
7/18/2017,1616.25
7/19/2017,1617.32
7/20/2017,1615.32
7/21/2017,1618.23
7/24/2017,1619.07
7/25/2017,1617.56
7/26/2017,1615.75
7/27/2017,1622.64
7/28/2017,1620.02
7/31/2017,1621.21
8/1/2017,1622.04
8/2/2017,1620.9
8/3/2017,1619.99
8/4/2017,1620.52
8/7/2017,1621.05
8/8/2017,1623.34
8/9/2017,1619.64
8/10/2017,1619.43
8/11/2017,1617
8/14/2017,1620.45
8/15/2017,1617.86
8/16/2017,1619.22
8/17/2017,1622.84
8/18/2017,1620.35
8/21/2017,1625.11
8/22/2017,1626.74
8/23/2017,1626.56
8/24/2017,1629.21
8/25/2017,1631.39
8/28/2017,1636.96
8/29/2017,1637.62
8/30/2017,1638.99
8/31/2017,1638.89
9/1/2017,1644.92
9/4/2017,1645.31
9/5/2017,1646.17
9/6/2017,1647.76
9/7/2017,1653.9
9/8/2017,1657.46
9/11/2017,1652.79
9/12/2017,1649.54
9/13/2017,1646.9
9/14/2017,1644.22
9/15/2017,1646.36
9/18/2017,1644.2
9/19/2017,1640.35
9/20/2017,1643.99
9/21/2017,1637.58
9/22/2017,1639.65
9/25/2017,1635.29
9/26/2017,1629.91
9/27/2017,1624.28
9/28/2017,1620.08
9/29/2017,1625.73
10/2/2017,1623.26
10/3/2017,1623.18
10/4/2017,1626.91
10/5/2017,1627.14
10/6/2017,1622.08
10/9/2017,1620.97
10/10/2017,1630.53
10/11/2017,1631.78
10/12/2017,1633.56
10/13/2017,1637.84
10/16/2017,1637.93
10/17/2017,1632.05
10/18/2017,1632.29
10/19/2017,1631.93
10/20/2017,1629.44
10/23/2017,1627.3
10/24/2017,1625.01
10/25/2017,1624.64
10/26/2017,1623.38
10/27/2017,1618.26
10/30/2017,1623.38
10/31/2017,1624.86
11/1/2017,1628.05
11/2/2017,1629.95
11/3/2017,1624.23
11/6/2017,1624.9
11/7/2017,1624.81
11/8/2017,1626.16
11/9/2017,1625.69
11/10/2017,1624.63
11/13/2017,1620.44
11/14/2017,1620.69
11/15/2017,1623.62
11/16/2017,1629.86
11/17/2017,1633.67
11/20/2017,1633.84
11/21/2017,1636.62
11/22/2017,1642.59
11/23/2017,1648.11
11/24/2017,1647.78
11/27/2017,1649.58
11/28/2017,1651.71
11/29/2017,1653.78
11/30/2017,1647.95
12/1/2017,1647.26
12/4/2017,1648.34
12/5/2017,1651.47
12/6/2017,1647.26
12/7/2017,1643.56
12/8/2017,1643.51
12/11/2017,1646.05
12/12/2017,1642.58
12/13/2017,1646.77
12/14/2017,1648.13
12/15/2017,1651.01
12/18/2017,1658.62
12/19/2017,1657.67
12/20/2017,1663.28
12/21/2017,1660.9
12/22/2017,1663.6
12/25/2017,1664.09
12/26/2017,1668
12/27/2017,1670.09
12/28/2017,1674.62
12/29/2017,1677.75
1/1/2018,1678.23
1/2/2018,1686.1
1/3/2018,1687.26
1/4/2018,1691.91
1/5/2018,1692.65
1/8/2018,1690.65
1/9/2018,1686.55
1/10/2018,1685.5
1/11/2018,1687.88
1/12/2018,1695.3
1/15/2018,1701.99
1/16/2018,1699.8
1/17/2018,1699.54
1/18/2018,1702.41
1/19/2018,1705.54
1/22/2018,1707.14
1/23/2018,1706.97
1/24/2018,1714.47
1/25/2018,1727.55
1/26/2018,1725.31
1/29/2018,1721.56
1/30/2018,1716.7
1/31/2018,1725.91
2/1/2018,1725.02
2/2/2018,1718.43
2/5/2018,1714.19
2/6/2018,1711.24
2/7/2018,1716.31
2/8/2018,1704.67
2/9/2018,1704.78
2/12/2018,1706.91
2/13/2018,1706.78
2/14/2018,1714.33
2/15/2018,1719.08
2/16/2018,1719.79
2/19/2018,1720.96
2/20/2018,1715.68
2/21/2018,1716.85
2/22/2018,1712.02
2/23/2018,1718.09
2/26/2018,1722.97
2/27/2018,1720.9
2/28/2018,1714.18
3/1/2018,1710.13
3/2/2018,1709.48
3/5/2018,1712.51
3/6/2018,1717.25
3/7/2018,1719.43
3/8/2018,1715.69
3/9/2018,1717.95
3/12/2018,1719.93
3/13/2018,1721.43
3/14/2018,1722.13
3/15/2018,1718.89
3/16/2018,1717.34
3/19/2018,1713.74
3/20/2018,1715.81
3/21/2018,1716.33
3/22/2018,1717.59
3/23/2018,1716.42
3/26/2018,1723.17
3/27/2018,1726.25
3/28/2018,1722.06
3/29/2018,1723.32
3/30/2018,1723.49
4/2/2018,1727.79
4/3/2018,1728.89
4/4/2018,1723.47
4/5/2018,1724.12
4/6/2018,1718.33
4/9/2018,1715.21
4/10/2018,1713.59
4/11/2018,1714.72
4/12/2018,1716.66
4/13/2018,1714.76
4/16/2018,1712.14
4/17/2018,1717.17
4/18/2018,1718.37
4/19/2018,1719.32
4/20/2018,1711.54
4/23/2018,1704
4/24/2018,1699.37
4/25/2018,1692.03
4/26/2018,1692.3
4/27/2018,1695.91
4/30/2018,1695.12
5/1/2018,1691.7
5/2/2018,1683.29
5/3/2018,1683.48
5/4/2018,1685.82
5/7/2018,1683.04
5/8/2018,1679.5
5/9/2018,1676.87
5/10/2018,1685.6
5/11/2018,1691.24
5/14/2018,1689.12
5/15/2018,1676.97
5/16/2018,1676.15
5/17/2018,1675.09
5/18/2018,1669.07
5/21/2018,1666.76
5/22/2018,1674.44
5/23/2018,1672.04
5/24/2018,1674.3
5/25/2018,1674.93
5/28/2018,1676.2
5/29/2018,1669.68
5/30/2018,1668.94
5/31/2018,1671.54
6/1/2018,1672.26
6/4/2018,1675.24
6/5/2018,1672.76
6/6/2018,1674.94
6/7/2018,1671.75
6/8/2018,1666.72
6/11/2018,1671.56
6/12/2018,1668.29
6/13/2018,1667.68
6/14/2018,1666.01
6/15/2018,1654.26
6/18/2018,1651.7
6/19/2018,1643.27
6/20/2018,1646.66
6/21/2018,1640.57
6/22/2018,1646.16
6/25/2018,1639.44
6/26/2018,1638.03
6/27/2018,1629.94
6/28/2018,1622.93
6/29/2018,1628.65
7/2/2018,1619.86
7/3/2018,1621.99
7/4/2018,1627.2
7/5/2018,1626.3
7/6/2018,1627.8
7/9/2018,1636
7/10/2018,1635.55
7/11/2018,1630.03
7/12/2018,1629.41
7/13/2018,1628.51
7/16/2018,1627.96
7/17/2018,1630.3
7/18/2018,1623.63
7/19/2018,1614.36
7/20/2018,1616.98
7/23/2018,1617.59
7/24/2018,1617.97
7/25/2018,1625.19
7/26/2018,1626.63
7/27/2018,1626.02
7/30/2018,1625.99
7/31/2018,1625.72
8/1/2018,1627.56
8/2/2018,1619.22
8/3/2018,1618.74
8/6/2018,1619.73
8/7/2018,1623
8/8/2018,1621.19
8/9/2018,1616.32
8/10/2018,1602.73
8/13/2018,1592.17
8/14/2018,1595.86
8/15/2018,1587.8
8/16/2018,1591.31
8/17/2018,1589.99
8/20/2018,1595.2
8/21/2018,1599.24
8/22/2018,1597.61
8/23/2018,1593.39
8/24/2018,1595.47
8/27/2018,1603.96
8/28/2018,1602.75
8/29/2018,1596.87
8/30/2018,1591.84
8/31/2018,1593.54
9/3/2018,1592.18
9/4/2018,1584.83
9/5/2018,1580.77
9/6/2018,1580.52
9/7/2018,1585.09
9/10/2018,1578.3
9/11/2018,1577.4
9/12/2018,1581.2
9/13/2018,1586.75
9/14/2018,1588.53
9/17/2018,1584.23
9/18/2018,1586.37
9/19/2018,1590.47
9/20/2018,1593.24
9/21/2018,1599.17
9/24/2018,1600.28
9/25/2018,1594.48
9/26/2018,1597.65
9/27/2018,1602.29
9/28/2018,1602.92
10/1/2018,1601.11
10/2/2018,1598.68
10/3/2018,1600.54
10/4/2018,1589.04
10/5/2018,1590.18
10/8/2018,1588.33
10/9/2018,1587.5
10/10/2018,1588.91
10/11/2018,1586.36
10/12/2018,1593.16
10/15/2018,1595.28
10/16/2018,1600.55
10/17/2018,1601.1
10/18/2018,1595.03
10/19/2018,1596.05
10/22/2018,1598.6
10/23/2018,1592.87
10/24/2018,1594.09
10/25/2018,1591.84
10/26/2018,1590.03
10/29/2018,1590.64
10/30/2018,1587.83
10/31/2018,1584.83
11/1/2018,1591.29
11/2/2018,1604.02
11/5/2018,1601.84
11/6/2018,1601.33
11/7/2018,1603.46
11/8/2018,1604.2
11/9/2018,1596.32
11/12/2018,1590.82
11/13/2018,1589.72
11/14/2018,1593.29
11/15/2018,1598.78
11/16/2018,1602.65
11/19/2018,1604.57
11/20/2018,1603.99
11/21/2018,1603.76
11/22/2018,1606.54
11/23/2018,1603.65
11/26/2018,1602.33
11/27/2018,1600.55
11/28/2018,1600.73
11/29/2018,1611.55
11/30/2018,1607.98
12/3/2018,1617.54
12/4/2018,1621.32
12/5/2018,1614.38
12/6/2018,1606.33
12/7/2018,1611.61
12/10/2018,1600.62
12/11/2018,1601.24
12/12/2018,1607.34
12/13/2018,1608.22
12/14/2018,1601.13
12/17/2018,1602.18
12/18/2018,1605.3
12/19/2018,1610.11
12/20/2018,1609.14
12/21/2018,1607.55
12/24/2018,1606.32
12/25/2018,1606.46
12/26/2018,1606.09
12/27/2018,1608.71
12/28/2018,1613.69
12/31/2018,1614.81
1/1/2019,1614.96
1/2/2019,1616.75
1/3/2019,1615.27
1/4/2019,1624.41
1/7/2019,1631
1/8/2019,1626.63
1/9/2019,1630.71
1/10/2019,1637.28
1/11/2019,1638.73
1/14/2019,1636.48
1/15/2019,1637.45
1/16/2019,1637.92
1/17/2019,1634.12
1/18/2019,1636.11
1/21/2019,1631.46
1/22/2019,1627.63
1/23/2019,1630.84
1/24/2019,1633.73
1/25/2019,1638.83
1/28/2019,1641.09
1/29/2019,1644.17
1/30/2019,1646.89
1/31/2019,1656.34
2/1/2019,1651.25
2/4/2019,1649.68
2/5/2019,1649.59
2/6/2019,1648.05
2/7/2019,1645.1
2/8/2019,1645.05
2/11/2019,1638.72
2/12/2019,1641.16
2/13/2019,1640.75
2/14/2019,1634.3
2/15/2019,1635.62
2/18/2019,1637.85
2/19/2019,1639.4
2/20/2019,1646.12
2/21/2019,1644.89
2/22/2019,1645.79
2/25/2019,1651.32
2/26/2019,1649.52
2/27/2019,1650.63
2/28/2019,1648
3/1/2019,1644.08
3/4/2019,1644.54
3/5/2019,1645.39
3/6/2019,1643.21
3/7/2019,1638.49
3/8/2019,1635.16
3/11/2019,1638.26
3/12/2019,1643.15
3/13/2019,1642.58
3/14/2019,1640.78
3/15/2019,1643.61
3/18/2019,1647.82
3/19/2019,1649.15
3/20/2019,1651.14
3/21/2019,1653.57
3/22/2019,1644.62
3/25/2019,1647.4
3/26/2019,1645.76
3/27/2019,1639.37
3/28/2019,1637.21
3/29/2019,1641.04
4/1/2019,1646.7
4/2/2019,1645.24
4/3/2019,1650.18
4/4/2019,1646.84
4/5/2019,1647.73
4/8/2019,1645.01
4/9/2019,1648.83
4/10/2019,1651.89
4/11/2019,1651.61
4/12/2019,1651.29
4/15/2019,1651.85
4/16/2019,1649.8
4/17/2019,1652.59
4/18/2019,1649.74
4/19/2019,1649.91
4/22/2019,1647.69
4/23/2019,1645.12
4/24/2019,1641.03
4/25/2019,1635.19
4/26/2019,1638.33
4/29/2019,1639.37
4/30/2019,1637.78
5/1/2019,1639.02
5/2/2019,1635.77
5/3/2019,1638.13
5/6/2019,1633.85
5/7/2019,1634.2
5/8/2019,1634.94
5/9/2019,1625.39
5/10/2019,1629.5
5/13/2019,1619.53
5/14/2019,1619.71
5/15/2019,1621.12
5/16/2019,1619.87
5/17/2019,1611.94
5/20/2019,1612.82
5/21/2019,1613.43
5/22/2019,1615.53
5/23/2019,1612.65
5/24/2019,1616.28
5/27/2019,1619.36
5/28/2019,1614.47
5/29/2019,1611.94
5/30/2019,1615.57
5/31/2019,1617.54
6/3/2019,1621.57
6/4/2019,1622.73
6/5/2019,1623.16
6/6/2019,1621.92
6/7/2019,1623.43
6/10/2019,1622.48
6/11/2019,1626.88
6/12/2019,1626.79
6/13/2019,1624.47
6/14/2019,1623.16
6/17/2019,1621.96
6/18/2019,1626.43
6/19/2019,1630.57
6/20/2019,1644.31
6/21/2019,1643.19
6/24/2019,1645.43
6/25/2019,1645.68
6/26/2019,1645.16
6/27/2019,1646.39
6/28/2019,1649.77
7/1/2019,1653.73
7/2/2019,1646.91
7/3/2019,1646.2
7/4/2019,1651.14
7/5/2019,1647.38
7/8/2019,1645.64
7/9/2019,1645.3
7/10/2019,1647.65
7/11/2019,1654.28
7/12/2019,1651.11
7/15/2019,1654.36
7/16/2019,1653.28
7/17/2019,1651.18
7/18/2019,1652.94
7/19/2019,1654.8
7/22/2019,1654.03
7/23/2019,1651.77
7/24/2019,1653.01
7/25/2019,1650.8
7/26/2019,1647.99
7/29/2019,1647.57
7/30/2019,1648.8
7/31/2019,1650.14
8/1/2019,1640.17
8/2/2019,1627.68
8/5/2019,1610.78
8/6/2019,1610.53
8/7/2019,1608.9
8/8/2019,1613.28
8/9/2019,1611.37
8/12/2019,1605.56
8/13/2019,1605.51
8/14/2019,1606.77
8/15/2019,1606.35
8/16/2019,1607.14
8/19/2019,1603.92
8/20/2019,1603.12
8/21/2019,1606.21
8/22/2019,1602.72
8/23/2019,1603.53
8/26/2019,1593.14
8/27/2019,1592.22
8/28/2019,1590.62
8/29/2019,1590.98
8/30/2019,1595.45
9/2/2019,1593.29
9/3/2019,1590.04
9/4/2019,1599.49
9/5/2019,1603.63
9/6/2019,1608.47
9/9/2019,1608.99
9/10/2019,1610.32
9/11/2019,1611.37
9/12/2019,1618.31
9/13/2019,1621
9/16/2019,1621.6
9/17/2019,1615.42
9/18/2019,1617.95
9/19/2019,1615.47
9/20/2019,1615.32
9/23/2019,1612.29
9/24/2019,1612.75
9/25/2019,1609.36
9/26/2019,1609.28
9/27/2019,1610.63
9/30/2019,1607.99
10/1/2019,1605.1
10/2/2019,1605.18
10/3/2019,1609.25
10/4/2019,1614.99
10/7/2019,1613.85
10/8/2019,1613.75
10/9/2019,1613.29
10/10/2019,1615.5
10/11/2019,1621.1
10/14/2019,1624.89
10/15/2019,1622.12
10/16/2019,1618.96
10/17/2019,1624.23
10/18/2019,1626.5
10/21/2019,1629.66
10/22/2019,1632.56
10/23/2019,1632.81
10/24/2019,1634.61
10/25/2019,1635.38
10/28/2019,1639
10/29/2019,1639.81
10/30/2019,1636.1
10/31/2019,1638.63
11/1/2019,1640.92
11/4/2019,1644.93
11/5/2019,1647.06
11/6/2019,1643.8
11/7/2019,1643.81
11/8/2019,1641.9
11/11/2019,1637.27
11/12/2019,1636.85
11/13/2019,1631.61
11/14/2019,1631.41
11/15/2019,1635.63
11/18/2019,1635.78
11/19/2019,1633.43
11/20/2019,1632.46
11/21/2019,1631.28
11/22/2019,1632.21
11/25/2019,1631.68
11/26/2019,1629.76
11/27/2019,1630.66
11/28/2019,1629.5
11/29/2019,1630.98
12/2/2019,1630.5
12/3/2019,1629.86
12/4/2019,1629.18
12/5/2019,1631.99
12/6/2019,1634.84
12/9/2019,1636.24
12/10/2019,1635.7
12/11/2019,1637.04
12/12/2019,1643.15
12/13/2019,1649.37
12/16/2019,1651.19
12/17/2019,1653.26
12/18/2019,1653.67
12/19/2019,1653.56
12/20/2019,1654
12/23/2019,1654.26
12/24/2019,1655.01
12/25/2019,1655.15
12/26/2019,1657
12/27/2019,1658.51
12/30/2019,1662.61
12/31/2019,1665.27
1/1/2020,1665.41
1/2/2020,1664.39
1/3/2020,1659.65
1/6/2020,1658.46
1/7/2020,1660.95
1/8/2020,1661.57
1/9/2020,1666.78
1/10/2020,1668.06
1/13/2020,1669.44
1/14/2020,1670.44
1/15/2020,1669.14
1/16/2020,1668.16
1/17/2020,1669.98
1/20/2020,1670.04
1/21/2020,1663.47
1/22/2020,1665.59
1/23/2020,1661.99
1/24/2020,1661.54
1/27/2020,1656.74
1/28/2020,1656.9
1/29/2020,1656.86
1/30/2020,1648.85
1/31/2020,1646.73
2/3/2020,1641.76
2/4/2020,1648.98
2/5/2020,1648.06
2/6/2020,1650.87
2/7/2020,1643.6
2/10/2020,1644.46
2/11/2020,1648.78
2/12/2020,1649.32
2/13/2020,1647.9
2/14/2020,1648.46
2/17/2020,1647.85
2/18/2020,1642.35
2/19/2020,1642.61
2/20/2020,1635.7
2/21/2020,1632.01
2/24/2020,1626.54
2/25/2020,1629.64
2/26/2020,1629.43
2/27/2020,1625.09
2/28/2020,1621.58
3/2/2020,1630.33
3/3/2020,1633.42
3/4/2020,1636.1
3/5/2020,1631.29
3/6/2020,1627.24
3/9/2020,1611.83
3/10/2020,1616.51
3/11/2020,1615.49
3/12/2020,1597.39
3/13/2020,1599.08
3/16/2020,1589.63
3/17/2020,1581.54
3/18/2020,1570.28
3/19/2020,1552.85
3/20/2020,1564.12
3/23/2020,1547.33
3/24/2020,1558.3
3/25/2020,1561.6
3/26/2020,1570.3
3/27/2020,1569.88
3/30/2020,1561.74
3/31/2020,1564.83
4/1/2020,1557.87
4/2/2020,1558.01
4/3/2020,1555.47
4/6/2020,1558.15
4/7/2020,1567.66
4/8/2020,1566.4
4/9/2020,1574.56
4/10/2020,1574.62
4/13/2020,1572.32
4/14/2020,1572.65
4/15/2020,1567.62
4/16/2020,1563.79
4/17/2020,1566.13
4/20/2020,1565.72
4/21/2020,1558.67
4/22/2020,1558.68
4/23/2020,1560.99
4/24/2020,1555.56
4/27/2020,1558.92
4/28/2020,1560.83
4/29/2020,1570.05
4/30/2020,1574.95
5/1/2020,1569.14
5/4/2020,1564.9
5/5/2020,1568.59
5/6/2020,1561.48
5/7/2020,1559.86
5/8/2020,1567.34
5/11/2020,1565.28
5/12/2020,1565.79
5/13/2020,1562.27
5/14/2020,1560.61
5/15/2020,1561.34
5/18/2020,1562.23
5/19/2020,1566.4
5/20/2020,1569.11
5/21/2020,1572.51
5/22/2020,1566.54
5/25/2020,1567.43
5/26/2020,1574.88
5/27/2020,1571.83
5/28/2020,1571.67
5/29/2020,1571.74
6/1/2020,1580.01
6/2/2020,1587.7
6/3/2020,1594.23
6/4/2020,1591.33
6/5/2020,1600.51
6/8/2020,1602.86
6/9/2020,1604.43
6/10/2020,1607.39
6/11/2020,1601.88
6/12/2020,1597.19
6/15/2020,1589.41
6/16/2020,1593.59
6/17/2020,1591.75
6/18/2020,1590.33
6/19/2020,1590.84
6/22/2020,1592.57
6/23/2020,1598.06
6/24/2020,1596.29
6/25/2020,1593.76
6/26/2020,1591.11
6/29/2020,1592.13
6/30/2020,1590.07
7/1/2020,1595.11
7/2/2020,1597.45
7/3/2020,1597.23
7/6/2020,1603.18
7/7/2020,1601.9
7/8/2020,1601.95
7/9/2020,1606.81
7/10/2020,1603.48
7/13/2020,1605.18
7/14/2020,1599.41
7/15/2020,1607.31
7/16/2020,1604.33
7/17/2020,1603.32
7/20/2020,1605
7/21/2020,1610.61
7/22/2020,1613.2
7/23/2020,1611.17
7/24/2020,1607.05
7/27/2020,1613.28
7/28/2020,1611.33
7/29/2020,1613.49
7/30/2020,1609.84
7/31/2020,1612.07
8/3/2020,1607.87
8/4/2020,1606.75
8/5/2020,1613.99
8/6/2020,1612.6
8/7/2020,1608.65
8/10/2020,1608.01
8/11/2020,1611.12
8/12/2020,1610.92
8/13/2020,1613.15
8/14/2020,1612.57
8/17/2020,1611.57
8/18/2020,1614.19
8/19/2020,1617.09
8/20/2020,1610.52
8/21/2020,1612.37
8/24/2020,1614.68
8/25/2020,1615.77
8/26/2020,1617.73
8/27/2020,1619.25
8/28/2020,1626.66
8/31/2020,1626.04
9/1/2020,1635.14
9/2/2020,1631.06
9/3/2020,1630.6
9/4/2020,1630.87
9/7/2020,1631.44
9/8/2020,1628.85
9/9/2020,1630.63
9/10/2020,1632.25
9/11/2020,1632.57
9/14/2020,1635.52
9/15/2020,1642.27
9/16/2020,1646.72
9/17/2020,1646
9/18/2020,1649.7
9/21/2020,1642.16
9/22/2020,1640.47
9/23/2020,1634.6
9/24/2020,1626.79
9/25/2020,1627.98
9/28/2020,1627.06
9/29/2020,1628.65
9/30/2020,1633.26
10/1/2020,1635.79
10/2/2020,1635.75
10/5/2020,1639.5
10/6/2020,1642.2
10/7/2020,1640.55
10/8/2020,1642.73
10/9/2020,1655.33
10/12/2020,1653.4
10/13/2020,1651.34
10/14/2020,1652.21
10/15/2020,1650.55
10/16/2020,1654.14
10/19/2020,1657.46
10/20/2020,1659.36
10/21/2020,1664.75
10/22/2020,1664.03
10/23/2020,1663.55
10/26/2020,1661.59
10/27/2020,1660.5
10/28/2020,1655.27
10/29/2020,1653.62
10/30/2020,1655.16
11/2/2020,1654.56
11/3/2020,1659.06
11/4/2020,1657.36
11/5/2020,1672.25
11/6/2020,1678.09
11/9/2020,1689.06
11/10/2020,1684.27
11/11/2020,1682.19
11/12/2020,1680.67
11/13/2020,1679.97
11/16/2020,1689.18
11/17/2020,1693.07
11/18/2020,1697.11
11/19/2020,1689.38
11/20/2020,1691.58
11/23/2020,1690.83
11/24/2020,1691.64
11/25/2020,1693.35
11/26/2020,1696.25
11/27/2020,1694.57
11/30/2020,1692.09
12/1/2020,1698.3
12/2/2020,1699.93
12/3/2020,1705.83
12/4/2020,1713.01
12/7/2020,1714.5
12/8/2020,1716.33
12/9/2020,1715.02
12/10/2020,1714.47
12/11/2020,1714.35
12/14/2020,1714.23
12/15/2020,1714.02
12/16/2020,1715.48
12/17/2020,1719.08
12/18/2020,1716.43
12/21/2020,1711.14
12/22/2020,1709.68
12/23/2020,1710.82
12/24/2020,1714.41
12/25/2020,1714.52
12/28/2020,1713.84
12/29/2020,1717.81
12/30/2020,1720.12
12/31/2020,1719.74
1/1/2021,1719.84
