Date,PX_LAST
8/19/20,72.3149
8/18/20,72.4739
8/17/20,72.0179
8/14/20,70.8064
8/13/20,70.8373
8/12/20,70.2701
8/11/20,69.8914
8/10/20,70.9032
8/7/20,70.4501
8/6/20,71.3393
8/5/20,71.1918
8/4/20,70.5438
8/3/20,69.9049
7/31/20,68.6767
7/30/20,68.2531
7/29/20,68.9933
7/28/20,68.531
7/27/20,68.5025
7/24/20,68.1503
7/23/20,68.1245
7/22/20,67.7392
7/21/20,67.2868
7/20/20,66.3101
7/17/20,66.4947
7/16/20,66.4732
7/15/20,66.6653
7/14/20,66.176
7/13/20,66.4895
7/10/20,66.636
7/9/20,66.3463
7/8/20,66.7927
7/7/20,66.5414
7/6/20,66.1801
7/2/20,65.6325
7/1/20,65.1837
6/30/20,64.9762
6/29/20,64.2432
6/26/20,63.2194
6/25/20,63.4476
6/24/20,63.7083
6/23/20,64.7104
6/22/20,64.832
6/19/20,64.5736
6/18/20,64.1194
6/17/20,64.0727
6/16/20,63.9419
6/15/20,63.6461
6/12/20,63.7057
6/11/20,64.0925
6/10/20,65.0033
6/9/20,64.7268
6/8/20,64.6415
6/5/20,64.6941
6/4/20,64.3526
6/3/20,63.9011
6/2/20,63.7825
6/1/20,63.5116
5/29/20,63.5353
5/28/20,62.7703
5/27/20,62.6696
5/26/20,63.3501
5/22/20,62.74
5/21/20,63.0139
5/20/20,63.6046
5/19/20,63.2376
5/18/20,63.028
5/15/20,61.659
5/14/20,61.2871
5/13/20,60.6226
5/12/20,61.5521
5/11/20,61.7826
5/8/20,62.32
5/7/20,61.9955
5/6/20,61.4607
5/5/20,62.3085
5/4/20,60.9709
5/1/20,60.7066
4/30/20,60.8983
4/29/20,59.8758
4/28/20,59.6414
4/27/20,59.5528
4/24/20,60.2394
4/23/20,60.7754
4/22/20,60.6816
4/21/20,59.5078
4/20/20,61.978
4/17/20,62.0936
4/16/20,62.0546
4/15/20,61.9659
4/14/20,63.0517
4/13/20,63.3847
4/9/20,63.4759
4/8/20,63.1471
4/7/20,63.2193
4/6/20,62.818
4/3/20,62.1957
4/2/20,61.5486
4/1/20,60.2898
3/31/20,61.8577
3/30/20,62.0639
3/27/20,62.7145
3/26/20,63.3252
3/25/20,63.9846
3/24/20,63.7663
3/23/20,62.0083
3/20/20,61.0998
3/19/20,61.4271
3/18/20,59.4795
3/17/20,62.0086
3/16/20,62.5747
3/13/20,65.3051
3/12/20,66.1642
3/11/20,68.3
3/10/20,69.2967
3/9/20,67.8483
3/6/20,70.7933
3/5/20,72.6831
3/4/20,73.2289
3/3/20,73.1911
3/2/20,72.4728
2/28/20,70.9799
2/27/20,72.5776
2/26/20,73.6315
2/25/20,74.2102
2/24/20,74.9013
2/21/20,76.2509
2/20/20,76.2138
2/19/20,76.5688
2/18/20,76.1062
2/14/20,75.3841
2/13/20,75.3197
2/12/20,75.1566
2/11/20,74.3843
2/10/20,74.1987
2/7/20,74.755
2/6/20,74.9629
2/5/20,74.7409
2/4/20,74.1003
2/3/20,74.0774
1/31/20,74.8374
1/30/20,75.1402
1/29/20,75.8597
1/28/20,76.3192
1/27/20,76.2333
1/24/20,77.3191
1/23/20,78.2283
1/22/20,78.6737
1/21/20,79.2079
1/17/20,79.817
1/16/20,79.6115
1/15/20,80.0304
1/14/20,80.3484
1/13/20,80.2913
1/10/20,80.7052
1/9/20,80.4546
1/8/20,80.5801
1/7/20,81.5737
1/6/20,81.643
1/3/20,81.3663
1/2/20,81.0008
12/31/19,80.8871
12/30/19,81.392
12/27/19,81.3512
12/26/19,81.2675
12/24/19,80.6645
12/23/19,80.2219
12/20/19,80.3939
12/19/19,80.3466
12/18/19,80.1387
12/17/19,80.293
12/16/19,80.1912
12/13/19,79.4136
12/12/19,79.0736
12/11/19,78.3297
12/10/19,78.5158
12/9/19,78.1409
12/6/19,78.2393
12/5/19,78.11
12/4/19,77.8463
12/3/19,77.3437
12/2/19,77.1353
11/29/19,77.1108
11/27/19,78.3376
11/26/19,78.6606
11/25/19,78.5582
11/22/19,78.7265
11/21/19,78.6081
11/20/19,78.2804
11/19/19,77.8584
11/18/19,78.3215
11/15/19,79.0884
11/14/19,78.9189
11/13/19,78.9618
11/12/19,79.0303
11/11/19,79.0293
11/8/19,79.9057
11/7/19,80.0187
11/6/19,80.1525
11/5/19,80.7201
11/4/19,80.6335
11/1/19,80.2596
10/31/19,79.2367
10/30/19,79.5986
10/29/19,79.6003
10/28/19,79.4811
10/25/19,79.4979
10/24/19,79.3472
10/23/19,79.0092
10/22/19,78.4737
10/21/19,78.2463
10/18/19,78.6672
10/17/19,78.5809
10/16/19,78.3348
10/15/19,78.4063
10/14/19,78.5847
10/11/19,78.8301
10/10/19,77.9441
10/9/19,77.9236
10/8/19,77.8811
10/7/19,77.7125
10/4/19,77.9329
10/3/19,77.7387
10/2/19,77.5202
10/1/19,77.8662
9/30/19,77.7797
9/27/19,78.34
9/26/19,78.6349
9/25/19,78.9079
9/24/19,79.3596
9/23/19,79.8663
9/20/19,79.1971
9/19/19,79.3975
9/18/19,79.5077
9/17/19,79.8979
9/16/19,81.3979
9/13/19,78.6973
9/12/19,78.5686
9/11/19,78.205
9/10/19,78.7577
9/9/19,78.451
9/6/19,77.8857
9/5/19,78.0326
9/4/19,78.4199
9/3/19,77.0083
8/30/19,77.0044
8/29/19,77.4875
8/28/19,77.1685
8/27/19,76.5842
8/26/19,76.3498
8/23/19,76.0653
8/22/19,76.4193
8/21/19,76.798
8/20/19,76.6926
8/19/19,76.6591
8/16/19,76.7728
8/15/19,76.7023
8/14/19,76.8568
8/13/19,77.589
8/12/19,76.825
8/9/19,77.4239
8/8/19,77.0403
8/7/19,75.9747
8/6/19,76.4699
8/5/19,76.7648
8/2/19,77.2259
8/1/19,77.0081
7/31/19,78.9631
7/30/19,79.0834
7/29/19,79.0108
7/26/19,78.7409
7/25/19,78.9962
7/24/19,79.3244
7/23/19,79.4026
7/22/19,79.171
7/19/19,79.3793
7/18/19,78.9159
7/17/19,79.5778
7/16/19,79.6459
7/15/19,80.5539
7/12/19,81.0222
7/11/19,80.5555
7/10/19,80.5401
7/9/19,79.1321
7/8/19,79.0247
7/5/19,79.1142
7/3/19,79.1968
7/2/19,78.0716
7/1/19,79.0432
6/28/19,79.653
6/27/19,80.186
6/26/19,80.1435
6/25/19,79.8384
6/24/19,79.4779
6/21/19,78.8373
6/20/19,79.1627
6/19/19,77.7705
6/18/19,78.2444
6/17/19,77.7867
6/14/19,77.8285
6/13/19,77.6085
6/12/19,77.0809
6/11/19,77.4684
6/10/19,77.0245
6/7/19,77.148
6/6/19,77.1058
6/5/19,76.4862
6/4/19,77.7057
6/3/19,77.4592
5/31/19,77.7043
5/30/19,79.0979
5/29/19,79.3883
5/28/19,79.3859
5/24/19,78.7052
5/23/19,77.9647
5/22/19,78.9523
5/21/19,79.7764
5/20/19,79.9291
5/17/19,79.7043
5/16/19,80.303
5/15/19,79.6536
5/14/19,79.3386
5/13/19,78.3414
5/10/19,78.6618
5/9/19,78.56
5/8/19,79.0004
5/7/19,78.9692
5/6/19,79.4748
5/3/19,79.8386
5/2/19,79.6998
5/1/19,80.4241
4/30/19,80.5738
4/29/19,80.5356
4/26/19,80.7614
4/25/19,81.2183
4/24/19,81.4341
4/23/19,81.6437
4/22/19,81.9569
4/18/19,81.7063
4/17/19,81.6612
4/16/19,81.9654
4/15/19,82.3236
4/12/19,82.7086
4/11/19,82.2361
4/10/19,83.0616
4/9/19,82.6223
4/8/19,82.7739
4/5/19,82.3702
4/4/19,82.2323
4/3/19,82.1833
4/2/19,81.8613
4/1/19,81.6727
3/29/19,81.0872
3/28/19,81.0873
3/27/19,81.5642
3/26/19,81.9936
3/25/19,81.9158
3/22/19,81.7507
3/21/19,82.3473
3/20/19,82.3797
3/19/19,82.093
3/18/19,81.8765
3/15/19,81.5838
3/14/19,81.3474
3/13/19,81.5304
3/12/19,80.8615
3/11/19,80.2569
3/8/19,80.4667
3/7/19,80.52
3/6/19,80.7408
3/5/19,81.1937
3/4/19,80.8184
3/1/19,80.966
2/28/19,81.3904
2/27/19,81.6096
2/26/19,81.2074
2/25/19,81.301
2/22/19,82.1246
2/21/19,81.7878
2/20/19,81.6821
2/19/19,81.2942
2/15/19,80.9569
2/14/19,79.9611
2/13/19,80.1641
2/12/19,80.0973
2/11/19,79.6555
2/8/19,80.0655
2/7/19,80.0391
2/6/19,80.9856
2/5/19,80.8806
2/4/19,81.1004
2/1/19,80.965
1/31/19,80.7252
1/30/19,80.8822
1/29/19,80.5004
1/28/19,79.8671
1/25/19,81.0693
1/24/19,80.2096
1/23/19,80.0749
1/22/19,80.0891
1/18/19,81.3791
1/17/19,80.4502
1/16/19,80.2592
1/15/19,80.1043
1/14/19,79.9021
1/11/19,79.6614
1/10/19,79.489
1/9/19,79.9122
1/8/19,78.9489
1/7/19,78.5743
1/4/19,78.3352
1/3/19,77.4544
1/2/19,76.9851
12/31/18,76.7154
12/28/18,77.5922
12/27/18,77.8029
12/26/18,78.2144
12/24/18,77.2127
12/21/18,78.6952
12/20/18,78.8092
12/19/18,79.9565
12/18/18,79.6797
12/17/18,80.2648
12/14/18,81.2656
12/13/18,82.5144
12/12/18,82.1853
12/11/18,82.6215
12/10/18,82.7296
12/7/18,83.4889
12/6/18,82.2713
12/5/18,83.3596
12/4/18,83.4006
12/3/18,82.956
11/30/18,82.5607
11/29/18,82.6354
11/28/18,82.466
11/27/18,81.1393
11/26/18,81.4579
11/23/18,81.4831
11/21/18,83.3654
11/20/18,82.9904
11/19/18,84.8291
11/16/18,83.9124
11/15/18,82.8529
11/14/18,84.7271
11/13/18,82.446
11/12/18,83.048
11/9/18,82.8946
11/8/18,83.2718
11/7/18,83.7257
11/6/18,83.6683
11/5/18,84.1979
11/2/18,83.8847
11/1/18,83.5847
10/31/18,83.1903
10/30/18,83.5825
10/29/18,84.3968
10/26/18,84.9968
10/25/18,84.6247
10/24/18,84.7937
10/23/18,85.1445
10/22/18,85.7791
10/19/18,85.9472
10/18/18,85.7479
10/17/18,86.7024
10/16/18,87.0263
10/15/18,87.1261
10/12/18,86.2351
10/11/18,85.9238
10/10/18,86.3888
10/9/18,87.2356
10/8/18,86.9255
10/5/18,86.8993
10/4/18,86.7897
10/3/18,87.6762
10/2/18,87.1491
10/1/18,86.3638
9/28/18,85.201
9/27/18,84.7532
9/26/18,84.6968
9/25/18,85.0843
9/24/18,84.8516
9/21/18,84.4025
9/20/18,83.882
9/19/18,83.3624
9/18/18,82.7356
9/17/18,82.1393
9/14/18,82.4586
9/13/18,82.7206
9/12/18,83.4708
9/11/18,82.9778
9/10/18,82.9329
9/7/18,82.5853
9/6/18,82.4301
9/5/18,82.6974
9/4/18,83.1276
8/31/18,83.736
8/30/18,83.6155
8/29/18,83.8224
8/28/18,83.3627
8/27/18,83.7612
8/24/18,83.6904
8/23/18,83.1093
8/22/18,83.5908
8/21/18,83.4426
8/20/18,83.328
8/17/18,83.3457
8/16/18,83.0114
8/15/18,82.1694
8/14/18,83.771
8/13/18,83.5408
8/10/18,84.2307
8/9/18,84.8891
8/8/18,85.1261
8/7/18,85.4817
8/6/18,85.0631
8/3/18,84.8999
8/2/18,84.5095
8/1/18,84.2491
7/31/18,85.3947
7/30/18,85.3821
7/27/18,84.8391
7/26/18,84.953
7/25/18,84.9295
7/24/18,84.074
7/23/18,83.6367
7/20/18,83.683
7/19/18,83.0658
7/18/18,83.1195
7/17/18,82.8235
7/16/18,82.8425
7/13/18,83.8306
7/12/18,84.0096
7/11/18,83.4448
7/10/18,85.763
7/9/18,86.1289
7/6/18,86.2079
7/5/18,85.5303
7/3/18,85.925
7/2/18,85.7301
6/29/18,87.4095
6/28/18,86.7896
6/27/18,87.1417
6/26/18,86.5277
6/25/18,86.1721
6/22/18,87.3203
6/21/18,86.4193
6/20/18,86.7779
6/19/18,86.5778
6/18/18,87.6264
6/15/18,87.7026
6/14/18,89.2162
6/13/18,89.9678
6/12/18,89.8981
6/11/18,89.6466
6/8/18,89.9754
6/7/18,90.0453
6/6/18,89.7651
6/5/18,89.6956
6/4/18,89.4298
6/1/18,90.4524
5/31/18,90.7159
5/30/18,90.7204
5/29/18,90.2764
5/25/18,90.9191
5/24/18,91.5113
5/23/18,91.5724
5/22/18,91.4178
5/21/18,90.9729
5/18/18,90.4135
5/17/18,90.3074
5/16/18,90.1813
5/15/18,90.1228
5/14/18,90.3688
5/11/18,90.0377
5/10/18,90.5536
5/9/18,90.1004
5/8/18,89.5833
5/7/18,89.8226
5/4/18,89.9896
5/3/18,89.6717
5/2/18,89.4942
5/1/18,89.3671
4/30/18,89.593
4/27/18,89.3829
4/26/18,89.4003
4/25/18,89.2481
4/24/18,89.0806
4/23/18,89.1948
4/20/18,89.8496
4/19/18,89.9702
4/18/18,90.4564
4/17/18,89.0157
4/16/18,89.0339
4/13/18,89.2762
4/12/18,89.0947
4/11/18,89.2491
4/10/18,88.8005
4/9/18,88.0136
4/6/18,86.9381
4/5/18,87.1757
4/4/18,86.6218
4/3/18,87.0085
4/2/18,86.8328
3/29/18,87.4729
3/28/18,86.7627
3/27/18,87.258
3/26/18,87.2526
3/23/18,87.4415
3/22/18,87.1029
3/21/18,87.41
3/20/18,86.7228
3/19/18,86.5238
3/16/18,87.3633
3/15/18,87.3169
3/14/18,87.6738
3/13/18,87.8767
3/12/18,87.6662
3/9/18,87.9546
3/8/18,87.5878
3/7/18,88.0368
3/6/18,89.0069
3/5/18,88.7022
3/2/18,88.1477
3/1/18,88.2028
2/28/18,88.1409
2/27/18,88.5909
2/26/18,89.0401
2/23/18,88.6922
2/22/18,88.6675
2/21/18,88.2742
2/20/18,88.0035
2/16/18,88.2043
2/15/18,88.2377
2/14/18,87.9944
2/13/18,86.7893
2/12/18,86.3257
2/9/18,85.6442
2/8/18,87.0087
2/7/18,87.148
2/6/18,88.1673
2/5/18,88.5135
2/2/18,89.1213
2/1/18,89.8659
1/31/18,89.8001
1/30/18,90.2823
1/29/18,90.6277
1/26/18,90.7999
1/25/18,90.459
1/24/18,90.4641
1/23/18,89.1564
1/22/18,88.8092
1/19/18,88.5425
1/18/18,88.6943
1/17/18,88.7962
1/16/18,88.4507
1/12/18,88.7565
1/11/18,88.3059
1/10/18,88.2393
1/9/18,88.0988
1/8/18,87.6911
1/5/18,87.9152
1/4/18,88.5688
1/3/18,88.6085
1/2/18,88.4101
12/29/17,88.1674
12/28/17,87.698
12/27/17,87.0755
12/26/17,86.7311
12/22/17,85.7451
12/21/17,85.277
12/20/17,85.0521
12/19/17,84.5847
12/18/17,84.4705
12/15/17,84.053
12/14/17,83.8374
12/13/17,83.4683
12/12/17,83.4281
12/11/17,84.2183
12/8/17,84.0109
12/7/17,83.8016
12/6/17,84.1074
12/5/17,85.0298
12/4/17,85.7451
12/1/17,86.4793
11/30/17,85.7033
11/29/17,86.4388
11/28/17,86.7248
11/27/17,86.9032
11/24/17,86.9996
11/22/17,87.04
11/21/17,86.4733
11/20/17,86.1931
11/17/17,86.7657
11/16/17,85.6633
11/15/17,86.0009
11/14/17,86.1605
11/13/17,87.2035
11/10/17,87.2811
11/9/17,87.4571
11/8/17,87.6437
11/7/17,87.5385
11/6/17,88.1545
11/3/17,86.8778
11/2/17,86.6923
11/1/17,86.5381
10/31/17,86.1882
10/30/17,86.1478
10/27/17,85.8652
10/26/17,85.9153
10/25/17,85.891
10/24/17,86.0405
10/23/17,85.6115
10/20/17,85.2688
10/19/17,85.3931
10/18/17,85.3089
10/17/17,85.4857
10/16/17,85.9946
10/13/17,85.8947
10/12/17,85.1301
10/11/17,84.7701
10/10/17,84.8206
10/9/17,84.0669
10/6/17,83.9256
10/5/17,84.5847
10/4/17,83.9563
10/3/17,83.739
10/2/17,83.7066
9/29/17,84.4599
9/28/17,84.6352
9/27/17,84.8375
9/26/17,84.7846
9/25/17,85.3276
9/22/17,84.8572
9/21/17,84.7825
9/20/17,85.5913
9/19/17,84.842
9/18/17,85.0828
9/15/17,85.1949
9/14/17,85.0966
9/13/17,84.9646
9/12/17,84.797
9/11/17,84.8861
9/8/17,84.7622
9/7/17,85.662
9/6/17,85.7239
9/5/17,85.3689
9/1/17,84.9775
8/31/17,84.6565
8/30/17,83.0726
8/29/17,83.5025
8/28/17,83.4221
8/25/17,83.2926
8/24/17,83.5111
8/23/17,83.2723
8/22/17,82.9827
8/21/17,83.0355
8/18/17,83.231
8/17/17,82.6799
8/16/17,82.5834
8/15/17,82.5202
8/14/17,83.1124
8/11/17,83.6958
8/10/17,83.5388
8/9/17,84.415
8/8/17,83.9424
8/7/17,83.716
8/4/17,83.2769
8/3/17,83.3343
8/2/17,83.926
8/1/17,83.5325
7/31/17,84.3915
7/28/17,84.4799
7/27/17,84.2293
7/26/17,83.6852
7/25/17,83.1124
7/24/17,82.6455
7/21/17,82.988
7/20/17,83.6887
7/19/17,83.6316
7/18/17,83.1462
7/17/17,82.69
7/14/17,82.7031
7/13/17,81.9205
7/12/17,82.65
7/11/17,83.0187
7/10/17,82.3597
7/7/17,81.8048
7/6/17,82.4177
7/5/17,82.3172
7/3/17,83.1053
6/30/17,82.6017
6/29/17,81.3297
6/28/17,80.84
6/27/17,80.418
6/26/17,79.8687
6/23/17,79.6382
6/22/17,79.3575
6/21/17,79.6311
6/20/17,80.1295
6/19/17,80.7188
6/16/17,81.2691
6/15/17,80.9162
6/14/17,80.8905
6/13/17,81.6144
6/12/17,81.5908
6/9/17,82.4213
6/8/17,82.176
6/7/17,81.9603
6/6/17,82.478
6/5/17,82.0008
6/2/17,82.3265
6/1/17,82.4643
5/31/17,82.8292
5/30/17,83.2049
5/26/17,84.0062
5/25/17,83.7059
5/24/17,84.4665
5/23/17,84.7047
5/22/17,85.259
5/19/17,84.7155
5/18/17,83.4204
5/17/17,83.9752
5/16/17,83.4973
5/15/17,83.5781
5/12/17,83.4839
5/11/17,83.1253
5/10/17,82.7642
5/9/17,82.0331
5/8/17,82.2704
5/5/17,82.6787
5/4/17,82.2104
5/3/17,83.7349
5/2/17,83.85
5/1/17,84.2066
4/28/17,84.0128
4/27/17,83.617
4/26/17,83.8908
4/25/17,84.0281
4/24/17,83.7173
4/21/17,83.9044
4/20/17,84.4451
4/19/17,84.635
4/18/17,85.3535
4/17/17,86.0495
4/13/17,86.2988
4/12/17,85.8823
4/11/17,86.0014
4/10/17,85.9032
4/7/17,85.8354
4/6/17,85.7491
4/5/17,85.6223
4/4/17,85.2934
4/3/17,84.7405
3/31/17,85.3508
3/30/17,85.3488
3/29/17,85.4023
3/28/17,84.9059
3/27/17,84.3323
3/24/17,84.5258
3/23/17,84.5893
3/22/17,84.6604
3/21/17,84.9241
3/20/17,85.1073
3/17/17,85.1449
3/16/17,84.8731
3/15/17,84.5137
3/14/17,83.9026
3/13/17,84.3691
3/10/17,84.2675
3/9/17,84.5785
3/8/17,85.2905
3/7/17,86.3515
3/6/17,87.1109
3/3/17,87.1899
3/2/17,86.9865
3/1/17,88.324
2/28/17,87.7388
2/27/17,87.0995
2/24/17,87.4836
2/23/17,87.3723
2/22/17,87.5519
2/21/17,87.8646
2/17/17,88.1104
2/16/17,88.4806
2/15/17,89.0138
2/14/17,88.6259
2/13/17,88.6376
2/10/17,89.3574
2/9/17,88.5273
2/8/17,88.4178
2/7/17,87.8624
2/6/17,87.83
2/3/17,87.9428
2/2/17,88.3999
2/1/17,88.5422
1/31/17,87.5922
1/30/17,87.0293
1/27/17,87.977
1/26/17,88.2692
1/25/17,88.3675
1/24/17,88.7502
1/23/17,88.5958
1/20/17,88.376
1/19/17,88.1579
1/18/17,88.3839
1/17/17,88.9487
1/13/17,88.5432
1/12/17,88.4857
1/11/17,87.2102
1/10/17,86.8542
1/9/17,86.3434
1/6/17,87.3673
1/5/17,87.5294
1/4/17,87.1718
1/3/17,86.0673
12/30/16,87.5144
12/29/16,87.6672
12/28/16,87.7524
12/27/16,87.5987
12/23/16,86.291
12/22/16,86.3305
12/21/16,86.4032
12/20/16,86.1569
12/19/16,86.5687
12/16/16,87.1333
12/15/16,86.8356
12/14/16,87.6267
12/13/16,87.9224
12/12/16,88.1761
12/9/16,88.1431
12/8/16,87.5661
12/7/16,87.4726
12/6/16,88.0266
12/5/16,88.3476
12/2/16,87.0416
12/1/16,86.9186
11/30/16,86.0015
11/29/16,84.2773
11/28/16,86.066
11/25/16,85.0319
11/23/16,85.3577
11/22/16,85.1386
11/21/16,84.8851
11/18/16,83.022
11/17/16,82.7271
11/16/16,82.7663
11/15/16,83.279
11/14/16,82.3429
11/11/16,82.3754
11/10/16,83.84
11/9/16,83.9087
11/8/16,83.7814
11/7/16,83.8224
11/4/16,83.2943
11/3/16,83.6054
11/2/16,83.8889
11/1/16,84.5133
10/31/16,84.9011
10/28/16,85.9119
10/27/16,86.2162
10/26/16,85.5405
10/25/16,86.0107
10/24/16,86.1501
10/21/16,86.1053
10/20/16,86.0215
10/19/16,86.8947
10/18/16,86.5539
10/17/16,86.3877
10/14/16,86.3405
10/13/16,86.2813
10/12/16,85.649
10/11/16,86.1764
10/10/16,86.7571
10/7/16,85.6414
10/6/16,85.5129
10/5/16,85.7159
10/4/16,85.1508
10/3/16,85.6046
9/30/16,85.342
9/29/16,85.2238
9/28/16,85.1424
9/27/16,84.1435
9/26/16,84.8615
9/23/16,84.3221
9/22/16,85.5084
9/21/16,84.9081
9/20/16,84.2876
9/19/16,83.6063
9/16/16,83.2357
9/15/16,83.0829
9/14/16,82.6722
9/13/16,83.0196
9/12/16,84.0834
9/9/16,84.0242
9/8/16,85.1478
9/7/16,83.9304
9/6/16,83.3865
9/2/16,82.9889
9/1/16,82.1007
8/31/16,82.7727
8/30/16,83.6551
8/29/16,84.4593
8/26/16,84.9846
8/25/16,85.0535
8/24/16,85.0698
8/23/16,86.0734
8/22/16,85.6704
8/19/16,86.2364
8/18/16,86.7407
8/17/16,85.8719
8/16/16,85.7227
8/15/16,85.2385
8/12/16,84.0555
8/11/16,83.9743
8/10/16,83.2293
8/9/16,83.7521
8/8/16,84.3172
8/5/16,83.8543
8/4/16,83.9078
8/3/16,83.5472
8/2/16,82.7299
8/1/16,82.8974
7/29/16,84.2809
7/28/16,83.3984
7/27/16,83.127
7/26/16,83.7215
7/25/16,83.9236
7/22/16,84.6352
7/21/16,84.952
7/20/16,85.1563
7/19/16,85.7484
7/18/16,86.5266
7/15/16,86.6984
7/14/16,87.1196
7/13/16,86.9767
7/12/16,87.4889
7/11/16,86.0815
7/8/16,86.4023
7/7/16,85.5334
7/6/16,87.5272
7/5/16,87.4282
7/1/16,89.6788
6/30/16,88.8423
6/29/16,89.2984
6/28/16,88.3016
6/27/16,86.6558
6/24/16,86.9557
6/23/16,88.3454
6/22/16,88.0189
6/21/16,88.5833
6/20/16,89.4538
6/17/16,88.7212
6/16/16,87.2339
6/15/16,88.4692
6/14/16,88.7731
6/13/16,89.0837
6/10/16,88.9427
6/9/16,89.8772
6/8/16,89.9368
6/7/16,88.2886
6/6/16,88.1137
6/3/16,87.1411
6/2/16,86.7062
6/1/16,85.9085
5/31/16,85.3383
5/27/16,85.4675
5/26/16,85.354
5/25/16,85.1889
5/24/16,84.1733
5/23/16,84.3763
5/20/16,84.8666
5/19/16,84.6832
5/18/16,85.3994
5/17/16,85.7167
5/16/16,85.1403
5/13/16,84.4663
5/12/16,84.7504
5/11/16,84.7138
5/10/16,83.3606
5/9/16,81.7576
5/6/16,83.393
5/5/16,82.7066
5/4/16,83.3537
5/3/16,83.5775
5/2/16,84.72
4/29/16,85.5205
4/28/16,84.8377
4/27/16,84.309
4/26/16,83.8387
4/25/16,82.8806
4/22/16,83.0537
4/21/16,83.588
4/20/16,84.1773
4/19/16,82.6543
4/18/16,80.6782
4/15/16,80.3927
4/14/16,80.6462
4/13/16,81.2446
4/12/16,80.8911
4/11/16,79.2825
4/8/16,79.0288
4/7/16,77.4519
4/6/16,77.6481
4/5/16,76.9725
4/4/16,77.1817
4/1/16,77.9417
3/31/16,78.8272
3/30/16,78.9293
3/29/16,79.3072
3/28/16,79.4835
3/24/16,79.2517
3/23/16,79.5757
3/22/16,81.2301
3/21/16,80.7885
3/18/16,80.7557
3/17/16,81.2888
3/16/16,79.5999
3/15/16,78.8207
3/14/16,79.4295
3/11/16,79.9471
3/10/16,79.3796
3/9/16,79.4445
3/8/16,78.4241
3/7/16,79.296
3/4/16,78.3828
3/3/16,76.8692
3/2/16,76.4606
3/1/16,76.0847
2/29/16,75.9463
2/26/16,75.4617
2/25/16,75.7443
2/24/16,75.7747
2/23/16,75.1753
2/22/16,75.9732
2/19/16,75.1058
2/18/16,75.7455
2/17/16,76.0288
2/16/16,74.7166
2/12/16,75.4389
2/11/16,73.9578
2/10/16,73.916
2/9/16,74.0028
2/8/16,75.5048
2/5/16,75.5965
2/4/16,76.1419
2/3/16,76.2718
2/2/16,74.85
2/1/16,75.9526
1/29/16,77.2234
1/28/16,76.1049
1/27/16,76.1198
1/26/16,75.499
1/25/16,74.4959
1/22/16,75.2355
1/21/16,73.7915
1/20/16,72.8759
1/19/16,73.6098
1/15/16,73.4877
1/14/16,74.5594
1/13/16,74.63
1/12/16,74.4338
1/11/16,75.1221
1/8/16,76.7265
1/7/16,76.6828
1/6/16,76.6414
1/5/16,77.6628
1/4/16,77.9054
12/31/15,78.5588
12/30/15,78.0881
12/29/15,79.0418
12/28/15,77.879
12/24/15,78.4851
12/23/15,78.1055
12/22/15,77.169
12/21/15,77.6985
12/18/15,77.4523
12/17/15,76.6045
12/16/15,77.0807
12/15/15,77.5781
12/14/15,77.9609
12/11/15,78.4224
12/10/15,79.1544
12/9/15,79.2466
12/8/15,79.169
12/7/15,79.5064
12/4/15,81.7016
12/3/15,81.2978
12/2/15,80.3708
12/1/15,81.7533
11/30/15,81.0781
11/27/15,81.0962
11/25/15,82.2684
11/24/15,82.1446
11/23/15,81.4999
11/20/15,81.4234
11/19/15,81.7412
11/18/15,81.5672
11/17/15,81.7422
11/16/15,82.4601
11/13/15,82.4332
11/12/15,82.8691
11/11/15,83.618
11/10/15,84.0446
11/9/15,84.2369
11/6/15,85.2346
11/5/15,85.826
11/4/15,86.5148
11/3/15,87.693
11/2/15,86.8684
10/30/15,87.4289
10/29/15,86.8672
10/28/15,87.642
10/27/15,86.6234
10/26/15,86.9614
10/23/15,87.4464
10/22/15,88.1748
10/21/15,88.1843
10/20/15,88.829
10/19/15,88.5192
10/16/15,89.7835
10/15/15,89.839
10/14/15,90.1376
10/13/15,89.9819
10/12/15,90.0524
10/9/15,91.0084
10/8/15,90.3452
10/7/15,90.1089
10/6/15,90.2675
10/5/15,88.8007
10/2/15,87.8914
10/1/15,87.1305
9/30/15,87.8214
9/29/15,87.5618
9/28/15,87.3344
9/25/15,88.4942
9/24/15,87.8704
9/23/15,87.186
9/22/15,87.6693
9/21/15,88.5615
9/18/15,87.7272
9/17/15,89.0314
9/16/15,89.4589
9/15/15,88.571
9/14/15,88.5721
9/11/15,88.9268
9/10/15,89.1462
9/9/15,88.2201
9/8/15,89.3503
9/4/15,88.4894
9/3/15,89.4195
9/2/15,88.9281
9/1/15,88.738
8/31/15,90.9328
8/28/15,89.3579
8/27/15,87.7216
8/26/15,85.1383
8/25/15,86.2752
8/24/15,85.8531
8/21/15,87.8048
8/20/15,89.2297
8/19/15,88.5264
8/18/15,89.2938
8/17/15,89.8147
8/14/15,90.3553
8/13/15,90.4538
8/12/15,90.8315
8/11/15,91.1178
8/10/15,92.6227
8/7/15,90.4799
8/6/15,90.5323
8/5/15,90.8273
8/4/15,91.1156
8/3/15,90.4331
7/31/15,91.7827
7/30/15,92.6245
7/29/15,93.045
7/28/15,92.8979
7/27/15,92.1493
7/24/15,93.2871
7/23/15,94.3904
7/22/15,95.3199
7/21/15,96.3599
7/20/15,96.2029
7/17/15,97.5677
7/16/15,98.0791
7/15/15,98.4829
7/14/15,99.4037
7/13/15,99.5776
7/10/15,99.3342
7/9/15,99.0382
7/8/15,97.8443
7/7/15,97.5994
7/6/15,99.1078
7/2/15,101.8648
7/1/15,101.6029
6/30/15,102.6892
6/29/15,100.7349
6/26/15,101.1317
6/25/15,100.9008
6/24/15,100.468
6/23/15,100.7234
6/22/15,100.0458
6/19/15,99.8353
6/18/15,100.6035
6/17/15,100.523
6/16/15,100.5206
6/15/15,100.2693
6/12/15,100.5809
6/11/15,101.4942
6/10/15,102.712
6/9/15,102.1749
6/8/15,100.6041
6/5/15,100.2458
6/4/15,100.0515
6/3/15,100.9914
6/2/15,102.0676
6/1/15,101.0561
5/29/15,100.9465
5/28/15,100.1561
5/27/15,100.0014
5/26/15,100.772
5/22/15,102.5038
5/21/15,103.7503
5/20/15,102.9428
5/19/15,102.8047
5/18/15,105.088
5/15/15,105.3453
5/14/15,105.4938
5/13/15,104.9837
5/12/15,104.6512
5/11/15,103.3951
5/8/15,104.0993
5/7/15,103.1043
5/6/15,104.562
5/5/15,104.7285
5/4/15,103.6961
5/1/15,103.3993
4/30/15,103.7471
4/29/15,103.0634
4/28/15,102.061
4/27/15,101.765
4/24/15,101.5906
4/23/15,101.6138
4/22/15,100.6419
4/21/15,100.7391
4/20/15,101.1654
4/17/15,101.819
4/16/15,102.31
4/15/15,101.4433
4/14/15,99.6698
4/13/15,99.0605
4/10/15,99.4714
4/9/15,98.797
4/8/15,99.2247
4/7/15,101.3824
4/6/15,100.9518
4/2/15,99.6875
4/1/15,99.8963
3/31/15,98.123
3/30/15,99.2875
3/27/15,99.3652
3/26/15,101.0461
3/25/15,100.3086
3/24/15,100.0038
3/23/15,100.1287
3/20/15,99.5455
3/19/15,97.9882
3/18/15,98.1868
3/17/15,96.9626
3/16/15,97.3299
3/13/15,97.5777
3/12/15,98.9953
3/11/15,99.3781
3/10/15,99.1358
3/9/15,100.3442
3/6/15,100.7694
3/5/15,101.6979
3/4/15,102.0542
3/3/15,102.0982
3/2/15,101.8861
2/27/15,103.4379
2/26/15,102.1028
2/25/15,102.7864
2/24/15,101.9664
2/23/15,101.7313
2/20/15,102.7283
2/19/15,103.2202
2/18/15,103.21
2/17/15,103.9821
2/13/15,104.472
2/12/15,103.0098
2/11/15,101.6249
2/10/15,102.1225
2/9/15,103.5666
2/6/15,102.6488
2/5/15,102.4819
2/4/15,101.6108
2/3/15,104.0163
2/2/15,101.3224
1/30/15,100.8413
1/29/15,98.7629
1/28/15,100.2513
1/27/15,101.3211
1/26/15,100.745
1/23/15,101.131
1/22/15,101.5883
1/21/15,102.5472
1/20/15,101.4993
1/16/15,103.3062
1/15/15,101.7177
1/14/15,102.3496
1/13/15,101.2909
1/12/15,101.895
1/9/15,103.6223
1/8/15,103.6365
1/7/15,103.5252
1/6/15,104.0825
1/5/15,103.873
1/2/15,103.8614
12/31/14,104.3285
12/30/14,106.1031
12/29/14,106.113
12/26/14,106.4859
12/24/14,106.1649
12/23/14,107.5993
12/22/14,107.0226
12/19/14,108.66
12/18/14,108.5242
12/17/14,108.8532
12/16/14,108.2629
12/15/14,109.7779
12/12/14,110.7697
12/11/14,110.6821
12/10/14,110.879
12/9/14,111.9937
12/8/14,110.6721
12/5/14,112.2006
12/4/14,112.1997
12/3/14,112.1638
12/2/14,112.5138
12/1/14,114.797
11/28/14,112.9451
11/26/14,117.4897
11/25/14,117.6903
11/24/14,117.2245
11/21/14,118.1138
11/20/14,117.916
11/19/14,117.1025
11/18/14,116.7847
11/17/14,117.478
11/14/14,116.8782
11/13/14,115.9414
11/12/14,117.3225
11/11/14,117.5562
11/10/14,116.5363
11/7/14,117.6761
11/6/14,116.9938
11/5/14,116.3039
11/4/14,116.4809
11/3/14,117.7226
10/31/14,117.7365
10/30/14,117.9486
10/29/14,119.0795
10/28/14,117.7636
10/27/14,116.8334
10/24/14,116.5802
10/23/14,117.2404
10/22/14,116.6535
10/21/14,117.4681
10/20/14,116.6059
10/17/14,117.4452
10/16/14,117.5465
10/15/14,116.9992
10/14/14,118.4048
10/13/14,119.0406
10/10/14,118.2045
10/9/14,118.8325
10/8/14,118.8028
10/7/14,119.8569
10/6/14,119.5825
10/3/14,118.0182
10/2/14,118.2173
10/1/14,118.5566
9/30/14,118.6922
9/29/14,120.4245
9/26/14,119.1847
9/25/14,119.0828
9/24/14,119.5306
9/23/14,118.6006
9/22/14,118.6252
9/19/14,119.485
9/18/14,120.4843
9/17/14,122.0424
9/16/14,122.2611
9/15/14,121.3571
9/12/14,121.2991
9/11/14,121.6292
9/10/14,122.6383
9/9/14,123.4755
9/8/14,124.2431
9/5/14,124.8522
9/4/14,124.6729
9/3/14,125.1742
9/2/14,125.3004
8/29/14,126.5745
8/28/14,126.3261
8/27/14,126.0103
8/26/14,125.8897
8/25/14,125.4041
8/22/14,125.4217
8/21/14,125.4898
8/20/14,125.2677
8/19/14,124.9821
8/18/14,125.134
8/15/14,125.7131
8/14/14,125.6506
8/13/14,126.2692
8/12/14,126.8747
8/11/14,127.6818
8/8/14,127.3322
8/7/14,127.7319
8/6/14,128.2155
8/5/14,127.2269
8/4/14,127.9139
8/1/14,127.089
7/31/14,127.9143
7/30/14,128.4524
7/29/14,128.6299
7/28/14,129.3386
7/25/14,129.3045
7/24/14,129.0494
7/23/14,129.1567
7/22/14,128.8095
7/21/14,129.3721
7/18/14,129.2916
7/17/14,129.982
7/16/14,129.771
7/15/14,129.4809
7/14/14,130.167
7/11/14,130.1882
7/10/14,131.1412
7/9/14,131.5479
7/8/14,132.3622
7/7/14,132.66
7/3/14,134.2159
7/2/14,134.2875
7/1/14,134.2322
6/30/14,134.6268
6/27/14,135.8867
6/26/14,136.3613
6/25/14,136.6259
6/24/14,136.3393
6/23/14,136.1513
6/20/14,136.5546
6/19/14,136.268
6/18/14,134.8681
6/17/14,134.6609
6/16/14,134.7102
6/13/14,134.7728
6/12/14,134.2768
6/11/14,132.8375
6/10/14,133.2885
6/9/14,133.797
6/6/14,133.7139
6/5/14,133.2865
6/4/14,133.2861
6/3/14,133.5879
6/2/14,133.9812
5/30/14,133.8324
5/29/14,134.7409
5/28/14,134.7949
5/27/14,134.7938
5/23/14,135.713
5/22/14,135.6012
5/21/14,135.6405
5/20/14,135.6008
5/19/14,135.7201
5/16/14,135.2348
5/15/14,135.7908
5/14/14,136.6092
5/13/14,136.3039
5/12/14,136.0531
5/9/14,135.7618
5/8/14,136.2816
5/7/14,136.5841
5/6/14,137.197
5/5/14,136.8194
5/2/14,136.675
5/1/14,136.2771
4/30/14,137.7964
4/29/14,138.6677
4/28/14,137.8149
4/25/14,138.0458
4/24/14,138.1519
4/23/14,137.6169
4/22/14,137.3954
4/21/14,136.9121
4/17/14,137.6799
4/16/14,137.0637
4/15/14,136.8214
4/14/14,137.3696
4/11/14,136.4015
4/10/14,136.9841
4/9/14,136.4738
4/8/14,136.0381
4/7/14,134.6134
4/4/14,134.746
4/3/14,134.281
4/2/14,133.3962
4/1/14,133.6894
3/31/14,134.5234
3/28/14,134.7452
3/27/14,134.6025
3/26/14,133.4428
3/25/14,133.6633
3/24/14,133.0806
3/21/14,132.944
3/20/14,133.2677
3/19/14,134.8893
3/18/14,134.7497
3/17/14,134.1247
3/14/14,134.8972
3/13/14,134.5822
3/12/14,135.0323
3/11/14,135.1758
3/10/14,135.3744
3/7/14,136.1425
3/6/14,136.7646
3/5/14,135.6503
3/4/14,135.9772
3/3/14,135.3445
2/28/14,133.9783
2/27/14,133.3316
2/26/14,133.4814
2/25/14,133.9642
2/24/14,133.8928
2/21/14,133.6884
2/20/14,133.3539
2/19/14,133.711
2/18/14,132.8354
2/14/14,130.6566
2/13/14,130.0861
2/12/14,129.3286
2/11/14,128.8483
2/10/14,127.909
2/7/14,128.4797
2/6/14,128.0807
2/5/14,128.0728
2/4/14,128.3395
2/3/14,126.402
1/31/14,126.1206
1/30/14,126.3308
1/29/14,127.5899
1/28/14,126.3838
1/27/14,125.5139
1/24/14,127.0015
1/23/14,125.9735
1/22/14,125.7739
1/21/14,124.951
1/17/14,125.1627
1/16/14,125.1452
1/15/14,124.908
1/14/14,124.7998
1/13/14,124.5161
1/10/14,123.6354
1/9/14,122.3268
1/8/14,123.6805
1/7/14,124.8693
1/6/14,125.055
1/3/14,124.9074
1/2/14,125.4024
12/31/13,125.7515
12/30/13,127.1369
12/27/13,127.6106
12/26/13,127.4828
12/24/13,127.4848
12/23/13,127.3361
12/20/13,127.5852
12/19/13,126.7319
12/18/13,126.0287
12/17/13,126.0405
12/16/13,126.3384
12/13/13,126.1128
12/12/13,126.3287
12/11/13,127.0614
12/10/13,126.5226
12/9/13,125.9848
12/6/13,125.3806
12/5/13,125.2247
12/4/13,125.0502
12/3/13,124.2091
12/2/13,123.8908
11/29/13,124.2192
11/27/13,123.5528
11/26/13,123.8313
11/25/13,123.894
11/22/13,123.8111
11/21/13,123.2898
11/20/13,122.4267
11/19/13,122.0029
11/18/13,122.4156
11/15/13,123.2125
11/14/13,123.2266
11/13/13,122.8297
11/12/13,123.1134
11/11/13,123.5324
11/8/13,123.2578
11/7/13,122.6904
11/6/13,122.9962
11/5/13,122.7904
11/4/13,123.1991
11/1/13,123.8667
10/31/13,125.2281
10/30/13,126.6351
10/29/13,126.4931
10/28/13,126.9081
10/25/13,127.5148
10/24/13,127.192
10/23/13,127.1134
10/22/13,128.114
10/21/13,128.1176
10/18/13,128.6925
10/17/13,128.1914
10/16/13,128.255
10/15/13,127.7575
10/14/13,128.3229
10/11/13,127.7841
10/10/13,128.1717
10/9/13,127.4037
10/8/13,128.5172
10/7/13,128.1058
10/4/13,127.2601
10/3/13,126.9106
10/2/13,127.225
10/1/13,126.2813
9/30/13,127.1103
9/27/13,128.0086
9/26/13,127.8105
9/25/13,127.4462
9/24/13,126.8541
9/23/13,127.5868
9/20/13,128.294
9/19/13,130.0015
9/18/13,128.9249
9/17/13,128.0217
9/16/13,128.8947
9/13/13,129.3204
9/12/13,129.9055
9/11/13,129.4282
9/10/13,129.2947
9/9/13,130.3404
9/6/13,130.7701
9/5/13,129.7738
9/4/13,130.2919
9/3/13,131.6531
8/30/13,130.4445
8/29/13,131.6248
8/28/13,132.3689
8/27/13,132.2671
8/26/13,131.4466
8/23/13,130.1809
8/22/13,128.9987
8/21/13,129.0703
8/20/13,129.4884
8/19/13,130.2028
8/16/13,129.6059
8/15/13,129.5324
8/14/13,127.998
8/13/13,127.0566
8/12/13,127.2361
8/9/13,125.5741
8/8/13,125.024
8/7/13,123.7342
8/6/13,124.2756
8/5/13,125.0184
8/2/13,125.6846
8/1/13,126.2615
7/31/13,126.1571
7/30/13,125.2678
7/29/13,126.1692
7/26/13,126.6167
7/25/13,127.7838
7/24/13,128.4953
7/23/13,129.6824
7/22/13,129.8644
7/19/13,129.6615
7/18/13,129.4876
7/17/13,128.4184
7/16/13,129.0588
7/15/13,128.372
7/12/13,128.4478
7/11/13,128.6083
7/10/13,128.3029
7/9/13,127.2737
7/8/13,126.9254
7/5/13,125.5383
7/3/13,126.8033
7/2/13,125.9754
7/1/13,125.3931
6/28/13,124.4663
6/27/13,125.3286
6/26/13,125.739
6/25/13,126.4074
6/24/13,126.418
6/21/13,127.2764
6/20/13,128.0609
6/19/13,131.9738
6/18/13,130.8973
6/17/13,130.7633
6/14/13,130.3727
6/13/13,130.0811
6/12/13,130.1121
6/11/13,129.9455
6/10/13,130.5902
6/7/13,131.2979
6/6/13,131.7512
6/5/13,132.1761
6/4/13,132.1328
6/3/13,131.8161
5/31/13,130.6295
5/30/13,131.3124
5/29/13,131.8463
5/28/13,132.4238
5/24/13,131.9755
5/23/13,132.5625
5/22/13,132.3145
5/21/13,132.3876
5/20/13,132.4972
5/17/13,131.7001
5/16/13,130.9044
5/15/13,131.2985
5/14/13,131.9191
5/13/13,132.1976
5/10/13,131.9441
5/9/13,133.384
5/8/13,132.9375
5/7/13,132.0273
5/6/13,132.6981
5/3/13,133.1178
5/2/13,131.5975
5/1/13,131.3275
4/30/13,133.6316
4/29/13,134.3837
4/26/13,131.9185
4/25/13,132.6178
4/24/13,130.6107
4/23/13,130.0887
4/22/13,130.9605
4/19/13,131.5112
4/18/13,131.606
4/17/13,130.3211
4/16/13,131.1062
4/15/13,129.9374
4/12/13,133.855
4/11/13,135.0209
4/10/13,135.0251
4/9/13,135.2981
4/8/13,134.4943
4/5/13,134.0849
4/4/13,133.6427
4/3/13,133.9288
4/2/13,135.5209
4/1/13,136.3566
3/28/13,137.4762
3/27/13,139.331
3/26/13,138.5049
3/25/13,137.7931
3/22/13,138.0096
3/21/13,138.0041
3/20/13,138.1382
3/19/13,137.3775
3/18/13,137.5206
3/15/13,138.3651
3/14/13,138.2338
3/13/13,137.2916
3/12/13,137.7645
3/11/13,137.4127
3/8/13,137.2526
3/7/13,136.7743
3/6/13,135.4683
3/5/13,136.4995
3/4/13,135.9466
3/1/13,135.7656
2/28/13,136.5666
2/27/13,136.5855
2/26/13,137.0791
2/25/13,137.1196
2/22/13,136.6902
2/21/13,136.833
2/20/13,138.4064
2/19/13,139.2421
2/15/13,139.1974
2/14/13,139.611
2/13/13,140.4923
2/12/13,140.2585
2/11/13,140.511
2/8/13,141.2078
2/7/13,141.1779
2/6/13,142.4209
2/5/13,142.8593
2/4/13,142.4333
2/1/13,142.8892
1/31/13,142.3956
1/30/13,142.9639
1/29/13,140.9774
1/28/13,140.5304
1/25/13,140.6473
1/24/13,141.0598
1/23/13,141.5969
1/22/13,141.89
1/18/13,141.4769
1/17/13,140.8471
1/16/13,140.019
1/15/13,139.9216
1/14/13,139.6168
1/11/13,138.5452
1/10/13,138.4461
1/9/13,137.3019
1/8/13,137.9155
1/7/13,137.9636
1/4/13,137.734
1/3/13,138.6821
1/2/13,139.6896
12/31/12,139.0707
12/28/12,139.0837
12/27/12,139.1213
12/26/12,139.1324
12/24/12,138.6645
12/21/12,139.2618
12/20/12,138.9069
12/19/12,139.5463
12/18/12,140.3326
12/17/12,140.4619
12/14/12,140.5362
12/13/12,139.6311
12/12/12,140.8998
12/11/12,140.6186
12/10/12,141.1744
12/7/12,141.5128
12/6/12,142.4594
12/5/12,143.2147
12/4/12,142.0965
12/3/12,143.376
11/30/12,142.8028
11/29/12,143.5556
11/28/12,143.2012
11/27/12,144.0289
11/26/12,143.31
11/23/12,144.0779
11/21/12,143.1085
11/20/12,142.6859
11/19/12,142.7049
11/16/12,140.9461
11/15/12,140.6419
11/14/12,141.5037
11/13/12,140.9589
11/12/12,140.4344
11/9/12,140.7895
11/8/12,141.5475
11/7/12,140.9884
11/6/12,142.4656
11/5/12,140.2293
11/2/12,140.3656
11/1/12,143.0839
10/31/12,142.7416
10/30/12,142.2211
10/29/12,142.5101
10/26/12,142.9996
10/25/12,143.5193
10/24/12,143.7886
10/23/12,144.1686
10/22/12,145.127
10/19/12,146.3712
10/18/12,147.642
10/17/12,146.7818
10/16/12,145.6473
10/15/12,145.3848
10/12/12,146.9175
10/11/12,148.7714
10/10/12,147.0976
10/9/12,147.8095
10/8/12,147.0135
10/5/12,147.7888
10/4/12,148.821
10/3/12,147.2697
10/2/12,148.979
10/1/12,149.2856
9/28/12,148.5061
9/27/12,146.919
9/26/12,145.5466
9/25/12,146.8903
9/24/12,146.3266
9/21/12,147.6541
9/20/12,146.3034
9/19/12,147.0355
9/18/12,147.4229
9/17/12,148.6987
9/14/12,152.0129
9/13/12,150.5055
9/12/12,149.4924
9/11/12,148.6714
9/10/12,147.8355
9/7/12,147.2613
9/6/12,145.9943
9/5/12,145.6529
9/4/12,146.5667
8/31/12,146.0275
8/30/12,145.039
8/29/12,145.227
8/28/12,144.4079
8/27/12,144.6906
8/24/12,145.357
8/23/12,145.9769
8/22/12,146.1182
8/21/12,145.8271
8/20/12,144.086
8/17/12,143.1148
8/16/12,142.7206
8/15/12,142.2749
8/14/12,141.8403
8/13/12,141.6502
8/10/12,143.2009
8/9/12,144.7398
8/8/12,143.9937
8/7/12,143.6555
8/6/12,143.0151
8/3/12,142.9237
8/2/12,140.737
8/1/12,143.3789
7/31/12,144.169
7/30/12,145.6207
7/27/12,143.4763
7/26/12,142.4196
7/25/12,142.9327
7/24/12,142.1146
7/23/12,143.6794
7/20/12,146.193
7/19/12,145.8439
7/18/12,143.3508
7/17/12,141.4492
7/16/12,141.7145
7/13/12,140.3428
7/12/12,138.7976
7/11/12,138.376
7/10/12,137.4997
7/9/12,139.6408
7/6/12,136.8853
7/5/12,140.0924
7/3/12,139.3146
7/2/12,135.6749
6/29/12,135.4213
6/28/12,130.4995
6/27/12,131.9817
6/26/12,131.2372
6/25/12,130.5643
6/22/12,128.274
6/21/12,127.8346
6/20/12,130.4093
6/19/12,131.4473
6/18/12,130.1254
6/15/12,128.7892
6/14/12,128.8291
6/13/12,127.3452
6/12/12,128.1947
6/11/12,128.3358
6/8/12,128.8026
6/7/12,129.2446
6/6/12,129.4355
6/5/12,127.6687
6/4/12,127.5493
6/1/12,126.8123
5/31/12,128.3789
5/30/12,129.4238
5/29/12,131.1312
5/25/12,132.6133
5/24/12,132.3896
5/23/12,132.3578
5/22/12,134.4469
5/21/12,135.7211
5/18/12,136.0004
5/17/12,135.0473
5/16/12,134.3202
5/15/12,133.8805
5/14/12,133.1207
5/11/12,134.7538
5/10/12,136.0122
5/9/12,135.908
5/8/12,136.274
5/7/12,137.3122
5/4/12,137.1364
5/3/12,138.3832
5/2/12,139.2058
5/1/12,141.5304
4/30/12,141.2917
4/27/12,140.6345
4/26/12,139.5597
4/25/12,138.8026
4/24/12,138.1389
4/23/12,137.9107
4/20/12,138.1999
4/19/12,137.5226
4/18/12,137.1674
4/17/12,138.4587
4/16/12,138.2429
4/13/12,139.462
4/12/12,141.3537
4/11/12,139.6251
4/10/12,139.3818
4/9/12,141.1635
4/5/12,141.6643
4/4/12,140.8546
4/3/12,143.5999
4/2/12,143.7664
3/30/12,141.9021
3/29/12,139.9437
3/28/12,142.2276
3/27/12,144.0014
3/26/12,144.4699
3/23/12,144.0591
3/22/12,142.9386
3/21/12,144.3583
3/20/12,144.3305
3/19/12,146.4776
3/16/12,146.2257
3/15/12,145.5788
3/14/12,144.6324
3/13/12,145.9839
3/12/12,144.8762
3/9/12,145.3984
3/8/12,144.219
3/7/12,143.7001
3/6/12,143.9578
3/5/12,146.3852
3/2/12,147.6924
3/1/12,148.5604
2/29/12,148.0367
2/28/12,148.7183
2/27/12,149.0454
2/24/12,149.3519
2/23/12,148.5882
2/22/12,148.2921
2/21/12,147.7198
2/17/12,145.7564
2/16/12,145.2101
2/15/12,144.7028
2/14/12,144.9188
2/13/12,145.2825
2/10/12,144.8869
2/9/12,146.546
2/8/12,145.8883
2/7/12,146.0433
2/6/12,145.8447
2/3/12,145.5442
2/2/12,144.4537
2/1/12,144.3208
1/31/12,144.1561
1/30/12,145.0544
1/27/12,146.623
1/26/12,146.2543
1/25/12,145.601
1/24/12,143.9862
1/23/12,143.5295
1/20/12,141.242
1/19/12,141.5853
1/18/12,141.1504
1/17/12,141.4807
1/13/12,140.5055
1/12/12,141.6074
1/11/12,143.1714
1/10/12,144.2135
1/9/12,143.0837
1/6/12,142.5498
1/5/12,142.3351
1/4/12,144.4944
1/3/12,144.1586
12/30/11,140.6802
12/29/11,139.9781
12/28/11,140.6948
12/27/11,142.1297
12/23/11,141.1978
12/22/11,141.0856
12/21/11,140.379
12/20/11,139.5701
12/19/11,137.2633
12/16/11,137.0063
12/15/11,136.2643
12/14/11,136.5306
12/13/11,141.6432
12/12/11,140.7678
12/9/11,142.9838
12/8/11,143.4792
12/7/11,144.6089
12/6/11,145.8427
12/5/11,145.5054
12/2/11,146.2884
12/1/11,145.8963
11/30/11,146.1596
11/29/11,144.4059
11/28/11,143.0226
11/25/11,141.7362
11/23/11,142.4276
11/22/11,144.3383
11/21/11,143.083
11/18/11,144.898
11/17/11,145.4653
11/16/11,149.1856
11/15/11,148.9389
11/14/11,147.8865
11/11/11,148.9295
11/10/11,148.1487
11/9/11,148.6782
11/8/11,150.7089
11/7/11,149.6769
11/4/11,149.4832
11/3/11,149.5168
11/2/11,147.5609
11/1/11,147.2323
10/31/11,149.4779
10/28/11,150.8745
10/27/11,150.8557
10/26/11,147.2336
10/25/11,148.7192
10/24/11,147.8057
10/21/11,144.9473
10/20/11,143.4456
10/19/11,144.9318
10/18/11,146.8853
10/17/11,147.1555
10/14/11,148.209
10/13/11,145.5652
10/12/11,146.0667
10/11/11,145.9048
10/10/11,144.3176
10/7/11,141.8116
10/6/11,142.7908
10/5/11,140.4014
10/4/11,138.3527
10/3/11,140.2979
9/30/11,140.2016
9/29/11,143.9562
9/28/11,143.2329
9/27/11,147.0767
9/26/11,143.2628
9/23/11,143.0863
9/22/11,147.2093
9/21/11,153.9961
9/20/11,155.2538
9/19/11,154.7106
9/16/11,157.4798
9/15/11,158.2791
9/14/11,159.6802
9/13/11,160.1931
9/12/11,159.733
9/9/11,160.6014
9/8/11,162.747
9/7/11,162.2705
9/6/11,161.2232
9/2/11,162.5149
9/1/11,162.9113
8/31/11,164.4327
8/30/11,163.4335
8/29/11,161.4124
8/26/11,161.1418
8/25/11,159.2828
8/24/11,158.3737
8/23/11,160.6887
8/22/11,159.8813
8/19/11,159.0033
8/18/11,157.0895
8/17/11,159.7031
8/16/11,158.3815
8/15/11,158.3941
8/12/11,157.0312
8/11/11,157.2904
8/10/11,154.7777
8/9/11,152.8335
8/8/11,153.0595
8/5/11,156.1495
8/4/11,157.2922
8/3/11,161.8011
8/2/11,163.4494
8/1/11,162.4846
7/29/11,162.8146
7/28/11,164.0526
7/27/11,165.0295
7/26/11,165.8254
7/25/11,164.5956
7/22/11,165.2773
7/21/11,163.558
7/20/11,164.5288
7/19/11,165.0227
7/18/11,164.044
7/15/11,164.5448
7/14/11,163.3674
7/13/11,164.6637
7/12/11,161.97
7/11/11,160.0007
7/8/11,160.8306
7/7/11,161.0916
7/6/11,158.7266
7/5/11,159.4334
7/1/11,156.8665
6/30/11,158.1349
6/29/11,159.0262
6/28/11,157.2128
6/27/11,154.6622
6/24/11,155.5094
6/23/11,155.9667
6/22/11,159.5741
6/21/11,160.1087
6/20/11,158.9169
6/17/11,158.9996
6/16/11,159.892
6/15/11,161.3209
6/14/11,164.2537
6/13/11,163.6835
6/10/11,165.6002
6/9/11,166.7439
6/8/11,166.2306
6/7/11,165.2596
6/6/11,164.694
6/3/11,165.8851
6/2/11,165.6755
6/1/11,164.9848
5/31/11,166.5416
5/27/11,165.3465
5/26/11,163.4876
5/25/11,163.814
5/24/11,161.4934
5/23/11,160.7563
5/20/11,162.352
5/19/11,160.8559
5/18/11,162.8795
5/17/11,158.9118
5/16/11,159.2235
5/13/11,159.8395
5/12/11,159.8745
5/11/11,159.6569
5/10/11,164.6022
5/9/11,162.5688
5/6/11,159.5043
5/5/11,161.0196
5/4/11,168.9085
5/3/11,172.1911
5/2/11,174.1929
4/29/11,175.4211
4/28/11,173.0189
4/27/11,173.095
4/26/11,173.7013
4/25/11,174.5214
4/21/11,174.2186
4/20/11,172.7119
4/19/11,170.8043
4/18/11,169.8218
4/15/11,170.666
4/14/11,169.8973
4/13/11,169.3991
4/12/11,169.2417
4/11/11,172.8619
4/8/11,173.8811
4/7/11,171.4017
4/6/11,171.4384
4/5/11,171.2484
4/4/11,170.8514
4/1/11,170.0157
3/31/11,169.5579
3/30/11,166.5768
3/29/11,166.5502
3/28/11,166.6232
3/25/11,168.7355
3/24/11,168.3446
3/23/11,167.5835
3/22/11,166.804
3/21/11,165.5269
3/18/11,164.8079
3/17/11,162.8822
3/16/11,157.7832
3/15/11,157.5752
3/14/11,163.1375
3/11/11,163.349
3/10/11,164.3951
3/9/11,166.7164
3/8/11,167.4094
3/7/11,168.4538
3/4/11,169.2792
3/3/11,168.255
3/2/11,167.8785
3/1/11,166.9841
2/28/11,166.1437
2/25/11,165.3397
2/24/11,162.3528
2/23/11,163.4702
2/22/11,161.8695
2/18/11,162.9797
2/17/11,163.0455
2/16/11,161.7192
2/15/11,161.6437
2/14/11,162.9754
2/11/11,162.4584
2/10/11,163.2628
2/9/11,163.8046
2/8/11,162.8766
2/7/11,162.7616
2/4/11,163.9771
2/3/11,164.2549
2/2/11,165.3377
2/1/11,164.5835
1/31/11,163.9999
1/28/11,161.29
1/27/11,159.4605
1/26/11,160.4835
1/25/11,158.1179
1/24/11,160.8751
1/21/11,161.9116
1/20/11,160.9676
1/19/11,161.8292
1/18/11,162.0757
1/14/11,161.6715
1/13/11,161.8781
1/12/11,162.6079
1/11/11,160.3728
1/10/11,158.7072
1/7/11,157.8586
1/6/11,158.9091
1/5/11,160.7289
1/4/11,160.0123
1/3/11,162.444
12/31/10,162.3929
12/30/10,159.6898
12/29/10,160.6539
12/28/10,160.5842
12/27/10,159.0601
12/23/10,158.8899
12/22/10,158.6797
12/21/10,157.8518
12/20/10,156.967
12/17/10,155.1857
12/16/10,153.511
12/15/10,154.6124
12/14/10,155.465
12/13/10,155.9916
12/10/10,153.4196
12/9/10,153.8604
12/8/10,154.2075
12/7/10,153.5708
12/6/10,154.2106
12/3/10,153.8095
12/2/10,151.8226
12/1/10,150.7229
11/30/10,146.7299
11/29/10,146.7156
11/26/10,146.3423
11/24/10,147.0931
11/23/10,145.1331
11/22/10,144.9981
11/19/10,145.1012
11/18/10,146.5572
11/17/10,143.1195
11/16/10,143.1461
11/15/10,148.8645
11/12/10,147.7965
11/11/10,153.7357
11/10/10,154.1853
11/9/10,155.874
11/8/10,153.7981
11/5/10,153.2126
11/4/10,152.1576
11/3/10,148.1646
11/2/10,148.4023
11/1/10,147.2782
10/29/10,147.2686
10/28/10,146.8621
10/27/10,146.0175
10/26/10,147.0763
10/25/10,146.2623
10/22/10,144.8354
10/21/10,144.4684
10/20/10,146.3018
10/19/10,143.4661
10/18/10,146.2113
10/15/10,145.6745
10/14/10,146.9229
10/13/10,146.8343
10/12/10,146.0337
10/11/10,145.1062
10/8/10,144.3944
10/7/10,139.8925
10/6/10,141.433
10/5/10,140.9786
10/4/10,138.4738
10/1/10,139.1355
9/30/10,140.2939
9/29/10,140.1933
9/28/10,139.6802
9/27/10,139.8138
9/24/10,140.2264
9/23/10,138.553
9/22/10,138.0307
9/21/10,137.2543
9/20/10,138.2018
9/17/10,138.4152
9/16/10,137.4492
9/15/10,137.6108
9/14/10,137.9589
9/13/10,136.85
9/10/10,135.618
9/9/10,135.0542
9/8/10,135.4259
9/7/10,135.4093
9/3/10,134.9887
9/2/10,133.5562
9/1/10,132.4602
8/31/10,130.8135
8/30/10,132.1616
8/27/10,131.5846
8/26/10,130.1538
8/25/10,128.776
8/24/10,129.3401
8/23/10,130.9887
8/20/10,131.387
8/19/10,132.1212
8/18/10,132.9206
8/17/10,132.9994
8/16/10,132.039
8/13/10,132.7604
8/12/10,132.7854
8/11/10,132.3026
8/10/10,133.6366
8/9/10,134.9861
8/6/10,135.315
8/5/10,136.8524
8/4/10,137.0067
8/3/10,135.3231
8/2/10,135.5964
7/30/10,134.2481
7/29/10,131.8179
7/28/10,129.9303
7/27/10,128.7907
7/26/10,129.7701
7/23/10,129.9001
7/22/10,130.2938
7/21/10,127.9434
7/20/10,127.5198
7/19/10,127.0421
7/16/10,127.5592
7/15/10,128.9201
7/14/10,127.2685
7/13/10,127.1243
7/12/10,125.7664
7/9/10,126.9449
7/8/10,126.352
7/7/10,125.8597
7/6/10,123.9774
7/2/10,123.9871
7/1/10,124.7053
6/30/10,125.7471
6/29/10,124.2283
6/28/10,127.6053
6/25/10,128.7508
6/24/10,127.1069
6/23/10,126.5781
6/22/10,127.8164
6/21/10,128.3954
6/18/10,128.4524
6/17/10,128.8184
6/16/10,128.7771
6/15/10,128.7876
6/14/10,127.1607
6/11/10,125.0619
6/10/10,124.1814
6/9/10,123.6378
6/8/10,122.8249
6/7/10,122.3014
6/4/10,122.0239
6/3/10,124.6438
6/2/10,123.9527
6/1/10,123.9624
5/28/10,125.3626
5/27/10,126.6528
5/26/10,124.3379
5/25/10,122.3947
5/24/10,124.1039
5/21/10,123.3455
5/20/10,123.0061
5/19/10,124.0658
5/18/10,125.7702
5/17/10,125.1029
5/14/10,127.8429
5/13/10,130.9686
5/12/10,131.2912
5/11/10,130.3043
5/10/10,130.2348
5/7/10,128.6608
5/6/10,128.3115
5/5/10,130.181
5/4/10,132.0838
5/3/10,135.0543
4/30/10,134.7037
4/29/10,133.5043
4/28/10,133.8974
4/27/10,133.3635
4/26/10,135.7618
4/23/10,136.0527
4/22/10,135.3789
4/21/10,134.9941
4/20/10,134.49
4/19/10,133.2404
4/16/10,135.1308
4/15/10,136.7546
4/14/10,136.5648
4/13/10,135.3247
4/12/10,134.6528
4/9/10,134.7324
4/8/10,133.9471
4/7/10,135.085
4/6/10,135.0982
4/5/10,135.4368
4/1/10,133.8558
3/31/10,132.1517
3/30/10,132.6741
3/29/10,132.0728
3/26/10,129.7026
3/25/10,129.8026
3/24/10,130.5921
3/23/10,131.7939
3/22/10,132.0728
3/19/10,132.3821
3/18/10,133.5578
3/17/10,134.2027
3/16/10,132.901
3/15/10,131.3578
3/12/10,132.4443
3/11/10,132.6865
3/10/10,133.6101
3/9/10,133.9307
3/8/10,134.5231
3/5/10,134.6791
3/4/10,133.9446
3/3/10,135.854
3/2/10,134.3852
3/1/10,132.9638
2/26/10,133.8318
2/25/10,131.6358
2/24/10,133.3488
2/23/10,132.256
2/22/10,134.3712
2/19/10,134.8378
2/18/10,134.1996
2/17/10,133.9284
2/16/10,134.3313
2/12/10,130.9984
2/11/10,131.6842
2/10/10,129.8922
2/9/10,129.3281
2/8/10,127.9806
2/5/10,126.5582
2/4/10,128.3408
2/3/10,131.178
2/2/10,133.0017
2/1/10,130.6602
1/29/10,129.0506
1/28/10,130.0522
1/27/10,130.9287
1/26/10,133.6062
1/25/10,135.1093
1/22/10,134.8958
1/21/10,135.6214
1/20/10,136.3228
1/19/10,138.4845
1/15/10,138.0864
1/14/10,139.457
1/13/10,139.9948
1/12/10,139.1714
1/11/10,142.0089
1/8/10,142.4108
1/7/10,142.8457
1/6/10,145.0288
1/5/10,142.1119
1/4/10,142.3014
12/31/09,139.1873
12/30/09,139.4723
12/29/09,139.6383
12/28/09,140.0458
12/24/09,138.0283
12/23/09,137.3017
12/22/09,134.8537
12/21/09,134.9398
12/18/09,135.4904
12/17/09,135.0661
12/16/09,136.7251
12/15/09,134.7162
12/14/09,134.4472
12/11/09,133.1536
12/10/09,132.4124
12/9/09,131.5882
12/8/09,133.7297
12/7/09,134.7457
12/4/09,134.7893
12/3/09,136.1255
12/2/09,136.6404
12/1/09,137.5748
11/30/09,136.4934
11/27/09,135.3235
11/25/09,137.2439
11/24/09,133.9625
11/23/09,135.2716
11/20/09,134.9036
11/19/09,134.7149
11/18/09,136.1142
11/17/09,136.4165
11/16/09,136.0834
11/13/09,131.6753
11/12/09,131.4703
11/11/09,133.408
11/10/09,132.6669
11/9/09,133.5374
11/6/09,131.4192
11/5/09,133.7152
11/4/09,134.8776
11/3/09,134.6014
11/2/09,133.156
10/30/09,131.8621
10/29/09,134.7712
10/28/09,131.6834
10/27/09,134.8714
10/26/09,135.1398
10/23/09,137.318
10/22/09,137.9373
10/21/09,138.9056
10/20/09,135.843
10/19/09,136.5691
10/16/09,134.3211
10/15/09,133.3169
10/14/09,132.0772
10/13/09,131.4016
10/12/09,131.8235
10/9/09,129.1767
10/8/09,130.4705
10/7/09,127.1627
10/6/09,127.504
10/5/09,125.5452
10/2/09,124.1737
10/1/09,125.447
9/30/09,127.6833
9/29/09,124.1181
9/28/09,123.797
9/25/09,123.3671
9/24/09,123.6759
9/23/09,126.132
9/22/09,127.3554
9/21/09,125.2013
9/18/09,127.5097
9/17/09,128.9454
9/16/09,129.5389
9/15/09,126.5817
9/14/09,124.1039
9/11/09,123.7917
9/10/09,125.864
9/9/09,125.3616
9/8/09,125.4516
9/4/09,122.9308
9/3/09,123.6007
9/2/09,123.5911
9/1/09,123.4857
8/31/09,125.7191
8/28/09,127.8445
8/27/09,126.7259
8/26/09,126.5186
8/25/09,126.9233
8/24/09,128.751
8/21/09,127.5883
8/20/09,125.963
8/19/09,127.2624
8/18/09,126.091
8/17/09,125.1703
8/14/09,127.5107
8/13/09,130.9628
8/12/09,130.2801
8/11/09,128.8369
8/10/09,129.787
8/7/09,130.2414
8/6/09,130.3984
8/5/09,132.9184
8/4/09,131.7702
8/3/09,131.2465
7/31/09,126.4754
7/30/09,124.1594
7/29/09,119.4757
7/28/09,122.5095
7/27/09,123.7109
7/24/09,123.3155
7/23/09,123.1198
7/22/09,121.616
7/21/09,120.8762
7/20/09,121.6238
7/17/09,120.289
7/16/09,118.3591
7/15/09,117.4889
7/14/09,115.5993
7/13/09,114.0751
7/10/09,113.9886
7/9/09,114.8033
7/8/09,113.2371
7/7/09,116.2501
7/6/09,118.1087
7/2/09,121.0194
7/1/09,123.5971
6/30/09,122.5361
6/29/09,124.8238
6/26/09,123.9189
6/25/09,124.8409
6/24/09,123.3379
6/23/09,122.8094
6/22/09,120.9645
6/19/09,124.7299
6/18/09,126.2596
6/17/09,126.4573
6/16/09,125.6875
6/15/09,126.03
6/12/09,128.8919
6/11/09,131.1164
6/10/09,128.2956
6/9/09,128.2388
6/8/09,125.7864
6/5/09,127.0613
6/4/09,128.0037
6/3/09,124.1996
6/2/09,128.4899
6/1/09,129.1495
5/29/09,124.9324
5/28/09,123.1161
5/27/09,121.4494
5/26/09,121.3429
5/22/09,120.6534
5/21/09,119.4986
5/20/09,121.3203
5/19/09,119.8665
5/18/09,119.8498
5/15/09,117.6966
5/14/09,120.2021
5/13/09,119.7092
5/12/09,121.2127
5/11/09,120.3455
5/8/09,120.8343
5/7/09,119.3384
5/6/09,118.4795
5/5/09,115.2585
5/4/09,115.7378
5/1/09,114.1291
4/30/09,110.5712
4/29/09,109.8708
4/28/09,107.4944
4/27/09,108.6026
4/24/09,111.0304
4/23/09,109.7299
4/22/09,109.9997
4/21/09,109.7785
4/20/09,109.6293
4/17/09,113.575
4/16/09,113.2676
4/15/09,113.7634
4/14/09,113.3494
4/13/09,113.1555
4/9/09,113.1206
4/8/09,111.3674
4/7/09,110.6983
4/6/09,111.809
4/3/09,113.6754
4/2/09,112.2954
4/1/09,108.687
3/31/09,109.7822
3/30/09,107.1563
3/27/09,110.1822
3/26/09,112.9079
3/25/09,112.4298
3/24/09,113.4431
3/23/09,114.2044
3/20/09,112.8064
3/19/09,112.4808
3/18/09,106.4575
3/17/09,108.2683
3/16/09,107.3943
3/13/09,105.9414
3/12/09,106.1149
3/11/09,102.6873
3/10/09,104.7621
3/9/09,104.8333
3/6/09,105.8337
3/5/09,104.7277
3/4/09,106.8116
3/3/09,103.2798
3/2/09,101.9986
2/27/09,105.988
2/26/09,106.6888
2/25/09,105.2987
2/24/09,103.9285
2/23/09,102.5827
2/20/09,102.8844
2/19/09,104.0575
2/18/09,102.5509
2/17/09,103.519
2/13/09,108.1605
2/12/09,109.0545
2/11/09,109.827
2/10/09,110.5557
2/9/09,112.8167
2/6/09,113.1435
2/5/09,111.7531
2/4/09,110.245
2/3/09,109.776
2/2/09,109.4384
1/30/09,110.9304
1/29/09,110.8487
1/28/09,111.2551
1/27/09,110.311
1/26/09,114.248
1/23/09,113.2346
1/22/09,110.2917
1/21/09,111.1804
1/20/09,110.3885
1/16/09,112.8287
1/15/09,111.4011
1/14/09,111.7693
1/13/09,113.4628
1/12/09,113.3248
1/9/09,118.2681
1/8/09,116.9987
1/7/09,118.9246
1/6/09,123.4578
1/5/09,120.5559
1/2/09,119.8059
12/31/08,117.2441
12/30/08,113.4682
12/29/08,113.4412
12/26/08,112.5715
12/24/08,110.9402
12/23/08,111.4455
12/22/08,110.7716
12/19/08,111.2768
12/18/08,112.2789
12/17/08,113.9355
12/16/08,113.6908
12/15/08,112.641
12/12/08,112.6442
12/11/08,114.311
12/10/08,111.4623
12/9/08,108.7754
12/8/08,109.741
12/5/08,106.0916
12/4/08,110.5784
12/3/08,114.7114
12/2/08,116.3507
12/1/08,118.2014
11/28/08,122.7531
11/26/08,124.0673
11/25/08,120.9773
11/24/08,123.6358
11/21/08,117.7043
11/20/08,117.4541
11/19/08,121.7413
11/18/08,122.3508
11/17/08,122.9874
11/14/08,124.1026
11/13/08,123.5342
11/12/08,123.0972
11/11/08,125.9279
11/10/08,130.5718
11/7/08,127.7051
11/6/08,128.5741
11/5/08,133.2709
11/4/08,137.6281
11/3/08,131.3234
10/31/08,131.9721
10/30/08,131.2568
10/29/08,135.4883
10/28/08,128.0487
10/27/08,127.6416
10/24/08,126.1956
10/23/08,129.5682
10/22/08,130.6534
10/21/08,136.5696
10/20/08,138.5454
10/17/08,138.0514
10/16/08,135.4677
10/15/08,138.6348
10/14/08,144.865
10/13/08,146.0852
10/10/08,142.1645
10/9/08,151.564
10/8/08,151.5059
10/7/08,152.101
10/6/08,150.8653
10/3/08,159.0168
10/2/08,159.872
10/1/08,167.4837
9/30/08,167.7756
9/29/08,167.5451
9/26/08,176.7898
9/25/08,179.3073
9/24/08,178.4393
9/23/08,179.3517
9/22/08,181.7049
9/19/08,175.3757
9/18/08,171.8474
9/17/08,173.177
9/16/08,167.3913
9/15/08,172.4946
9/12/08,175.7633
9/11/08,173.0385
9/10/08,174.3116
9/9/08,175.9912
9/8/08,178.7299
9/5/08,178.5818
9/4/08,181.8852
9/3/08,182.6592
9/2/08,183.7732
8/29/08,189.8888
8/28/08,190.8763
8/27/08,194.714
8/26/08,193.7517
8/25/08,192.7322
8/22/08,192.9196
8/21/08,198.4391
8/20/08,191.7195
8/19/08,190.1713
8/18/08,188.3224
8/15/08,187.1523
8/14/08,190.6801
8/13/08,192.6013
8/12/08,187.4512
8/11/08,188.4671
8/8/08,189.2995
8/7/08,195.649
8/6/08,194.7136
8/5/08,195.5556
8/4/08,197.1758
8/1/08,204.3462
7/31/08,205.1032
7/30/08,205.9637
7/29/08,203.1803
7/28/08,204.8802
7/25/08,203.7505
7/24/08,204.3846
7/23/08,206.1307
7/22/08,209.8761
7/21/08,213.3216
7/18/08,213.4525
7/17/08,216.1275
7/16/08,222.1944
7/15/08,224.2064
7/14/08,229.6222
7/11/08,231.0481
7/10/08,229.9176
7/9/08,225.6713
7/8/08,225.2909
7/7/08,231.7149
7/3/08,237.796
7/2/08,237.9531
7/1/08,235.1675
6/30/08,233.0345
6/27/08,234.1155
6/26/08,233.7457
6/25/08,227.9312
6/24/08,229.0231
6/23/08,230.2148
6/20/08,230.1422
6/19/08,227.7602
6/18/08,231.7174
6/17/08,228.9888
6/16/08,227.9931
6/13/08,226.024
6/12/08,225.6999
6/11/08,225.2944
6/10/08,219.46
6/9/08,221.0859
6/6/08,223.729
6/5/08,217.5504
6/4/08,212.9544
6/3/08,213.6001
6/2/08,215.6755
5/30/08,213.9473
5/29/08,211.0209
5/28/08,217.5503
5/27/08,216.7968
5/23/08,219.5546
5/22/08,217.6107
5/21/08,220.4097
5/20/08,217.1017
5/19/08,214.4931
5/16/08,216.3122
5/15/08,214.6816
5/14/08,214.9484
5/13/08,216.234
5/12/08,215.0891
5/9/08,216.5108
5/8/08,214.1473
5/7/08,213.6487
5/6/08,212.7291
5/5/08,211.0082
5/2/08,208.1231
5/1/08,204.0035
4/30/08,208.5523
4/29/08,209.2551
4/28/08,213.9491
4/25/08,212.9373
4/24/08,211.5734
4/23/08,214.7819
4/22/08,215.2096
4/21/08,212.2521
4/18/08,214.3102
4/17/08,214.3955
4/16/08,215.0017
4/15/08,212.7416
4/14/08,210.5354
4/11/08,209.2178
4/10/08,210.6759
4/9/08,210.9664
4/8/08,205.8468
4/7/08,207.328
4/4/08,204.7007
4/3/08,202.5507
4/2/08,203.123
4/1/08,199.5663
3/31/08,201.5983
3/28/08,205.0852
3/27/08,207.9168
3/26/08,206.4273
3/25/08,203.3014
3/24/08,199.5159
3/20/08,197.3337
3/19/08,201.3885
3/18/08,210.2002
3/17/08,206.1157
3/14/08,215.8308
3/13/08,218.9679
3/12/08,217.8757
3/11/08,216.3377
3/10/08,215.2073
3/7/08,215.0125
3/6/08,216.7468
3/5/08,219.0931
3/4/08,213.8589
3/3/08,217.9588
2/29/08,215.5208
2/28/08,216.4617
2/27/08,212.689
2/26/08,211.7453
2/25/08,209.0022
2/22/08,207.7163
2/21/08,206.6869
2/20/08,205.4062
2/19/08,205.254
2/15/08,199.5706
2/14/08,199.877
2/13/08,196.126
2/12/08,196.1
2/11/08,197.8734
2/8/08,197.0672
2/7/08,192.8608
2/6/08,190.6993
2/5/08,189.9871
2/4/08,191.794
2/1/08,189.8454
1/31/08,192.2861
1/30/08,191.1231
1/29/08,191.0639
1/28/08,189.3548
1/25/08,187.675
1/24/08,185.3592
1/23/08,181.157
1/22/08,185.3157
1/18/08,188.174
1/17/08,187.6963
1/16/08,187.6418
1/15/08,190.0347
1/14/08,192.4831
1/11/08,190.2156
1/10/08,189.092
1/9/08,190.0384
1/8/08,190.8033
1/7/08,187.6982
1/4/08,189.8383
1/3/08,190.9244
1/2/08,189.5815
12/31/07,184.964
12/28/07,184.7699
12/27/07,185.5681
12/26/07,185.38
12/24/07,182.9737
12/21/07,183.0264
12/20/07,180.7989
12/19/07,181.3731
12/18/07,179.7242
12/17/07,180.1043
12/14/07,180.6522
12/13/07,180.9656
12/12/07,183.2874
12/11/07,179.5511
12/10/07,178.2244
12/7/07,178.3346
12/6/07,178.1037
12/5/07,176.2162
12/4/07,176.5642
12/3/07,176.5219
11/30/07,177.2468
11/29/07,179.2043
11/28/07,179.376
11/27/07,181.2714
11/26/07,184.0217
11/23/07,184.2421
11/21/07,181.8537
11/20/07,182.3448
11/19/07,179.9752
11/16/07,181.7637
11/15/07,180.3954
11/14/07,183.099
11/13/07,180.2168
11/12/07,182.0106
11/9/07,184.5291
11/8/07,183.5617
11/7/07,183.6708
11/6/07,184.9179
11/5/07,182.2716
11/2/07,184.1863
11/1/07,182.529
10/31/07,183.5241
10/30/07,180.4253
10/29/07,182.7905
10/26/07,180.6053
10/25/07,179.2223
10/24/07,176.4767
10/23/07,176.6106
10/22/07,177.3383
10/19/07,179.0457
10/18/07,180.1326
10/17/07,178.5081
10/16/07,178.7786
10/15/07,178.9666
10/12/07,176.9367
10/11/07,177.2139
10/10/07,175.4313
10/9/07,173.332
10/8/07,172.1226
10/5/07,175.7248
10/4/07,177.2168
10/3/07,176.5966
10/2/07,176.4893
10/1/07,178.0837
9/28/07,178.2499
9/27/07,179.7148
9/26/07,177.3954
9/25/07,176.7095
9/24/07,177.8375
9/21/07,177.215
9/20/07,177.1821
9/19/07,175.8047
9/18/07,175.1102
9/17/07,174.5363
9/14/07,172.3219
9/13/07,171.7432
9/12/07,172.4804
9/11/07,170.2443
9/10/07,168.5959
9/7/07,167.1206
9/6/07,166.8485
9/5/07,166.9151
9/4/07,167.0351
8/31/07,165.5659
8/30/07,165.097
8/29/07,164.4329
8/28/07,163.5367
8/27/07,163.9875
8/24/07,164.4112
8/23/07,163.1376
8/22/07,161.9504
8/21/07,161.0616
8/20/07,161.6999
8/17/07,164.2126
8/16/07,161.6784
8/15/07,167.3303
8/14/07,167.8001
8/13/07,168.1385
8/10/07,167.5979
8/9/07,167.5147
8/8/07,168.2686
8/7/07,167.8386
8/6/07,167.5163
8/3/07,169.597
8/2/07,170.3883
8/1/07,170.8196
7/31/07,172.4463
7/30/07,171.4609
7/27/07,170.2963
7/26/07,168.7364
7/25/07,169.5774
7/24/07,169.4596
7/23/07,170.1995
7/20/07,173.4794
7/19/07,174.2585
7/18/07,172.8122
7/17/07,169.7959
7/16/07,171.1016
7/13/07,174.5356
7/12/07,173.509
7/11/07,173.2893
7/10/07,173.3045
7/9/07,171.7438
7/6/07,171.6349
7/5/07,170.8377
7/3/07,170.1042
7/2/07,170.4778
6/29/07,169.671
6/28/07,168.6144
6/27/07,168.9451
6/26/07,168.5223
6/25/07,170.2545
6/22/07,170.8877
6/21/07,172.3956
6/20/07,173.5696
6/19/07,173.5672
6/18/07,176.1004
6/15/07,176.4838
6/14/07,174.8031
6/13/07,172.173
6/12/07,171.2891
6/11/07,172.265
6/8/07,169.8183
6/7/07,173.0702
6/6/07,173.7353
6/5/07,174.8143
6/4/07,175.5631
6/1/07,174.0295
5/31/07,172.7233
5/30/07,171.4363
5/29/07,170.0819
5/25/07,172.3663
5/24/07,170.4741
5/23/07,171.5801
5/22/07,171.8773
5/21/07,174.8187
5/18/07,173.268
5/17/07,173.4695
5/16/07,172.8086
5/15/07,173.2302
5/14/07,172.2914
5/11/07,173.442
5/10/07,171.1049
5/9/07,171.7682
5/8/07,172.0064
5/7/07,172.8543
5/4/07,174.1742
5/3/07,173.7458
5/2/07,172.4076
5/1/07,173.1055
4/30/07,173.2148
4/27/07,173.5625
4/26/07,171.7173
4/25/07,173.8521
4/24/07,171.6911
4/23/07,173.4876
4/20/07,172.2961
4/19/07,171.6142
4/18/07,171.8762
4/17/07,172.116
4/16/07,172.5345
4/13/07,174.3511
4/12/07,173.922
4/11/07,173.8569
4/10/07,173.857
4/9/07,172.2265
4/5/07,173.4819
4/4/07,172.9026
4/3/07,170.8297
4/2/07,171.466
3/30/07,171.9626
3/29/07,172.328
3/28/07,170.8434
3/27/07,169.6153
3/26/07,169.4586
3/23/07,168.9752
3/22/07,169.7068
3/21/07,167.1778
3/20/07,166.6211
3/19/07,166.5581
3/16/07,166.7282
3/15/07,166.5677
3/14/07,166.2058
3/13/07,166.1196
3/12/07,167.2416
3/9/07,167.8426
3/8/07,169.6665
3/7/07,169.1978
3/6/07,167.4724
3/5/07,165.935
3/2/07,168.0822
3/1/07,169.7597
2/28/07,171.0131
2/27/07,171.9815
2/26/07,173.5031
2/23/07,173.3881
2/22/07,172.1865
2/21/07,169.8375
2/20/07,167.1157
2/16/07,168.2696
2/15/07,166.7482
2/14/07,165.6871
2/13/07,166.6912
2/12/07,163.8628
2/9/07,167.3898
2/8/07,166.3644
2/7/07,164.5036
2/6/07,165.4755
2/5/07,165.3627
2/2/07,165.106
2/1/07,164.818
1/31/07,166.0942
1/30/07,164.6986
1/29/07,160.5983
1/26/07,163.551
1/25/07,162.3778
1/24/07,163.9686
1/23/07,164.8801
1/22/07,161.297
1/19/07,160.4048
1/18/07,157.3687
1/17/07,158.613
1/16/07,158.2885
1/12/07,159.5606
1/11/07,156.8002
1/10/07,157.3043
1/9/07,155.88
1/8/07,157.0678
1/5/07,157.9537
1/4/07,159.2099
1/3/07,161.1722
12/29/06,166.5087
12/28/06,166.2714
12/27/06,165.7561
12/26/06,165.7551
12/22/06,166.4779
12/21/06,165.8346
12/20/06,166.5524
12/19/06,167.5261
12/18/06,166.5744
12/15/06,168.323
12/14/06,169.671
12/13/06,168.3543
12/12/06,168.226
12/11/06,169.0621
12/8/06,169.092
12/7/06,169.6497
12/6/06,169.801
12/5/06,172.2933
12/4/06,171.5115
12/1/06,174.5902
11/30/06,175.214
11/29/06,173.2063
11/28/06,172.194
11/27/06,172.3746
11/22/06,168.8044
11/21/06,169.7883
11/20/06,167.4585
11/17/06,166.6758
11/16/06,166.1625
11/15/06,168.7119
11/14/06,167.8047
11/13/06,167.2435
11/10/06,168.2124
11/9/06,172.3912
11/8/06,170.5435
11/7/06,170.5934
11/6/06,170.1819
11/3/06,169.7304
11/2/06,168.857
11/1/06,167.5234
10/31/06,166.8169
10/30/06,167.2484
10/27/06,169.7857
10/26/06,169.1449
10/25/06,169.4662
10/24/06,167.2523
10/23/06,166.5108
10/20/06,166.3369
10/19/06,167.2289
10/18/06,165.5287
10/17/06,166.8481
10/16/06,167.8525
10/13/06,164.2889
10/12/06,162.1362
10/11/06,161.7147
10/10/06,161.1046
10/9/06,162.8415
10/6/06,160.3727
10/5/06,159.4892
10/4/06,156.8729
10/3/06,156.0747
10/2/06,158.7336
9/29/06,159.9566
9/28/06,159.7065
9/27/06,158.7425
9/26/06,157.9833
9/25/06,157.217
9/22/06,157.5777
9/21/06,158.82
9/20/06,156.5875
9/19/06,157.6213
9/18/06,159.2964
9/15/06,157.4538
9/14/06,158.7454
9/13/06,161.3427
9/12/06,161.6776
9/11/06,162.6563
9/8/06,166.9659
9/7/06,169.0426
9/6/06,170.4678
9/5/06,170.647
9/1/06,169.3068
8/31/06,170.8761
8/30/06,168.8684
8/29/06,168.9425
8/28/06,170.5789
8/25/06,172.6367
8/24/06,172.3862
8/23/06,171.712
8/22/06,172.5023
8/21/06,171.5775
8/18/06,169.8548
8/17/06,169.0169
8/16/06,172.0248
8/15/06,172.0904
8/14/06,171.8376
8/11/06,173.5543
8/10/06,176.1083
8/9/06,178.8353
8/8/06,176.573
8/7/06,177.2265
8/4/06,177.484
8/3/06,176.2844
8/2/06,179.5335
8/1/06,177.4171
7/31/06,178.0322
7/28/06,174.3304
7/27/06,173.6548
7/26/06,172.3613
7/25/06,172.2542
7/24/06,172.5763
7/21/06,170.89
7/20/06,171.7877
7/19/06,173.2823
7/18/06,172.4354
7/17/06,175.3774
7/14/06,179.9619
7/13/06,178.8882
7/12/06,178.204
7/11/06,177.2195
7/10/06,174.9354
7/7/06,174.9655
7/6/06,177.1486
7/5/06,174.5427
7/3/06,174.031
6/30/06,173.2354
6/29/06,170.5914
6/28/06,168.1389
6/27/06,167.7577
6/26/06,168.0877
6/23/06,166.7656
6/22/06,167.4901
6/21/06,168.284
6/20/06,166.7515
6/19/06,167.3059
6/16/06,170.5151
6/15/06,169.3502
6/14/06,165.9047
6/13/06,165.3524
6/12/06,170.4121
6/9/06,171.2167
6/8/06,171.597
6/7/06,174.9098
6/6/06,175.267
6/5/06,178.0912
6/2/06,178.9127
6/1/06,174.9595
5/31/06,176.6788
5/30/06,178.6523
5/26/06,179.299
5/25/06,177.2078
5/24/06,175.5374
5/23/06,180.9983
5/22/06,176.0961
5/19/06,174.5715
5/18/06,178.6318
5/17/06,179.5575
5/16/06,180.9587
5/15/06,179.8125
5/12/06,185.2928
5/11/06,187.6281
5/10/06,183.9962
5/9/06,180.8951
5/8/06,178.1379
5/5/06,178.9074
5/4/06,177.634
5/3/06,177.0128
5/2/06,178.796
5/1/06,178.1829
4/28/06,175.7669
4/27/06,173.6515
4/26/06,177.7282
4/25/06,177.8694
4/24/06,176.8459
4/21/06,180.014
4/20/06,176.811
4/19/06,178.9268
4/18/06,177.5708
4/17/06,173.9455
4/13/06,171.2418
4/12/06,170.2897
4/11/06,170.0207
4/10/06,169.2589
4/7/06,167.1954
4/6/06,168.5518
4/5/06,166.7453
4/4/06,164.7228
4/3/06,166.576
3/31/06,165.194
3/30/06,167.3507
3/29/06,165.1321
3/28/06,164.5833
3/27/06,163.2402
3/24/06,162.9718
3/23/06,162.645
3/22/06,159.8795
3/21/06,160.7655
3/20/06,159.9266
3/17/06,162.1859
3/16/06,162.3802
3/15/06,161.9758
3/14/06,162.6251
3/13/06,161.1607
3/10/06,159.8464
3/9/06,159.6264
3/8/06,158.78
3/7/06,160.4833
3/6/06,162.4282
3/3/06,165.4992
3/2/06,164.6792
3/1/06,162.3398
2/28/06,162.2336
2/27/06,160.6448
2/24/06,163.9018
2/23/06,162.25
2/22/06,163.0271
2/21/06,165.4789
2/17/06,162.5153
2/16/06,160.758
2/15/06,159.7256
2/14/06,161.8388
2/13/06,162.3842
2/10/06,164.2848
2/9/06,167.7312
2/8/06,166.841
2/7/06,167.0424
2/6/06,170.6118
2/3/06,172.5555
2/2/06,170.8304
2/1/06,171.4091
1/31/06,173.6687
1/30/06,174.2242
1/27/06,171.5887
1/26/06,169.9264
1/25/06,170.1148
1/24/06,170.1406
1/23/06,169.8979
1/20/06,170.4305
1/19/06,168.868
1/18/06,167.339
1/17/06,169.5891
1/13/06,167.8655
1/12/06,167.0054
1/11/06,167.9687
1/10/06,168.5819
1/9/06,169.1349
1/6/06,170.3521
1/5/06,169.0292
1/4/06,171.8292
1/3/06,171.8292
12/30/05,171.1493
12/29/05,169.8629
12/28/05,171.0235
12/27/05,168.3831
12/23/05,171.3134
12/22/05,172.5582
12/21/05,174.9196
12/20/05,174.1726
12/19/05,174.2837
12/16/05,173.426
12/15/05,174.131
12/14/05,177.0508
12/13/05,180.2402
12/12/05,178.1066
12/9/05,175.2915
12/8/05,177.651
12/7/05,172.7763
12/6/05,172.2661
12/5/05,173.4116
12/2/05,172.7006
12/1/05,169.94
11/30/05,166.4017
11/29/05,163.3579
11/28/05,163.7076
11/23/05,164.601
11/22/05,165.0715
11/21/05,164.272
11/18/05,164.4198
11/17/05,166.0552
11/16/05,167.5188
11/15/05,165.1336
11/14/05,166.0097
11/11/05,166.126
11/10/05,164.7032
11/9/05,166.3138
11/8/05,167.2348
11/7/05,167.0782
11/4/05,166.2674
11/3/05,167.6111
11/2/05,165.4129
11/1/05,165.6909
10/31/05,166.5165
10/28/05,169.9451
10/27/05,171.6457
10/26/05,172.6645
10/25/05,175.49
10/24/05,169.6805
10/21/05,170.3576
10/20/05,170.8861
10/19/05,173.5369
10/18/05,174.7899
10/17/05,177.3068
10/14/05,174.0874
10/13/05,174.8117
10/12/05,177.0108
10/11/05,176.2831
10/10/05,173.1775
10/7/05,173.7642
10/6/05,173.7005
10/5/05,177.0621
10/4/05,177.7496
10/3/05,178.8156
9/30/05,178.2486
9/29/05,179.0694
9/28/05,178.4048
9/27/05,173.9232
9/26/05,174.4875
9/23/05,171.793
9/22/05,174.6694
9/21/05,173.8007
9/20/05,172.6658
9/19/05,174.0998
9/16/05,165.9012
9/15/05,167.6856
9/14/05,168.2844
9/13/05,166.2532
9/12/05,167.4128
9/9/05,168.8037
9/8/05,169.175
9/7/05,168.6554
9/6/05,171.5337
9/2/05,171.9748
9/1/05,174.0464
8/31/05,170.8165
8/30/05,172.1581
8/29/05,168.6129
8/26/05,164.3925
8/25/05,164.8207
8/24/05,165.7618
8/23/05,164.5913
8/22/05,164.4666
8/19/05,162.5831
8/18/05,160.8238
8/17/05,162.3079
8/16/05,165.2346
8/15/05,164.5251
8/12/05,166.111
8/11/05,165.804
8/10/05,164.0418
8/9/05,161.0239
8/8/05,162.7699
8/5/05,162.2426
8/4/05,161.8335
8/3/05,161.5791
8/2/05,162.8749
8/1/05,161.0783
7/29/05,159.3296
7/28/05,158.7807
7/27/05,156.8531
7/26/05,156.0983
7/25/05,155.6553
7/22/05,155.6791
7/21/05,154.1074
7/20/05,156.1463
7/19/05,156.5411
7/18/05,158.0982
7/15/05,159.5598
7/14/05,159.3178
7/13/05,160.071
7/12/05,159.658
7/11/05,157.8933
7/8/05,158.137
7/7/05,159.1589
7/6/05,160.1746
7/5/05,158.4522
7/1/05,154.6591
6/30/05,152.8846
6/29/05,154.6328
6/28/05,154.8431
6/27/05,158.0531
6/24/05,159.8394
6/23/05,159.0723
6/22/05,158.8796
6/21/05,159.6333
6/20/05,161.4029
6/17/05,159.8518
6/16/05,157.4659
6/15/05,156.0535
6/14/05,154.1374
6/13/05,154.5343
6/10/05,152.3899
6/9/05,153.7001
6/8/05,152.5065
6/7/05,154.3467
6/6/05,155.4553
6/3/05,155.0813
6/2/05,153.1851
6/1/05,153.8133
5/31/05,150.7271
5/27/05,150.7233
5/26/05,150.3551
5/25/05,149.8869
5/24/05,148.0777
5/23/05,147.6312
5/20/05,146.0784
5/19/05,146.2036
5/18/05,147.1157
5/17/05,147.4324
5/16/05,146.7103
5/13/05,147.3258
5/12/05,148.499
5/11/05,151.4438
5/10/05,152.61
5/9/05,152.0806
5/6/05,151.3207
5/5/05,151.1526
5/4/05,150.6197
5/3/05,150.0403
5/2/05,152.5702
4/29/05,152.2941
4/28/05,153.484
4/27/05,154.119
4/26/05,157.7086
4/25/05,157.6979
4/22/05,157.6812
4/21/05,156.7352
4/20/05,156.9556
4/19/05,155.7303
4/18/05,151.9609
4/15/05,152.8844
4/14/05,153.3467
4/13/05,153.5752
4/12/05,155.7024
4/11/05,157.5328
4/8/05,156.7287
4/7/05,158.2932
4/6/05,160.4364
4/5/05,160.3236
4/4/05,161.2859
4/1/05,162.3892
3/31/05,162.0939
3/30/05,160.477
3/29/05,159.2339
3/28/05,158.2618
3/24/05,158.6448
3/23/05,158.1566
3/22/05,161.3231
3/21/05,162.0901
3/18/05,163.7396
3/17/05,164.501
3/16/05,165.246
3/15/05,164.2978
3/14/05,162.4136
3/11/05,162.4011
3/10/05,160.7206
3/9/05,161.341
3/8/05,160.5986
3/7/05,158.4455
3/4/05,158.7195
3/3/05,157.9671
3/2/05,157.2687
3/1/05,155.779
2/28/05,156.8857
2/25/05,155.1462
2/24/05,153.1839
2/23/05,154.0207
2/22/05,152.9005
2/18/05,148.4769
2/17/05,147.698
2/16/05,147.4908
2/15/05,147.375
2/14/05,146.7951
2/11/05,145.9448
2/10/05,145.6395
2/9/05,143.3517
2/8/05,143.0877
2/7/05,142.4124
2/4/05,143.2307
2/3/05,143.5457
2/2/05,144.6097
2/1/05,145.5364
1/31/05,146.8208
1/28/05,145.7699
1/27/05,147.0154
1/26/05,148.174
1/25/05,148.3077
1/24/05,147.8684
1/21/05,146.9969
1/20/05,146.0704
1/19/05,146.5587
1/18/05,146.0757
1/14/05,146.7939
1/13/05,147.5727
1/12/05,145.1574
1/11/05,145.282
1/10/05,144.5722
1/7/05,144.2124
1/6/05,144.4881
1/5/05,142.1799
1/4/05,142.393
1/3/05,143.2955
12/30/04,145.6045
12/29/04,146.1957
12/28/04,144.5726
12/27/04,144.0957
12/23/04,147.1413
12/22/04,146.9099
12/21/04,148.622
12/20/04,148.6471
12/17/04,149.5043
12/16/04,145.9515
12/15/04,146.8914
12/14/04,143.9359
12/13/04,143.4944
12/10/04,141.2706
12/9/04,142.9295
12/8/04,142.3915
12/7/04,142.8308
12/6/04,145.6761
12/3/04,145.2207
12/2/04,145.2785
12/1/04,149.8825
11/30/04,153.406
11/29/04,154.7398
11/24/04,156.2232
11/23/04,152.942
11/22/04,152.0046
11/19/04,153.0469
11/18/04,151.2362
11/17/04,152.4963
11/16/04,149.9211
11/15/04,151.5834
11/12/04,150.6085
11/11/04,150.3709
11/10/04,151.9703
11/9/04,149.589
11/8/04,151.1296
11/5/04,152.2651
11/4/04,152.1742
11/3/04,154.2203
11/2/04,152.453
11/1/04,153.2528
10/29/04,155.5494
10/28/04,154.03
10/27/04,155.9892
10/26/04,159.2942
10/25/04,157.255
10/22/04,158.1304
10/21/04,157.1432
10/20/04,156.3498
10/19/04,154.4894
10/18/04,153.1181
10/15/04,154.9765
10/14/04,154.1115
10/13/04,153.0945
10/12/04,154.7387
10/11/04,157.671
10/8/04,157.7358
10/7/04,156.3972
10/6/04,155.7094
10/5/04,154.5738
10/4/04,152.0052
10/1/04,153.3178
9/30/04,153.1752
9/29/04,152.7568
9/28/04,150.8987
9/27/04,150.3402
9/24/04,149.3367
9/23/04,150.3496
9/22/04,150.1015
9/21/04,148.1959
9/20/04,145.6079
9/17/04,144.9174
9/16/04,143.1109
9/15/04,143.0102
9/14/04,143.9151
9/13/04,143.4442
9/10/04,141.6543
9/9/04,142.9435
9/8/04,140.9914
9/7/04,141.6087
9/3/04,142.8045
9/2/04,144.1697
9/1/04,145.3767
8/31/04,143.5561
8/30/04,143.0396
8/27/04,142.6336
8/26/04,143.0653
8/25/04,143.9274
8/24/04,146.0865
8/23/04,147.8061
8/20/04,148.4827
8/19/04,149.1038
8/18/04,146.8546
8/17/04,147.0224
8/16/04,146.1515
8/13/04,146.8723
8/12/04,144.9543
8/11/04,144.1249
8/10/04,145.1417
8/9/04,145.432
8/6/04,144.8048
8/5/04,145.7562
8/4/04,144.126
8/3/04,146.1775
8/2/04,146.0031
7/30/04,146.4138
7/29/04,145.9746
7/28/04,145.7462
7/27/04,144.3411
7/26/04,144.3599
7/23/04,145.2327
7/22/04,145.3411
7/21/04,144.2294
7/20/04,145.4165
7/19/04,146.7271
7/16/04,146.6498
7/15/04,146.4657
7/14/04,147.8004
7/13/04,145.1352
7/12/04,145.9244
7/9/04,147.0961
7/8/04,147.4818
7/7/04,147.3126
7/6/04,146.9548
7/2/04,145.1736
7/1/04,145.7458
6/30/04,144.0336
6/29/04,143.2893
6/28/04,144.2503
6/25/04,147.0314
6/24/04,147.6814
6/23/04,146.3834
6/22/04,145.4771
6/21/04,146.0277
6/18/04,147.2155
6/17/04,147.2173
6/16/04,145.1781
6/15/04,144.1411
6/14/04,144.8755
6/10/04,145.7751
6/9/04,145.5523
6/8/04,146.2231
6/7/04,148.5661
6/4/04,148.1654
6/3/04,148.9622
6/2/04,151.1132
6/1/04,154.9942
5/28/04,150.4365
5/27/04,149.5937
5/26/04,151.1075
5/25/04,151.4083
5/24/04,151.6245
5/21/04,148.3287
5/20/04,148.3661
5/19/04,150.6122
5/18/04,146.9016
5/17/04,148.2263
5/14/04,149.0783
5/13/04,150.0466
5/12/04,149.8107
5/11/04,150.0953
5/10/04,148.2491
5/7/04,151.2121
5/6/04,150.9853
5/5/04,152.3684
5/4/04,151.9315
5/3/04,150.422
4/30/04,148.0462
4/29/04,147.72
4/28/04,146.6732
4/27/04,148.6018
4/26/04,146.6349
4/23/04,145.4855
4/22/04,145.1531
4/21/04,144.1939
4/20/04,147.624
4/19/04,148.4744
4/16/04,148.8454
4/15/04,148.488
4/14/04,149.8324
4/13/04,148.6087
4/12/04,151.4755
4/8/04,151.5674
4/7/04,150.8711
4/6/04,149.7132
4/5/04,148.6681
4/2/04,150.0802
4/1/04,149.9662
3/31/04,150.8372
3/30/04,150.4147
3/29/04,148.002
3/26/04,148.0687
3/25/04,147.6662
3/24/04,150.0681
3/23/04,151.4422
3/22/04,151.6906
3/19/04,151.2636
3/18/04,151.1638
3/17/04,150.223
3/16/04,149.2709
3/15/04,148.2916
3/12/04,145.6506
3/11/04,146.7277
3/10/04,143.8865
3/9/04,144.2988
3/8/04,143.9637
3/5/04,146.0612
3/4/04,144.8247
3/3/04,144.084
3/2/04,146.7784
3/1/04,148.6982
2/27/04,146.4448
2/26/04,145.6168
2/25/04,143.8365
2/24/04,143.1398
2/23/04,141.5784
2/20/04,140.9482
2/19/04,141.8762
2/18/04,140.9828
2/17/04,142.0288
2/13/04,140.5043
2/12/04,140.0161
2/11/04,139.3714
2/10/04,138.4054
2/9/04,138.0455
2/6/04,137.2969
2/5/04,137.7148
2/4/04,137.3499
2/3/04,138.5208
2/2/04,138.4654
1/30/04,137.6197
1/29/04,136.818
1/28/04,138.5638
1/27/04,139.2503
1/26/04,139.8684
1/23/04,141.2073
1/22/04,141.3028
1/21/04,141.9049
1/20/04,142.1683
1/16/04,139.9493
1/15/04,137.4144
1/14/04,140.6059
1/13/04,140.6606
1/12/04,142.3097
1/9/04,142.2182
1/8/04,141.1928
1/7/04,139.2188
1/6/04,140.0785
1/5/04,140.4199
12/31/03,135.2686
12/30/03,135.892
12/29/03,135.0991
12/24/03,134.6716
12/23/03,133.6801
12/22/03,133.8889
12/19/03,136.7654
12/18/03,137.3204
12/17/03,136.7907
12/16/03,135.7671
12/15/03,136.3283
12/12/03,136.6262
12/11/03,133.9217
12/10/03,134.7467
12/9/03,134.7972
12/8/03,135.0055
12/5/03,131.8001
12/4/03,132.777
12/3/03,132.102
12/2/03,131.144
12/1/03,129.0389
11/26/03,126.0868
11/25/03,125.0512
11/24/03,124.817
11/21/03,126.8988
11/20/03,127.0058
11/19/03,127.7588
11/18/03,129.986
11/17/03,128.4987
11/14/03,130.8534
11/13/03,129.2333
11/12/03,128.4753
11/11/03,128.109
11/10/03,127.0738
11/7/03,127.0949
11/6/03,126.1467
11/5/03,127.3027
11/4/03,125.1634
11/3/03,125.1608
10/31/03,126.5708
10/30/03,125.825
10/29/03,127.0427
10/28/03,126.3617
10/27/03,126.3351
10/24/03,126.6318
10/23/03,126.8193
10/22/03,125.6225
10/21/03,125.0666
10/20/03,124.8853
10/17/03,125.516
10/16/03,126.9644
10/15/03,127.5947
10/14/03,127.3968
10/13/03,128.4169
10/10/03,127.1809
10/9/03,125.2255
10/8/03,123.0738
10/7/03,123.3978
10/6/03,122.2614
10/3/03,121.9401
10/2/03,121.9345
10/1/03,121.1389
9/30/03,120.8978
9/29/03,120.4262
9/26/03,119.0097
9/25/03,120.0378
9/24/03,120.0715
9/23/03,118.5064
9/22/03,118.6188
9/19/03,117.8979
9/18/03,117.4459
9/17/03,117.6904
9/16/03,117.8064
9/15/03,119.2095
9/12/03,119.6774
9/11/03,120.5949
9/10/03,120.65
9/9/03,119.982
9/8/03,119.5951
9/5/03,119.634
9/4/03,119.3071
9/3/03,119.5484
9/2/03,118.7809
8/29/03,120.8984
8/28/03,120.3947
8/27/03,119.9864
8/26/03,120.5459
8/25/03,120.5607
8/22/03,121.3215
8/21/03,120.8397
8/20/03,120.0973
8/19/03,118.8727
8/18/03,118.9354
8/15/03,117.9608
8/14/03,118.2921
8/13/03,118.5316
8/12/03,118.9983
8/11/03,118.6707
8/8/03,118.6134
8/7/03,119.1438
8/6/03,117.6922
8/5/03,117.4481
8/4/03,117.2502
8/1/03,118.3628
7/31/03,116.3948
7/30/03,116.0358
7/29/03,116.1758
7/28/03,116.2341
7/25/03,115.7571
7/24/03,115.3716
7/23/03,114.7523
7/22/03,114.0209
7/21/03,116.0647
7/18/03,116.1704
7/17/03,115.7128
7/16/03,115.4121
7/15/03,116.1077
7/14/03,117.1648
7/11/03,117.015
7/10/03,117.0629
7/9/03,118.2649
7/8/03,117.2276
7/7/03,116.6832
7/3/03,116.1357
7/2/03,116.4456
7/1/03,116.3971
6/30/03,115.7878
6/27/03,115.2883
6/26/03,114.7077
6/25/03,117.2477
6/24/03,115.9031
6/23/03,116.8044
6/20/03,117.5395
6/19/03,117.6122
6/18/03,117.2839
6/17/03,117.8018
6/16/03,117.0069
6/13/03,116.9823
6/12/03,118.5449
6/11/03,120.5653
6/10/03,120.5273
6/9/03,120.0098
6/6/03,120.8258
6/5/03,120.1219
6/4/03,119.0409
6/3/03,119.7001
6/2/03,120.2647
5/30/03,118.8213
5/29/03,118.1188
5/28/03,117.2862
5/27/03,118.2385
5/23/03,118.8481
5/22/03,118.7275
5/21/03,119.6561
5/20/03,118.7891
5/19/03,118.4772
5/16/03,119.4883
5/15/03,119.2124
5/14/03,119.7218
5/13/03,119.0341
5/12/03,117.3944
5/9/03,116.6231
5/8/03,114.8506
5/7/03,113.7732
5/6/03,112.9911
5/5/03,113.6193
5/2/03,112.0247
5/1/03,112.6475
4/30/03,112.3595
4/29/03,111.2272
4/28/03,110.9664
4/25/03,112.6237
4/24/03,112.8714
4/23/03,113.3289
4/22/03,114.5212
4/21/03,115.4188
4/17/03,114.9768
4/16/03,113.443
4/15/03,113.4736
4/14/03,112.152
4/11/03,112.2939
4/10/03,111.5809
4/9/03,112.352
4/8/03,111.2958
4/7/03,111.6282
4/4/03,111.2417
4/3/03,111.0008
4/2/03,111.3525
4/1/03,112.076
3/31/03,113.1709
3/28/03,112.3557
3/27/03,112.6423
3/26/03,111.2529
3/25/03,111.1976
3/24/03,112.3054
3/21/03,111.3801
3/20/03,113.0508
3/19/03,114.09
3/18/03,114.5515
3/17/03,116.6705
3/14/03,117.9232
3/13/03,118.8484
3/12/03,121.5551
3/11/03,121.612
3/10/03,122.9589
3/7/03,124.0064
3/6/03,122.4157
3/5/03,121.77
3/4/03,122.289
3/3/03,121.9321
2/28/03,122.5258
2/27/03,122.4166
2/26/03,123.8826
2/25/03,121.6766
2/24/03,125.0492
2/21/03,122.2218
2/20/03,120.4792
2/19/03,120.8563
2/18/03,120.3155
2/14/03,120.5706
2/13/03,119.9546
2/12/03,119.9877
2/11/03,121.4465
2/10/03,120.5825
2/7/03,121.0621
2/6/03,119.6213
2/5/03,119.2318
2/4/03,119.2693
2/3/03,118.5417
1/31/03,118.6439
1/30/03,118.6888
1/29/03,117.8701
1/28/03,116.2783
1/27/03,115.4975
1/24/03,117.0199
1/23/03,115.7025
1/22/03,116.2472
1/21/03,115.589
1/17/03,115.379
1/16/03,115.4663
1/15/03,114.4877
1/14/03,113.3916
1/13/03,113.4454
1/10/03,113.0309
1/9/03,114.6426
1/8/03,113.0563
1/7/03,112.5945
1/6/03,112.8986
1/3/03,114.733
1/2/03,113.1054
12/31/02,110.2756
12/30/02,110.3562
12/27/02,112.6614
12/26/02,112.5518
12/24/02,112.9333
12/23/02,112.6795
12/20/02,111.2049
12/19/02,110.7665
12/18/02,110.9675
12/17/02,110.2755
12/16/02,110.6701
12/13/02,109.3013
12/12/02,108.5157
12/11/02,106.8382
12/10/02,106.8669
12/9/02,105.2251
12/6/02,105.3123
12/5/02,105.8184
12/4/02,105.1296
12/3/02,105.4342
12/2/02,106.2864
11/27/02,105.2467
11/26/02,104.5064
11/25/02,104.7683
11/22/02,105.7531
11/21/02,105.3831
11/20/02,105.05
11/19/02,104.1157
11/18/02,104.0198
11/15/02,102.2213
11/14/02,101.2919
11/13/02,101.1405
11/12/02,102.008
11/11/02,102.3364
11/8/02,102.3286
11/7/02,102.453
11/6/02,102.9613
11/5/02,103.1198
11/4/02,103.9831
11/1/02,104.8249
10/31/02,105.0528
10/30/02,104.6452
10/29/02,104.2522
10/28/02,104.7516
10/25/02,104.6304
10/24/02,105.6216
10/23/02,105.5255
10/22/02,104.9103
10/21/02,105.4759
10/18/02,106.6468
10/17/02,107.3557
10/16/02,106.775
10/15/02,107.0265
10/14/02,105.9035
10/11/02,104.705
10/10/02,103.4973
10/9/02,104.4251
10/8/02,104.6287
10/7/02,104.1839
10/4/02,103.8998
10/3/02,104.2052
10/2/02,106.7214
10/1/02,106.5775
9/30/02,106.2943
9/27/02,106.4657
9/26/02,106.0895
9/25/02,105.6802
9/24/02,106.365
9/23/02,106.6552
9/20/02,106.1428
9/19/02,106.6623
9/18/02,106.9849
9/17/02,106.317
9/16/02,106.4011
9/13/02,106.3866
9/12/02,105.8121
9/11/02,106.8542
9/10/02,106.8062
9/9/02,106.5809
9/6/02,104.9222
9/5/02,103.9642
9/4/02,102.5468
9/3/02,101.2445
8/30/02,102.5808
8/29/02,102.0608
8/28/02,102.2059
8/27/02,102.9746
8/26/02,103.4417
8/23/02,102.4176
8/22/02,102.6306
8/21/02,101.7203
8/20/02,100.9807
8/19/02,101.9108
8/16/02,101.9192
8/15/02,102.203
8/14/02,100.4937
8/13/02,100.3865
8/12/02,99.9284
8/9/02,97.7519
8/8/02,97.1621
8/7/02,97.0284
8/6/02,97.6229
8/5/02,96.8605
8/2/02,98.3099
8/1/02,97.9217
7/31/02,98.8263
7/30/02,98.3455
7/29/02,97.0429
7/26/02,97.8074
7/25/02,98.5628
7/24/02,99.4544
7/23/02,98.3487
7/22/02,100.4002
7/19/02,100.9846
7/18/02,100.7404
7/17/02,100.5439
7/16/02,100.8247
7/15/02,99.6315
7/12/02,99.6161
7/11/02,99.5217
7/10/02,99.3769
7/9/02,99.0544
7/8/02,98.2811
7/3/02,99.5901
7/2/02,99.793
7/1/02,100.2061
6/28/02,99.5183
6/27/02,98.9185
6/26/02,98.7669
6/25/02,98.9915
6/24/02,98.9684
6/21/02,97.2445
6/20/02,97.4747
6/19/02,97.2635
6/18/02,97.341
6/17/02,98.0151
6/14/02,97.8441
6/13/02,97.2934
6/12/02,95.6584
6/11/02,95.3878
6/10/02,95.7056
6/7/02,96.8192
6/6/02,97.3096
6/5/02,97.5251
6/4/02,98.2487
6/3/02,97.6474
5/31/02,97.7548
5/30/02,96.4421
5/29/02,98.5448
5/28/02,97.3553
5/24/02,97.6987
5/23/02,98.3296
5/22/02,98.2812
5/21/02,98.0228
5/20/02,99.292
5/17/02,99.5452
5/16/02,99.7426
5/15/02,99.9158
5/14/02,101.5761
5/13/02,100.5566
5/10/02,99.6589
5/9/02,99.0292
5/8/02,99.0844
5/7/02,98.0366
5/6/02,97.1021
5/3/02,98.0585
5/2/02,97.6139
5/1/02,98.3742
4/30/02,99.4308
4/29/02,98.6203
4/26/02,98.0401
4/25/02,97.5497
4/24/02,98.0406
4/23/02,98.9285
4/22/02,98.8705
4/19/02,98.5504
4/18/02,98.3897
4/17/02,98.4758
4/16/02,96.3768
4/15/02,96.151
4/12/02,94.1077
4/11/02,95.597
4/10/02,97.3154
4/9/02,97.369
4/8/02,98.1885
4/5/02,98.1368
4/4/02,98.8768
4/3/02,101.0022
4/2/02,102.6169
4/1/02,101.2792
3/28/02,99.5878
3/27/02,99.3495
3/26/02,98.5923
3/25/02,98.2807
3/22/02,98.4757
3/21/02,99.3811
3/20/02,97.9352
3/19/02,98.8288
3/18/02,98.9363
3/15/02,97.946
3/14/02,97.3799
3/13/02,96.7144
3/12/02,97.3076
3/11/02,97.3543
3/8/02,95.8259
3/7/02,95.3168
3/6/02,93.7302
3/5/02,93.2143
3/4/02,92.4816
3/1/02,91.9384
2/28/02,90.4756
2/27/02,90.2918
2/26/02,89.8239
2/25/02,88.8424
2/22/02,90.1246
2/21/02,90.3055
2/20/02,89.6933
2/19/02,89.9692
2/15/02,90.4934
2/14/02,90.6188
2/13/02,91.1501
2/12/02,90.6968
2/11/02,90.9343
2/8/02,90.0159
2/7/02,89.0963
2/6/02,88.8816
2/5/02,89.4815
2/4/02,89.2897
2/1/02,89.5971
1/31/02,88.3089
1/30/02,87.3661
1/29/02,87.8658
1/28/02,88.0914
1/25/02,89.0317
1/24/02,88.9181
1/23/02,88.5731
1/22/02,88.1517
1/18/02,88.738
1/17/02,89.3847
1/16/02,91.1226
1/15/02,90.2616
1/14/02,90.1357
1/11/02,91.0633
1/10/02,91.3657
1/9/02,91.5343
1/8/02,92.0735
1/7/02,92.3617
1/4/02,91.4464
1/3/02,89.6259
1/2/02,89.8835
12/31/01,89.0333
12/28/01,89.794
12/27/01,90.2439
12/26/01,90.8422
12/21/01,89.2626
12/20/01,88.5856
12/19/01,89.0116
12/18/01,89.077
12/17/01,88.8693
12/14/01,88.9681
12/13/01,87.4144
12/12/01,87.5574
12/11/01,87.8881
12/10/01,87.7763
12/7/01,88.7336
12/6/01,88.5431
12/5/01,89.6213
12/4/01,90.0316
12/3/01,91.0891
11/30/01,90.9585
11/29/01,89.3452
11/28/01,89.5076
11/27/01,90.2424
11/26/01,89.3277
11/21/01,89.8617
11/20/01,89.9306
11/19/01,89.5607
11/16/01,89.473
11/15/01,88.2816
11/14/01,90.5823
11/13/01,92.1512
11/12/01,90.9532
11/9/01,91.6756
11/8/01,89.9717
11/7/01,88.8855
11/6/01,88.4617
11/5/01,88.8365
11/2/01,89.1395
11/1/01,89.7765
10/31/01,90.4071
10/30/01,91.0305
10/29/01,91.0491
10/26/01,90.7569
10/25/01,90.5798
10/24/01,90.7061
10/23/01,90.2404
10/22/01,90.4019
10/19/01,90.9069
10/18/01,90.4895
10/17/01,91.5671
10/16/01,91.4659
10/15/01,91.1853
10/12/01,92.375
10/11/01,93.8319
10/10/01,93.285
10/9/01,93.4672
10/8/01,93.969
10/5/01,93.9955
10/4/01,94.5251
10/3/01,93.6744
10/2/01,94.2059
10/1/01,94.8795
9/28/01,95.1071
9/27/01,95.0663
9/26/01,94.959
9/25/01,93.8853
9/24/01,94.3331
9/21/01,98.4519
9/20/01,99.1115
9/19/01,99.4964
9/18/01,101.1287
9/17/01,102.9517
9/10/01,101.161
9/7/01,101.6204
9/6/01,101.1807
9/5/01,101.3486
9/4/01,101.3511
8/31/01,102.2247
8/30/01,101.3286
8/29/01,102.5092
8/28/01,102.1981
8/27/01,102.2243
8/24/01,102.3069
8/23/01,102.3238
8/22/01,102.0093
8/21/01,102.3521
8/20/01,101.9355
8/17/01,102.864
8/16/01,103.1924
8/15/01,103.7836
8/14/01,103.8455
8/13/01,103.7973
8/10/01,103.5079
8/9/01,102.9786
8/8/01,102.469
8/7/01,102.7337
8/6/01,102.3376
8/3/01,102.1289
8/2/01,102.7207
8/1/01,102.2898
7/31/01,102.5699
7/30/01,102.4916
7/27/01,103.1871
7/26/01,102.8217
7/25/01,102.9395
7/24/01,101.9632
7/23/01,101.7479
7/20/01,101.6235
7/19/01,101.5928
7/18/01,102.1791
7/17/01,103.5197
7/16/01,102.5702
7/13/01,103.641
7/12/01,104.6134
7/11/01,103.5735
7/10/01,103.1636
7/9/01,103.0265
7/6/01,103.2672
7/5/01,102.0775
7/3/01,101.6363
7/2/01,101.5395
6/29/01,101.5707
6/28/01,100.6923
6/27/01,101.2189
6/26/01,102.6716
6/25/01,102.412
6/22/01,102.506
6/21/01,102.7767
6/20/01,102.7428
6/19/01,104.9829
6/18/01,104.8868
6/15/01,105.4248
6/14/01,106.8355
6/13/01,106.7427
6/12/01,107.1948
6/11/01,106.6774
6/8/01,106.1922
6/7/01,105.3181
6/6/01,105.4849
6/5/01,105.9345
6/4/01,105.7913
6/1/01,106.1831
5/31/01,106.0908
5/30/01,106.1975
5/29/01,106.7252
5/25/01,107.4399
5/24/01,108.3741
5/23/01,109.4202
5/22/01,109.6928
5/21/01,110.3076
5/18/01,110.832
5/17/01,109.0405
5/16/01,108.5779
5/15/01,108.5899
5/14/01,108.0958
5/11/01,108.0314
5/10/01,108.2946
5/9/01,108.271
5/8/01,107.9164
5/7/01,108.192
5/4/01,109.0157
5/3/01,109.1157
5/2/01,108.4536
5/1/01,109.3762
4/30/01,108.7085
4/27/01,108.3163
4/26/01,108.6608
4/25/01,107.4318
4/24/01,107.212
4/23/01,107.9292
4/20/01,108.2567
4/19/01,108.7943
4/18/01,109.3899
4/17/01,109.3811
4/16/01,110.2487
4/12/01,109.1958
4/11/01,108.9696
4/10/01,109.0299
4/9/01,107.8337
4/6/01,107.2951
4/5/01,107.993
4/4/01,107.4805
4/3/01,105.8213
4/2/01,104.9252
3/30/01,105.3717
3/29/01,106.6572
3/28/01,106.8976
3/27/01,109.1551
3/26/01,108.2263
3/23/01,107.6734
3/22/01,106.5006
3/21/01,107.0288
3/20/01,106.7731
3/19/01,106.6231
3/16/01,107.0317
3/15/01,107.485
3/14/01,108.2545
3/13/01,110.21
3/12/01,110.9966
3/9/01,111.0209
3/8/01,111.4649
3/7/01,112.3398
3/6/01,112.0072
3/5/01,112.12
3/2/01,111.1243
3/1/01,110.7465
2/28/01,110.4787
2/27/01,110.4852
2/26/01,110.1503
2/23/01,110.4648
2/22/01,110.2016
2/21/01,110.3787
2/20/01,110.839
2/16/01,111.3535
2/15/01,110.9273
2/14/01,111.8473
2/13/01,112.5776
2/12/01,112.292
2/9/01,113.1022
2/8/01,113.8385
2/7/01,114.0916
2/6/01,113.1556
2/5/01,113.2027
2/2/01,115.2944
2/1/01,113.4645
1/31/01,111.3745
1/30/01,112.3656
1/29/01,112.1677
1/26/01,114.0719
1/25/01,113.8642
1/24/01,113.6592
1/23/01,114.366
1/22/01,115.4782
1/19/01,115.2254
1/18/01,114.0237
1/17/01,112.7037
1/16/01,114.053
1/12/01,115.0255
1/11/01,114.7323
1/10/01,115.5499
1/9/01,115.0856
1/8/01,114.6617
1/5/01,113.8326
1/4/01,113.2662
1/3/01,111.5056
1/2/01,111.4511
12/29/00,114.6134
12/28/00,112.5688
12/27/00,112.9431
12/26/00,112.3812
12/22/00,111.5417
12/21/00,111.9795
12/20/00,111.6346
12/19/00,113.1808
12/18/00,112.967
12/15/00,112.056
12/14/00,110.0598
12/13/00,111.4166
12/12/00,113.2493
12/11/00,116.0914
12/8/00,113.0858
12/7/00,113.1953
12/6/00,114.118
12/5/00,110.4997
12/4/00,112.1747
12/1/00,110.3136
11/30/00,111.5902
11/29/00,110.9126
11/28/00,110.8533
11/27/00,112.808
11/22/00,112.6458
11/21/00,112.0437
11/20/00,111.6874
11/17/00,110.9498
11/16/00,109.4411
11/15/00,110.9368
11/14/00,109.4153
11/13/00,108.0899
11/10/00,107.4926
11/9/00,107.7149
11/8/00,107.1346
11/7/00,106.4737
11/6/00,105.2937
11/3/00,105.3275
11/2/00,104.4918
11/1/00,104.4093
10/31/00,103.8204
10/30/00,103.538
10/27/00,103.8635
10/26/00,105.1405
10/25/00,105.5776
10/24/00,107.0684
10/23/00,107.777
10/20/00,107.0807
10/19/00,106.5162
10/18/00,107.8793
10/17/00,108.6119
10/16/00,108.6883
10/13/00,110.6136
10/12/00,112.7173
10/11/00,110.2331
10/10/00,109.3022
10/9/00,107.4106
10/6/00,106.2992
10/5/00,106.5862
10/4/00,107.6212
10/3/00,108.4194
10/2/00,108.3767
9/29/00,106.975
9/28/00,106.4608
9/27/00,108.4825
9/26/00,108.1991
9/25/00,108.2395
9/22/00,108.5449
9/21/00,109.7653
9/20/00,110.3186
9/19/00,110.6165
9/18/00,111.1721
9/15/00,110.3449
9/14/00,109.664
9/13/00,109.4418
9/12/00,110.2859
9/11/00,110.9523
9/8/00,109.3436
9/7/00,110.62
9/6/00,110.1072
9/5/00,109.5395
9/1/00,108.4174
8/31/00,108.1696
8/30/00,107.924
8/29/00,107.0126
8/28/00,106.507
8/25/00,105.4018
8/24/00,104.818
8/23/00,104.9454
8/22/00,104.1362
8/21/00,105.2951
8/18/00,104.2183
8/17/00,103.8571
8/16/00,103.6102
8/15/00,102.8862
8/14/00,103.2509
8/11/00,102.9829
8/10/00,102.8316
8/9/00,101.8786
8/8/00,101.0251
8/7/00,100.5354
8/4/00,101.6325
8/3/00,100.7538
8/2/00,100.7664
8/1/00,99.6364
7/31/00,99.0044
7/28/00,99.8776
7/27/00,99.7807
7/26/00,99.2002
7/25/00,99.1324
7/24/00,99.4907
7/21/00,100.8852
7/20/00,101.9356
7/19/00,102.2697
7/18/00,103.1257
7/17/00,101.6829
7/14/00,102.0742
7/13/00,102.7323
7/12/00,101.5617
7/11/00,101.6973
7/10/00,101.4318
7/7/00,101.632
7/6/00,100.7384
7/5/00,102.0189
6/30/00,104.7638
6/29/00,105.7498
6/28/00,104.9104
6/27/00,105.3805
6/26/00,104.5637
6/23/00,104.8829
6/22/00,105.6421
6/21/00,104.5074
6/20/00,103.3605
6/19/00,103.0003
6/16/00,104.1134
6/15/00,104.7483
6/14/00,104.4698
6/13/00,104.4835
6/12/00,103.9982
6/9/00,103.6873
6/8/00,103.2144
6/7/00,102.7753
6/6/00,104.1035
6/5/00,104.2028
6/2/00,104.1036
6/1/00,103.4509
5/31/00,102.8426
5/30/00,103.9185
5/26/00,104.7136
5/25/00,104.8746
5/24/00,104.644
5/23/00,103.271
5/22/00,103.1693
5/19/00,104.0066
5/18/00,103.9822
5/17/00,103.1237
5/16/00,103.0516
5/15/00,102.7036
5/12/00,102.8206
5/11/00,102.38
5/10/00,101.418
5/9/00,100.8321
5/8/00,100.2396
5/5/00,99.7485
5/4/00,99.8853
5/3/00,99.4225
5/2/00,99.7773
5/1/00,98.5183
4/28/00,96.8817
4/27/00,96.7483
4/26/00,96.7391
4/25/00,97.539
4/24/00,97.6826
4/20/00,97.4023
4/19/00,97.5554
4/18/00,96.5329
4/17/00,96.1503
4/14/00,95.8689
4/13/00,96.6937
4/12/00,96.3874
4/11/00,94.6278
4/10/00,94.6463
4/7/00,95.7411
4/6/00,95.9536
4/5/00,96.7044
4/4/00,96.145
4/3/00,97.6773
3/31/00,98.5238
3/30/00,97.5567
3/29/00,97.0046
3/28/00,98.0575
3/27/00,98.6476
3/24/00,98.7299
3/23/00,98.1065
3/22/00,98.5118
3/21/00,98.5765
3/20/00,98.1331
3/17/00,100.4624
3/16/00,100.3194
3/15/00,100.0657
3/14/00,100.7389
3/13/00,100.7418
3/10/00,100.0217
3/9/00,100.5315
3/8/00,99.4584
3/7/00,102.248
3/6/00,100.9356
3/3/00,100.082
3/2/00,99.7028
3/1/00,99.838
2/29/00,98.0632
2/28/00,97.3192
2/25/00,97.6421
2/24/00,98.2599
2/23/00,97.9666
2/22/00,98.3868
2/18/00,98.3643
2/17/00,98.3866
2/16/00,98.7213
2/15/00,98.462
2/14/00,98.897
2/11/00,98.7966
2/10/00,99.3157
2/9/00,97.654
2/8/00,96.4312
2/7/00,97.6739
2/4/00,98.9671
2/3/00,97.1337
2/2/00,96.7944
2/1/00,97.5493
1/31/00,96.8149
1/28/00,96.5136
1/27/00,96.9539
1/26/00,96.845
1/25/00,97.6311
1/24/00,97.0482
1/21/00,97.4665
1/20/00,97.6501
1/19/00,97.1845
1/18/00,96.4478
1/14/00,95.2123
1/13/00,93.7982
1/12/00,93.1605
1/11/00,92.048
1/10/00,90.99
1/7/00,90.7495
1/6/00,91.04
1/5/00,91.0023
1/4/00,91.4952
1/3/00,92.0451