1/3/2005,0.18
1/4/2005,0.5
1/5/2005,0.29
1/6/2005,0.17
1/7/2005,0.21
1/10/2005,0.09
1/11/2005,-0.24
1/12/2005,-0.31
1/13/2005,-0.51
1/14/2005,-0.44
1/18/2005,-0.58
1/19/2005,-0.57
1/20/2005,-0.89
1/21/2005,-1.05
1/24/2005,-1.03
1/25/2005,-0.69
1/26/2005,-0.63
1/27/2005,-0.46
1/28/2005,-0.58
1/31/2005,-0.56
2/1/2005,0.19
2/2/2005,0.41
2/3/2005,0.64
2/4/2005,0.5
2/7/2005,0.61
2/8/2005,0.69
2/9/2005,0.39
2/10/2005,0.62
2/11/2005,0.79
2/14/2005,0.83
2/15/2005,0.99
2/16/2005,1.32
2/17/2005,1.41
2/18/2005,1.65
2/22/2005,1.71
2/23/2005,1.72
2/24/2005,1.85
2/25/2005,1.98
2/28/2005,2.26
3/1/2005,-0.03
3/2/2005,-0.1
3/3/2005,-0.03
3/4/2005,-0.15
3/7/2005,-0.03
3/8/2005,0.25
3/9/2005,0.48
3/10/2005,0.23
3/11/2005,0.4
3/14/2005,0.23
3/15/2005,0.21
3/16/2005,-0.19
3/17/2005,-0.61
3/18/2005,-0.54
3/21/2005,-0.98
3/22/2005,-1.02
3/23/2005,-1.45
3/24/2005,-1.34
3/28/2005,-1.35
3/29/2005,-1.78
3/30/2005,-2.13
3/31/2005,-2.6
4/1/2005,-0.08
4/4/2005,-0.21
4/5/2005,0.06
4/6/2005,0.29
4/7/2005,0.64
4/8/2005,0.68
4/11/2005,0.36
4/12/2005,-0.13
4/13/2005,-0.23
4/14/2005,-0.84
4/15/2005,-1.54
4/18/2005,-1.88
4/19/2005,-1.95
4/20/2005,-1.69
4/21/2005,-1.18
4/22/2005,-1.29
4/25/2005,-1.38
4/26/2005,-1.57
4/27/2005,-2.07
4/28/2005,-2.62
4/29/2005,-2.62
5/2/2005,0.12
5/3/2005,0.23
5/4/2005,0.37
5/5/2005,0.28
5/6/2005,0.53
5/9/2005,0.63
5/10/2005,0.26
5/11/2005,-0.15
5/12/2005,-0.39
5/13/2005,-0.92
5/16/2005,-1.36
5/17/2005,-1.75
5/18/2005,-1.59
5/19/2005,-0.94
5/20/2005,-0.64
5/23/2005,-0.47
5/24/2005,-0.38
5/25/2005,0.2
5/26/2005,0.6
5/27/2005,0.78
5/31/2005,0.72
6/1/2005,0.02
6/2/2005,0.66
6/3/2005,1.18
6/6/2005,0.86
6/7/2005,0.81
6/8/2005,0.84
6/9/2005,0.78
6/10/2005,1.21
6/13/2005,1.35
6/14/2005,1.63
6/15/2005,1.74
6/16/2005,1.56
6/17/2005,1.65
6/20/2005,1.67
6/21/2005,1.63
6/22/2005,1.22
6/23/2005,1.2
6/24/2005,0.93
6/27/2005,0.78
6/28/2005,1.31
6/29/2005,1.49
6/30/2005,1.46
7/1/2005,0.51
7/5/2005,0.76
7/6/2005,0.58
7/7/2005,0.46
7/8/2005,0.95
7/11/2005,1.24
7/12/2005,1.57
7/13/2005,1.69
7/14/2005,1.99
7/15/2005,1.98
7/18/2005,2.2
7/19/2005,2.06
7/20/2005,2.02
7/21/2005,2.4
7/22/2005,2.27
7/25/2005,2.44
7/26/2005,2.46
7/27/2005,2.71
7/28/2005,2.59
7/29/2005,2.98
8/1/2005,0.03
8/2/2005,0.05
8/3/2005,-0.13
8/4/2005,-0.09
8/5/2005,-0.03
8/8/2005,-0.1
8/9/2005,-0.17
8/10/2005,-0.12
8/11/2005,-0.37
8/12/2005,-0.61
8/15/2005,-0.43
8/16/2005,-0.61
8/17/2005,-0.4
8/18/2005,-0.54
8/19/2005,-0.45
8/22/2005,-0.42
8/23/2005,-0.43
8/24/2005,-0.36
8/25/2005,-0.37
8/26/2005,-0.2
8/29/2005,-0.3
8/30/2005,-0.73
8/31/2005,-1.25
9/1/2005,-0.15
9/2/2005,-0.2
9/6/2005,0.09
9/7/2005,0.24
9/8/2005,0.31
9/9/2005,0.28
9/12/2005,0.51
9/13/2005,0.41
9/14/2005,0.5
9/15/2005,0.45
9/16/2005,0.55
9/19/2005,0.21
9/20/2005,0.01
9/21/2005,-0.35
9/22/2005,-0.63
9/23/2005,-0.18
9/26/2005,0.11
9/27/2005,0.06
9/28/2005,-0.13
9/29/2005,-0.02
9/30/2005,0.15
10/3/2005,0.25
10/4/2005,0.22
10/5/2005,0.08
10/6/2005,-0.07
10/7/2005,-0.22
10/11/2005,-0.57
10/12/2005,-0.82
10/13/2005,-1
10/14/2005,-0.77
10/17/2005,-0.22
10/18/2005,0.04
10/19/2005,-0.12
10/20/2005,-0.04
10/21/2005,-0.07
10/24/2005,0.22
10/25/2005,0.45
10/26/2005,0.46
10/27/2005,0.1
10/28/2005,-0.01
10/31/2005,0
11/1/2005,0.16
11/2/2005,0.33
11/3/2005,0.65
11/4/2005,0.66
11/7/2005,0.6
11/8/2005,0.34
11/9/2005,0.47
11/10/2005,0.14
11/14/2005,0.01
11/15/2005,-0.24
11/16/2005,-0.6
11/17/2005,-0.85
11/18/2005,-0.42
11/21/2005,-0.5
11/22/2005,-0.61
11/23/2005,-0.37
11/25/2005,-0.54
11/28/2005,-0.45
11/29/2005,-0.04
11/30/2005,0.02
12/1/2005,0.18
12/2/2005,0.13
12/5/2005,0.21
12/6/2005,-0.11
12/7/2005,-0.01
12/8/2005,-0.17
12/9/2005,0.28
12/12/2005,0.38
12/13/2005,0.36
12/14/2005,0.05
12/15/2005,0.06
12/16/2005,0.09
12/19/2005,0.09
12/20/2005,0.13
12/21/2005,0.25
12/22/2005,0.05
12/23/2005,-0.18
12/27/2005,-0.26
12/28/2005,-0.08
12/29/2005,-0.07
12/30/2005,-0.03
1/3/2006,0.04
1/4/2006,0.22
1/5/2006,0.43
1/6/2006,0.78
1/9/2006,0.96
1/10/2006,1.13
1/11/2006,1.24
1/12/2006,0.94
1/13/2006,0.49
1/17/2006,0.39
1/18/2006,0.42
1/19/2006,0.7
1/20/2006,0.61
1/23/2006,0.68
1/24/2006,0.97
1/25/2006,1.39
1/26/2006,1.49
1/27/2006,1.56
1/30/2006,1.77
1/31/2006,1.85
2/1/2006,0.29
2/2/2006,0.29
2/3/2006,0.15
2/6/2006,0.15
2/7/2006,0.09
2/8/2006,0.16
2/9/2006,0.14
2/10/2006,0.29
2/13/2006,0.22
2/14/2006,0.25
2/15/2006,0.42
2/16/2006,0.53
2/17/2006,0.52
2/21/2006,0.63
2/22/2006,0.57
2/23/2006,0.71
2/24/2006,0.71
2/27/2006,0.78
2/28/2006,0.64
3/1/2006,0.12
3/2/2006,0.16
3/3/2006,0.23
3/6/2006,0.46
3/7/2006,0.32
3/8/2006,0.27
3/9/2006,0.31
3/10/2006,0.4
3/13/2006,0.55
3/14/2006,0.3
3/15/2006,0.47
3/16/2006,0.27
3/17/2006,0.38
3/20/2006,0.46
3/21/2006,0.88
3/22/2006,0.91
3/23/2006,0.99
3/24/2006,0.81
3/27/2006,1.01
3/28/2006,1.28
3/29/2006,1.22
3/30/2006,1.35
3/31/2006,1.33
4/3/2006,0.16
4/4/2006,0.1
4/5/2006,0.02
4/6/2006,0.1
4/7/2006,0.29
4/10/2006,0.2
4/11/2006,0.18
4/12/2006,0.36
4/13/2006,0.54
4/17/2006,0.36
4/18/2006,0.25
4/19/2006,0.46
4/20/2006,0.58
4/21/2006,0.61
4/24/2006,0.55
4/25/2006,0.84
4/26/2006,0.93
4/27/2006,0.86
4/28/2006,0.81
5/1/2006,0.34
5/2/2006,0.34
5/3/2006,0.42
5/4/2006,0.44
5/5/2006,0.31
5/8/2006,0.43
5/9/2006,0.51
5/10/2006,0.63
5/11/2006,0.73
5/12/2006,0.76
5/15/2006,0.53
5/16/2006,0.25
5/17/2006,0.07
5/18/2006,-0.22
5/19/2006,-0.2
5/22/2006,-0.48
5/23/2006,-0.35
5/24/2006,-0.59
5/25/2006,-0.35
5/26/2006,-0.27
5/30/2006,-0.2
5/31/2006,-0.03
6/1/2006,-0.07
6/2/2006,-0.45
6/5/2006,-0.35
6/6/2006,-0.58
6/7/2006,-0.42
6/8/2006,-0.67
6/9/2006,-0.66
6/12/2006,-0.56
6/13/2006,-0.88
6/14/2006,-0.85
6/15/2006,-0.75
6/16/2006,-0.64
6/19/2006,-0.57
6/20/2006,-0.72
6/21/2006,-0.95
6/22/2006,-0.86
6/23/2006,-0.82
6/26/2006,-0.9
6/27/2006,-0.97
6/28/2006,-0.82
6/29/2006,-0.78
6/30/2006,-0.6
7/3/2006,0.13
7/5/2006,0.38
7/6/2006,0.22
7/7/2006,0.16
7/10/2006,0.26
7/11/2006,0.16
7/12/2006,0.14
7/13/2006,-0.15
7/14/2006,-0.36
7/17/2006,-0.36
7/18/2006,-0.09
7/19/2006,-0.31
7/20/2006,-0.33
7/21/2006,-0.23
7/24/2006,-0.26
7/25/2006,-0.11
7/26/2006,-0.08
7/27/2006,-0.01
7/28/2006,-0.21
7/31/2006,-0.26
8/1/2006,0.07
8/2/2006,0.16
8/3/2006,0.18
8/4/2006,0.09
8/7/2006,0.21
8/8/2006,0.26
8/9/2006,0.31
8/10/2006,0.25
8/11/2006,0.41
8/14/2006,0.57
8/15/2006,0.35
8/16/2006,0.27
8/17/2006,0.41
8/18/2006,0.3
8/21/2006,0.28
8/22/2006,0.21
8/23/2006,0.23
8/24/2006,0.21
8/25/2006,0.21
8/28/2006,0.34
8/29/2006,0.36
8/30/2006,0.38
8/31/2006,0.24
9/1/2006,0.06
9/5/2006,0.36
9/6/2006,0.53
9/7/2006,0.52
9/8/2006,0.48
9/11/2006,0.63
9/12/2006,0.6
9/13/2006,0.72
9/14/2006,0.87
9/15/2006,0.88
9/18/2006,0.93
9/19/2006,0.62
9/20/2006,0.66
9/21/2006,0.28
9/22/2006,0.03
9/25/2006,-0.05
9/26/2006,0.13
9/27/2006,0.29
9/28/2006,0.43
9/29/2006,0.55
10/2/2006,-0.04
10/3/2006,-0.03
10/4/2006,-0.1
10/5/2006,0.15
10/6/2006,0.51
10/10/2006,0.73
10/11/2006,0.94
10/12/2006,1.01
10/13/2006,1.17
10/16/2006,1.15
10/17/2006,1.07
10/18/2006,1.12
10/19/2006,1.2
10/20/2006,1.21
10/23/2006,1.35
10/24/2006,1.36
10/25/2006,1.17
10/26/2006,1.09
10/27/2006,1.03
10/30/2006,1.1
10/31/2006,0.86
11/1/2006,-0.01
11/2/2006,0.2
11/3/2006,0.74
11/6/2006,0.76
11/7/2006,0.74
11/8/2006,0.7
11/9/2006,0.81
11/10/2006,0.73
11/13/2006,0.88
11/14/2006,0.87
11/15/2006,1.15
11/16/2006,1.44
11/17/2006,1.2
11/20/2006,1.15
11/21/2006,0.91
11/22/2006,0.85
11/24/2006,0.8
11/27/2006,0.74
11/28/2006,0.54
11/29/2006,0.81
11/30/2006,0.72
12/1/2006,-0.05
12/4/2006,0.01
12/5/2006,0.22
12/6/2006,0.56
12/7/2006,0.65
12/8/2006,0.89
12/11/2006,0.82
12/12/2006,0.64
12/13/2006,0.9
12/14/2006,0.93
12/15/2006,0.91
12/18/2006,1.01
12/19/2006,1.03
12/20/2006,1.09
12/21/2006,0.97
12/22/2006,1.3
12/26/2006,1.3
12/27/2006,1.55
12/28/2006,1.72
12/29/2006,1.77
1/2/2007,-0.01
1/3/2007,-0.02
1/4/2007,-0.19
1/5/2007,-0.11
1/8/2007,-0.02
1/9/2007,0.08
1/10/2007,0.17
1/11/2007,0.44
1/12/2007,0.57
1/16/2007,0.63
1/17/2007,0.93
1/18/2007,0.87
1/19/2007,0.98
1/22/2007,1.03
1/23/2007,1.22
1/24/2007,1.32
1/25/2007,1.58
1/26/2007,1.51
1/29/2007,1.61
1/30/2007,1.41
1/31/2007,1.2
2/1/2007,0.19
2/2/2007,0.2
2/5/2007,0.2
2/6/2007,0.18
2/7/2007,0.27
2/8/2007,0.29
2/9/2007,0.53
2/12/2007,0.55
2/13/2007,0.64
2/14/2007,0.46
2/15/2007,0.49
2/16/2007,0.6
2/20/2007,0.6
2/21/2007,0.77
2/22/2007,0.99
2/23/2007,0.71
2/26/2007,0.55
2/27/2007,-0.33
2/28/2007,-0.19
3/1/2007,-0.18
3/2/2007,-0.57
3/5/2007,-0.87
3/6/2007,-0.67
3/7/2007,-0.52
3/8/2007,-0.2
3/9/2007,0.17
3/12/2007,0
3/13/2007,-0.51
3/14/2007,-0.59
3/15/2007,-0.42
3/16/2007,-0.4
3/19/2007,-0.26
3/20/2007,-0.38
3/21/2007,-0.45
3/22/2007,-0.06
3/23/2007,0.05
3/26/2007,-0.03
3/27/2007,-0.03
3/28/2007,-0.14
3/29/2007,-0.02
3/30/2007,0
4/2/2007,-0.02
4/3/2007,0.1
4/4/2007,-0.05
4/5/2007,0.08
4/9/2007,0.44
4/10/2007,0.41
4/11/2007,0.51
4/12/2007,0.54
4/13/2007,0.7
4/16/2007,0.74
4/17/2007,0.63
4/18/2007,0.58
4/19/2007,0.66
4/20/2007,0.79
4/23/2007,0.8
4/24/2007,0.76
4/25/2007,0.88
4/26/2007,1.09
4/27/2007,1.1
4/30/2007,0.81
5/1/2007,0.06
5/2/2007,0.13
5/3/2007,0.32
5/4/2007,0.23
5/7/2007,0.27
5/8/2007,0.27
5/9/2007,0.5
5/10/2007,0.45
5/11/2007,0.54
5/14/2007,0.72
5/15/2007,0.79
5/16/2007,0.79
5/17/2007,0.96
5/18/2007,1.14
5/21/2007,1.17
5/22/2007,1.35
5/23/2007,1.46
5/24/2007,1.45
5/25/2007,1.44
5/29/2007,1.54
5/30/2007,1.48
5/31/2007,1.57
6/1/2007,0.21
6/4/2007,0.11
6/5/2007,0.26
6/6/2007,-0.03
6/7/2007,-0.05
6/8/2007,-0.19
6/11/2007,-0.12
6/12/2007,-0.09
6/13/2007,-0.26
6/14/2007,-0.13
6/15/2007,-0.2
6/18/2007,-0.23
6/19/2007,-0.55
6/20/2007,-0.51
6/21/2007,-0.75
6/22/2007,-0.94
6/25/2007,-1.44
6/26/2007,-1.36
6/27/2007,-1.85
6/28/2007,-1.61
6/29/2007,-1.86
7/2/2007,-0.22
7/3/2007,-0.05
7/5/2007,0.25
7/6/2007,0.38
7/9/2007,0.23
7/10/2007,-0.58
7/11/2007,-0.79
7/12/2007,-0.43
7/13/2007,-0.26
7/16/2007,-0.39
7/17/2007,-0.29
7/18/2007,-0.99
7/19/2007,-0.97
7/20/2007,-1.73
7/23/2007,-2.11
7/24/2007,-2.85
7/25/2007,-3.27
7/26/2007,-5.14
7/27/2007,-5.77
7/30/2007,-5.56
7/31/2007,-5.19
8/1/2007,-0.17
8/2/2007,0.29
8/3/2007,0.05
8/6/2007,-0.09
8/7/2007,0.32
8/8/2007,1.6
8/9/2007,1.15
8/10/2007,0.81
8/13/2007,1.06
8/14/2007,0.71
8/15/2007,-0.01
8/16/2007,-1.2
8/17/2007,-0.69
8/20/2007,-0.7
8/21/2007,-0.79
8/22/2007,-0.27
8/23/2007,-0.01
8/24/2007,0.22
8/27/2007,0.18
8/28/2007,-0.35
8/29/2007,-0.29
8/30/2007,-0.53
8/31/2007,-0.3
9/4/2007,0.18
9/5/2007,-0.13
9/6/2007,0.09
9/7/2007,-0.66
9/10/2007,-0.89
9/11/2007,-0.65
9/12/2007,-0.41
9/13/2007,0.07
9/14/2007,0.06
9/17/2007,0.29
9/18/2007,0.59
9/19/2007,1.34
9/20/2007,1.78
9/21/2007,2
9/24/2007,2.26
9/25/2007,2.01
9/26/2007,2.18
9/27/2007,2.07
9/28/2007,2.02
10/1/2007,0.04
10/2/2007,0.01
10/3/2007,0.2
10/4/2007,0.31
10/5/2007,0.9
10/9/2007,1.11
10/10/2007,1.33
10/11/2007,1.62
10/12/2007,1.79
10/15/2007,1.79
10/16/2007,1.44
10/17/2007,0.7
10/18/2007,0.12
10/19/2007,-0.54
10/22/2007,-0.66
10/23/2007,-0.41
10/24/2007,-0.76
10/25/2007,-0.69
10/26/2007,-0.62
10/29/2007,-0.55
10/30/2007,-0.56
10/31/2007,-0.14
11/1/2007,-0.79
11/2/2007,-1.31
11/5/2007,-1.39
11/6/2007,-1.23
11/7/2007,-1.7
11/8/2007,-2.35
11/9/2007,-2.87
11/13/2007,-2.96
11/14/2007,-2.79
11/15/2007,-3.77
11/16/2007,-4.23
11/19/2007,-5.21
11/20/2007,-5.63
11/21/2007,-6.19
11/23/2007,-6
11/26/2007,-6.56
11/27/2007,-6.4
11/28/2007,-5.66
11/29/2007,-5.68
11/30/2007,-5.28
12/3/2007,-0.3
12/4/2007,-0.59
12/5/2007,-0.42
12/6/2007,-0.02
12/7/2007,0.69
12/10/2007,1.06
12/11/2007,0.55
12/12/2007,0.86
12/13/2007,0.98
12/14/2007,1.24
12/17/2007,0.93
12/18/2007,0.55
12/19/2007,0.34
12/20/2007,-0.01
12/21/2007,0.51
12/24/2007,0.7
12/26/2007,1.02
12/27/2007,0.75
12/28/2007,0.37
12/31/2007,0.08
1/2/2008,-0.72
1/3/2008,-1.02
1/4/2008,-1.82
1/7/2008,-2.21
1/8/2008,-2.44
1/9/2008,-3.49
1/10/2008,-2.99
1/11/2008,-3.22
1/14/2008,-3.22
1/15/2008,-3.54
1/16/2008,-3.86
1/17/2008,-4.58
1/18/2008,-4.89
1/22/2008,-6.38
1/23/2008,-6.76
1/24/2008,-5.08
1/25/2008,-4.58
1/28/2008,-4.67
1/29/2008,-3.92
1/30/2008,-3.61
1/31/2008,-4.09
2/1/2008,-0.12
2/4/2008,0.13
2/5/2008,-0.49
2/6/2008,-0.59
2/7/2008,-0.6
2/8/2008,-1.29
2/11/2008,-1.81
2/12/2008,-1.75
2/13/2008,-1.72
2/14/2008,-1.25
2/15/2008,-1.54
2/19/2008,-1.12
2/20/2008,-1.14
2/21/2008,-1.56
2/22/2008,-1.54
2/25/2008,-0.77
2/26/2008,-0.6
2/27/2008,-0.58
2/28/2008,-1.37
2/29/2008,-2.76
3/3/2008,-0.11
3/4/2008,-0.13
3/5/2008,0.3
3/6/2008,-0.16
3/7/2008,-0.74
3/10/2008,-1.3
3/11/2008,-0.67
3/12/2008,-1.42
3/13/2008,-1.9
3/14/2008,-2.52
3/17/2008,-3.47
3/18/2008,-2.6
3/19/2008,-2.43
3/20/2008,-2.65
3/24/2008,-1.02
3/25/2008,-0.55
3/26/2008,-0.6
3/27/2008,-0.26
3/28/2008,-0.44
3/31/2008,-0.93
4/1/2008,0.82
4/2/2008,1.58
4/3/2008,1.94
4/4/2008,2.03
4/7/2008,2.99
4/8/2008,2.83
4/9/2008,2.24
4/10/2008,2.3
4/11/2008,2.07
4/14/2008,2.06
4/15/2008,2.5
4/16/2008,3.33
4/17/2008,3.7
4/18/2008,4.65
4/21/2008,4.77
4/22/2008,5.04
4/23/2008,5.15
4/24/2008,5.76
4/25/2008,6.08
4/28/2008,6.06
4/29/2008,6.02
4/30/2008,6.07
5/1/2008,0.3
5/2/2008,1.1
5/5/2008,1.08
5/6/2008,0.91
5/7/2008,0.78
5/8/2008,0.28
5/9/2008,-0.01
5/12/2008,0.04
5/13/2008,0.68
5/14/2008,1.04
5/15/2008,0.86
5/16/2008,1.08
5/19/2008,1.23
5/20/2008,0.91
5/21/2008,1.07
5/22/2008,1.29
5/23/2008,0.82
5/27/2008,0.88
5/28/2008,1.32
5/29/2008,1.56
5/30/2008,1.45
6/2/2008,-0.55
6/3/2008,-1.03
6/4/2008,-1.04
6/5/2008,-0.26
6/6/2008,-0.52
6/9/2008,-0.07
6/10/2008,0.34
6/11/2008,0.07
6/12/2008,0.61
6/13/2008,0.81
6/16/2008,0.73
6/17/2008,0.68
6/18/2008,0.13
6/19/2008,0.15
6/20/2008,-0.57
6/23/2008,-0.76
6/24/2008,-1.77
6/25/2008,-1.8
6/26/2008,-2.88
6/27/2008,-3.4
6/30/2008,-3.47
7/1/2008,-0.44
7/2/2008,-0.82
7/3/2008,-1.05
7/7/2008,-1.4
7/8/2008,-1.86
7/9/2008,-1.7
7/10/2008,-2.03
7/11/2008,-1.89
7/14/2008,-2.06
7/15/2008,-2.8
7/16/2008,-2.54
7/17/2008,-1.63
7/18/2008,-1.08
7/21/2008,-0.7
7/22/2008,-0.76
7/23/2008,-0.12
7/24/2008,-0.89
7/25/2008,-0.73
7/28/2008,-1.48
7/29/2008,-1.55
7/30/2008,-1.48
7/31/2008,-1.88
8/1/2008,-0.62
8/4/2008,-0.68
8/5/2008,-0.5
8/6/2008,-0.21
8/7/2008,-0.7
8/8/2008,-0.64
8/11/2008,-0.26
8/12/2008,-0.39
8/13/2008,-0.22
8/14/2008,-0.46
8/15/2008,-0.45
8/18/2008,-0.58
8/19/2008,-0.82
8/20/2008,-1.11
8/21/2008,-1.04
8/22/2008,-0.86
8/25/2008,-1.15
8/26/2008,-1.07
8/27/2008,-1.15
8/28/2008,-0.89
8/29/2008,-0.74
9/2/2008,-0.31
9/3/2008,-0.68
9/4/2008,-0.91
9/5/2008,-0.88
9/8/2008,-0.38
9/9/2008,-0.73
9/10/2008,-0.79
9/11/2008,-0.99
9/12/2008,-0.62
9/15/2008,-2.97
9/16/2008,-3.85
9/17/2008,-5.16
9/18/2008,-5.74
9/19/2008,-2.8
9/22/2008,-2.57
9/23/2008,-3.33
9/24/2008,-4.48
9/25/2008,-5.11
9/26/2008,-6.49
9/29/2008,-8.59
9/30/2008,-8.55
10/1/2008,-1.17
10/2/2008,-4.16
10/3/2008,-4.86
10/6/2008,-8.01
10/7/2008,-8.29
10/8/2008,-9.04
10/9/2008,-10.23
10/10/2008,-14.61
10/14/2008,-11.49
10/15/2008,-13.88
10/16/2008,-15.69
10/17/2008,-16.22
10/20/2008,-15.67
10/21/2008,-16.05
10/22/2008,-16.59
10/23/2008,-17.46
10/24/2008,-18.25
10/27/2008,-18.57
10/28/2008,-17.99
10/29/2008,-17.05
10/30/2008,-16.12
10/31/2008,-16.5
11/3/2008,-0.39
11/4/2008,-0.12
11/5/2008,0.1
11/6/2008,-0.43
11/7/2008,-0.88
11/10/2008,-1.09
11/12/2008,-2.8
11/13/2008,-3.47
11/14/2008,-4.61
11/17/2008,-5.51
11/18/2008,-7.45
11/19/2008,-9.9
11/20/2008,-12.97
11/21/2008,-14.19
11/24/2008,-13.69
11/25/2008,-14.03
11/26/2008,-13.8
11/28/2008,-13.62
12/1/2008,-0.98
12/2/2008,-0.89
12/3/2008,-1.62
12/4/2008,-2.12
12/5/2008,-2.75
12/8/2008,-2.11
12/9/2008,-1.94
12/10/2008,-2.15
12/11/2008,-3.2
12/12/2008,-4.61
12/15/2008,-4.48
12/16/2008,-4.84
12/17/2008,-4.16
12/18/2008,-3.32
12/19/2008,-2.31
12/22/2008,-1.29
12/23/2008,-0.23
12/24/2008,0.06
12/26/2008,0.85
12/29/2008,1.99
12/30/2008,4.32
12/31/2008,5.68
1/2/2009,1.26
1/5/2009,3.08
1/6/2009,6.05
1/7/2009,7.27
1/8/2009,6.44
1/9/2009,6.75
1/12/2009,6.84
1/13/2009,6.39
1/14/2009,5.28
1/15/2009,4.65
1/16/2009,5.4
1/20/2009,5.47
1/21/2009,5.75
1/22/2009,5.78
1/23/2009,5.63
1/26/2009,5.84
1/27/2009,5.69
1/28/2009,6.88
1/29/2009,7.58
1/30/2009,7.52
2/2/2009,-0.4
2/3/2009,0.03
2/4/2009,0.61
2/5/2009,0.85
2/6/2009,1.18
2/9/2009,1.58
2/10/2009,1.2
2/11/2009,0.96
2/12/2009,0.48
2/13/2009,0.79
2/17/2009,-0.45
2/18/2009,-0.83
2/19/2009,-0.23
2/20/2009,-1.12
2/23/2009,-1.17
2/24/2009,-2.42
2/25/2009,-2.09
2/26/2009,-2.12
2/27/2009,-2.67
3/2/2009,-1.47
3/3/2009,-2.23
3/4/2009,-2.7
3/5/2009,-3.85
3/6/2009,-4.01
3/9/2009,-4.47
3/10/2009,-3.79
3/11/2009,-2.78
3/12/2009,-2.59
3/13/2009,-2.02
3/16/2009,-0.84
3/17/2009,-0.5
3/18/2009,-2.08
3/19/2009,-1.17
3/20/2009,-1.01
3/23/2009,-0.16
3/24/2009,0.35
3/25/2009,1.09
3/26/2009,1.88
3/27/2009,2.41
3/30/2009,1.82
3/31/2009,1.59
4/1/2009,-0.27
4/2/2009,1.08
4/3/2009,2.12
4/6/2009,2.6
4/7/2009,2.65
4/8/2009,2.89
4/9/2009,3.68
4/13/2009,4.03
4/14/2009,4.77
4/15/2009,5.29
4/16/2009,6.43
4/17/2009,8.12
4/20/2009,7.76
4/21/2009,7.15
4/22/2009,7.57
4/23/2009,8.03
4/24/2009,9.21
4/27/2009,9.29
4/28/2009,9.86
4/29/2009,11.28
4/30/2009,13.21
5/1/2009,0.44
5/4/2009,1.15
5/5/2009,1.73
5/6/2009,2.35
5/7/2009,4.23
5/8/2009,4.75
5/11/2009,4.24
5/12/2009,4.02
5/13/2009,3.29
5/14/2009,2.68
5/15/2009,2.81
5/18/2009,3.28
5/19/2009,3.91
5/20/2009,4.7
5/21/2009,5.31
5/22/2009,5.87
5/26/2009,6.29
5/27/2009,7.23
5/28/2009,7.6
5/29/2009,7.44
6/1/2009,1.44
6/2/2009,2.14
6/3/2009,2.27
6/4/2009,2.95
6/5/2009,4.09
6/8/2009,4.49
6/9/2009,4.59
6/10/2009,5.23
6/11/2009,5.26
6/12/2009,5.38
6/15/2009,5.32
6/16/2009,5.02
6/17/2009,3.98
6/18/2009,3.9
6/19/2009,3.89
6/22/2009,3.22
6/23/2009,2.84
6/24/2009,2.93
6/25/2009,2.63
6/26/2009,2.57
6/29/2009,2.73
6/30/2009,3.16
7/1/2009,0.24
7/2/2009,0.05
7/6/2009,-0.11
7/7/2009,-0.19
7/8/2009,-1.04
7/9/2009,-0.64
7/10/2009,-1.19
7/13/2009,-1.1
7/14/2009,-0.71
7/15/2009,0.23
7/16/2009,0.18
7/17/2009,0.8
7/20/2009,1.05
7/21/2009,1.25
7/22/2009,1.88
7/23/2009,3.08
7/24/2009,3.52
7/27/2009,4.16
7/28/2009,4.64
7/29/2009,5.16
7/30/2009,5.68
7/31/2009,5.66
8/3/2009,1.1
8/4/2009,1.54
8/5/2009,2.08
8/6/2009,2.27
8/7/2009,3
8/10/2009,3.02
8/11/2009,2.77
8/12/2009,2.24
8/13/2009,1.72
8/14/2009,1.47
8/17/2009,0.64
8/18/2009,0.58
8/19/2009,0.32
8/20/2009,0.24
8/21/2009,0.86
8/24/2009,0.92
8/25/2009,0.95
8/26/2009,1
8/27/2009,1.18
8/28/2009,1.22
8/31/2009,1.06
9/1/2009,-0.2
9/2/2009,-0.39
9/3/2009,-0.21
9/4/2009,0.19
9/8/2009,0.56
9/9/2009,0.76
9/10/2009,0.85
9/11/2009,1.43
9/14/2009,2.25
9/15/2009,3.21
9/16/2009,4.26
9/17/2009,4.27
9/18/2009,4.7
9/21/2009,4.74
9/22/2009,5.04
9/23/2009,5.28
9/24/2009,5.4
9/25/2009,5.32
9/28/2009,5.23
9/29/2009,5.25
9/30/2009,5.04
10/1/2009,-0.63
10/2/2009,-0.94
10/5/2009,-0.67
10/6/2009,-0.26
10/7/2009,-0.46
10/8/2009,0.01
10/9/2009,0.53
10/13/2009,0.34
10/14/2009,1.01
10/15/2009,1.32
10/16/2009,1.35
10/19/2009,1.49
10/20/2009,1.56
10/21/2009,1.94
10/22/2009,2.1
10/23/2009,2.43
10/26/2009,2.84
10/27/2009,2.42
10/28/2009,1.93
10/29/2009,2.06
10/30/2009,1.67
11/2/2009,0.06
11/3/2009,0.05
11/4/2009,0.29
11/5/2009,0.3
11/6/2009,0.2
11/9/2009,0.36
11/10/2009,0.51
11/12/2009,0.49
11/13/2009,0.49
11/16/2009,0.3
11/17/2009,0.3
11/18/2009,0.46
11/19/2009,0.29
11/20/2009,0.31
11/23/2009,0.43
11/24/2009,0.28
11/25/2009,0.21
11/27/2009,-0.07
11/30/2009,-0.36
12/1/2009,0.35
12/2/2009,0.7
12/3/2009,1.11
12/4/2009,1.75
12/7/2009,1.78
12/8/2009,1.62
12/9/2009,1.88
12/10/2009,2.22
12/11/2009,2.57
12/14/2009,2.92
12/15/2009,3.35
12/16/2009,3.52
12/17/2009,3.27
12/18/2009,3.55
12/21/2009,4.03
12/22/2009,4.38
12/23/2009,4.55
12/24/2009,4.8
12/28/2009,5.05
12/29/2009,5.12
12/30/2009,5.11
12/31/2009,5.45
1/4/2010,0.29
1/5/2010,0.44
1/6/2010,1.01
1/7/2010,1.62
1/8/2010,1.65
1/11/2010,1.79
1/12/2010,1.44
1/13/2010,1.65
1/14/2010,1.48
1/15/2010,1.19
1/19/2010,1.25
1/20/2010,1.03
1/21/2010,0.7
1/22/2010,0.25
1/25/2010,0.02
1/26/2010,-0.04
1/27/2010,0.05
1/28/2010,0.04
1/29/2010,-0.16
2/1/2010,0.05
2/2/2010,0.08
2/3/2010,0.43
2/4/2010,-0.13
2/5/2010,-1.04
2/8/2010,-1.13
2/9/2010,-1.21
2/10/2010,-1.43
2/11/2010,-1.6
2/12/2010,-1.86
2/16/2010,-1.79
2/17/2010,-0.86
2/18/2010,-0.26
2/19/2010,0.15
2/22/2010,0.46
2/23/2010,0.01
2/24/2010,0.04
2/25/2010,-0.25
2/26/2010,-0.24
3/1/2010,0.26
3/2/2010,0.62
3/3/2010,0.78
3/4/2010,0.93
3/5/2010,1.47
3/8/2010,1.92
3/9/2010,2.07
3/10/2010,2.42
3/11/2010,2.46
3/12/2010,2.6
3/15/2010,2.56
3/16/2010,2.4
3/17/2010,2.61
3/18/2010,2.96
3/19/2010,3.11
3/22/2010,2.92
3/23/2010,3.03
3/24/2010,3.63
3/25/2010,3.91
3/26/2010,3.9
3/29/2010,4.01
3/30/2010,4.08
3/31/2010,3.84
4/1/2010,0.17
4/2/2010,0.51
4/5/2010,0.9
4/6/2010,0.92
4/7/2010,0.69
4/8/2010,0.75
4/9/2010,0.87
4/12/2010,0.94
4/13/2010,0.99
4/14/2010,1.35
4/15/2010,1.58
4/16/2010,1.41
4/19/2010,1.4
4/20/2010,1.57
4/21/2010,1.54
4/22/2010,1.72
4/23/2010,1.98
4/26/2010,2.14
4/27/2010,1.68
4/28/2010,1.82
4/29/2010,1.71
4/30/2010,1.5
5/3/2010,0.21
5/4/2010,-0.24
5/5/2010,-1.03
5/6/2010,-2.56
5/7/2010,-3.4
5/10/2010,-2.43
5/11/2010,-2.73
5/12/2010,-2.09
5/13/2010,-1.93
5/14/2010,-2.84
5/17/2010,-2.91
5/18/2010,-3.27
5/19/2010,-3.84
5/20/2010,-5.19
5/21/2010,-5.59
5/24/2010,-5.31
5/25/2010,-6.39
5/26/2010,-5.59
5/27/2010,-4.95
5/28/2010,-4.93
5/31/2010,-4.93
6/1/2010,-0.23
6/2/2010,-0.14
6/3/2010,0.31
6/4/2010,-0.53
6/7/2010,-0.63
6/8/2010,-1.02
6/9/2010,-1
6/10/2010,-0.67
6/11/2010,-1.03
6/14/2010,-0.63
6/15/2010,-0.15
6/16/2010,0.19
6/17/2010,0.45
6/18/2010,0.83
6/21/2010,1.46
6/22/2010,1.14
6/23/2010,0.86
6/24/2010,0.6
6/25/2010,0.54
6/28/2010,0.41
6/29/2010,-0.18
6/30/2010,-0.28
7/1/2010,-0.1
7/2/2010,0.08
7/6/2010,0.14
7/7/2010,0.32
7/8/2010,0.8
7/9/2010,1.23
7/12/2010,1.4
7/13/2010,2.01
7/14/2010,1.94
7/15/2010,1.75
7/16/2010,1.7
7/19/2010,1.82
7/20/2010,1.77
7/21/2010,1.94
7/22/2010,2.25
7/23/2010,2.64
7/26/2010,2.91
7/27/2010,3.37
7/28/2010,3.25
7/29/2010,3.16
7/30/2010,2.77
8/2/2010,0.33
8/3/2010,0.24
8/4/2010,0.53
8/5/2010,0.44
8/6/2010,0.19
8/9/2010,0.37
8/10/2010,0.14
8/11/2010,-0.53
8/12/2010,-0.78
8/13/2010,-0.95
8/16/2010,-1.18
8/17/2010,-0.86
8/18/2010,-0.73
8/19/2010,-0.88
8/20/2010,-0.84
8/23/2010,-0.83
8/24/2010,-1.26
8/25/2010,-1.23
8/26/2010,-1.29
8/27/2010,-0.83
8/30/2010,-1.09
8/31/2010,-1.38
9/1/2010,0.53
9/2/2010,0.83
9/3/2010,1.19
9/7/2010,1.05
9/8/2010,1.37
9/9/2010,1.91
9/10/2010,2.23
9/13/2010,2.35
9/14/2010,2.27
9/15/2010,2.48
9/16/2010,2.76
9/17/2010,2.8
9/20/2010,2.88
9/21/2010,2.59
9/22/2010,2.46
9/23/2010,2.36
9/24/2010,2.59
9/27/2010,2.47
9/28/2010,2.39
9/29/2010,2.62
9/30/2010,2.78
10/1/2010,0.24
10/4/2010,0.27
10/5/2010,0.47
10/6/2010,0.59
10/7/2010,0.74
10/8/2010,0.76
10/12/2010,1.07
10/13/2010,1.33
10/14/2010,1.48
10/15/2010,1.62
10/18/2010,1.42
10/19/2010,1.35
10/20/2010,1.29
10/21/2010,1.55
10/22/2010,1.73
10/25/2010,1.95
10/26/2010,2.4
10/27/2010,2.65
10/28/2010,2.54
10/29/2010,2.39
11/1/2010,0.03
11/2/2010,0.02
11/3/2010,0.15
11/4/2010,0.19
11/5/2010,0.62
11/8/2010,0.85
11/9/2010,1.29
11/10/2010,0.87
11/12/2010,0.95
11/15/2010,1.21
11/16/2010,0.44
11/17/2010,0.41
11/18/2010,0.75
11/19/2010,0.63
11/22/2010,0.32
11/23/2010,-0.2
11/24/2010,0.17
11/26/2010,0.07
11/29/2010,-0.21
11/30/2010,-0.57
12/1/2010,0.8
12/2/2010,1.23
12/3/2010,1.27
12/6/2010,1.12
12/7/2010,2.14
12/8/2010,2.38
12/9/2010,2.46
12/10/2010,2.66
12/13/2010,2.56
12/14/2010,3.09
12/15/2010,3.16
12/16/2010,3.02
12/17/2010,2.62
12/20/2010,2.73
12/21/2010,2.84
12/22/2010,3.05
12/23/2010,3.28
12/27/2010,3.27
12/28/2010,3.74
12/29/2010,3.3
12/30/2010,3.52
12/31/2010,3.37
1/3/2011,0.44
1/4/2011,0.68
1/5/2011,1.27
1/6/2011,1.21
1/7/2011,0.87
1/10/2011,0.74
1/11/2011,0.95
1/12/2011,1.12
1/13/2011,1.05
1/14/2011,1.2
1/18/2011,1.44
1/19/2011,1.38
1/20/2011,1.77
1/21/2011,1.71
1/24/2011,1.83
1/25/2011,1.66
1/26/2011,2.07
1/27/2011,1.98
1/28/2011,1.85
1/31/2011,2
2/1/2011,0.35
2/2/2011,0.71
2/3/2011,1.01
2/4/2011,1.56
2/7/2011,1.74
2/8/2011,2.18
2/9/2011,1.93
2/10/2011,2.08
2/11/2011,1.95
2/14/2011,1.97
2/15/2011,1.96
2/16/2011,2.07
2/17/2011,2
2/18/2011,2.11
2/22/2011,1.66
2/23/2011,1.63
2/24/2011,1.4
2/25/2011,1.43
2/28/2011,1.44
3/1/2011,0.09
3/2/2011,0.27
3/3/2011,0.76
3/4/2011,0.4
3/7/2011,0.43
3/8/2011,0.56
3/9/2011,0.33
3/10/2011,-0.15
3/11/2011,-0.26
3/14/2011,-0.49
3/15/2011,-1.05
3/16/2011,-1.27
3/17/2011,-1.08
3/18/2011,-0.79
3/21/2011,-0.41
3/22/2011,-0.31
3/23/2011,-0.28
3/24/2011,-0.05
3/25/2011,0.17
3/28/2011,0.27
3/29/2011,0.41
3/30/2011,0.35
3/31/2011,0.39
4/1/2011,0.23
4/4/2011,0.26
4/5/2011,0.56
4/6/2011,0.89
4/7/2011,0.92
4/8/2011,1.05
4/11/2011,1.11
4/12/2011,0.74
4/13/2011,0.65
4/14/2011,0.75
4/15/2011,0.48
4/18/2011,0.27
4/19/2011,0.24
4/20/2011,0.55
4/21/2011,0.64
4/25/2011,0.56
4/26/2011,0.47
4/27/2011,0.61
4/28/2011,0.44
4/29/2011,0.51
5/2/2011,0.07
5/3/2011,0.01
5/4/2011,-0.02
5/5/2011,-0.21
5/6/2011,-0.2
5/9/2011,-0.2
5/10/2011,0.03
5/11/2011,-0.08
5/12/2011,-0.01
5/13/2011,-0.12
5/16/2011,-0.18
5/17/2011,-0.31
5/18/2011,-0.14
5/19/2011,-0.14
5/20/2011,-0.2
5/23/2011,-0.37
5/24/2011,-0.41
5/25/2011,-0.53
5/26/2011,-0.82
5/27/2011,-0.83
5/31/2011,-0.81
6/1/2011,-0.23
6/2/2011,-0.18
6/3/2011,-0.49
6/6/2011,-0.52
6/7/2011,-0.64
6/8/2011,-1.04
6/9/2011,-1.03
6/10/2011,-1.18
6/13/2011,-1.26
6/14/2011,-0.95
6/15/2011,-1.5
6/16/2011,-2.03
6/17/2011,-2
6/20/2011,-2.14
6/21/2011,-2.05
6/22/2011,-1.9
6/23/2011,-2.31
6/24/2011,-2.45
6/27/2011,-2.32
6/28/2011,-1.81
6/29/2011,-1.36
6/30/2011,-0.78
7/1/2011,0.31
7/5/2011,0.25
7/6/2011,0.15
7/7/2011,0.66
7/8/2011,0.16
7/11/2011,-0.46
7/12/2011,-0.64
7/13/2011,-0.56
7/14/2011,-0.33
7/15/2011,-0.41
7/18/2011,-0.48
7/19/2011,-0.49
7/20/2011,-0.23
7/21/2011,0.2
7/22/2011,0.24
7/25/2011,0.4
7/26/2011,0.29
7/27/2011,0.33
7/28/2011,0.16
7/29/2011,-0.46
8/1/2011,-0.17
8/2/2011,-0.86
8/3/2011,-1.2
8/4/2011,-2.32
8/5/2011,-2.59
8/8/2011,-5.05
8/9/2011,-6.38
8/10/2011,-6.8
8/11/2011,-7.06
8/12/2011,-6.6
8/15/2011,-5.85
8/16/2011,-5.85
8/17/2011,-5.71
8/18/2011,-6.37
8/19/2011,-6.67
8/22/2011,-6.72
8/23/2011,-7.22
8/24/2011,-7.08
8/25/2011,-7.09
8/26/2011,-7.3
8/29/2011,-6.79
8/30/2011,-6.84
8/31/2011,-6.02
9/1/2011,0.11
9/2/2011,-0.22
9/6/2011,-0.98
9/7/2011,-0.46
9/8/2011,-0.47
9/9/2011,-0.84
9/12/2011,-1.35
9/13/2011,-1.27
9/14/2011,-1.03
9/15/2011,-0.7
9/16/2011,-0.52
9/19/2011,-1.06
9/20/2011,-0.97
9/21/2011,-1.11
9/22/2011,-2.5
9/23/2011,-2.57
9/26/2011,-2.49
9/27/2011,-2.08
9/28/2011,-2.48
9/29/2011,-3.03
9/30/2011,-3.87
10/3/2011,-1.29
10/4/2011,-2.86
10/5/2011,-2.32
10/6/2011,-1.08
10/7/2011,-0.33
10/11/2011,0.66
10/12/2011,1.83
10/13/2011,1.88
10/14/2011,2.41
10/17/2011,2.53
10/18/2011,2.54
10/19/2011,3.29
10/20/2011,3.59
10/21/2011,4.31
10/24/2011,4.99
10/25/2011,5.12
10/26/2011,5.47
10/27/2011,7.03
10/28/2011,6.98
10/31/2011,6.3
11/1/2011,-1.29
11/2/2011,-1.03
11/3/2011,-0.65
11/4/2011,-0.65
11/7/2011,-0.76
11/8/2011,-0.58
11/9/2011,-1.53
11/10/2011,-1.43
11/14/2011,-1.43
11/15/2011,-1.63
11/16/2011,-1.78
11/17/2011,-2.12
11/18/2011,-2.15
11/21/2011,-2.79
11/22/2011,-3.23
11/23/2011,-3.76
11/25/2011,-3.57
11/28/2011,-3.32
11/29/2011,-3.25
11/30/2011,-2.59
12/1/2011,0.46
12/2/2011,0.68
12/5/2011,1.14
12/6/2011,1.38
12/7/2011,1.28
12/8/2011,1.16
12/9/2011,1.3
12/12/2011,1.06
12/13/2011,1.07
12/14/2011,0.84
12/15/2011,0.85
12/16/2011,0.78
12/19/2011,0.82
12/20/2011,1.28
12/21/2011,1.51
12/22/2011,1.66
12/23/2011,2.03
12/27/2011,2.11
12/28/2011,1.95
12/29/2011,2.01
12/30/2011,2.01
1/3/2012,0.7
1/4/2012,0.93
1/5/2012,0.94
1/6/2012,0.99
1/9/2012,1.06
1/10/2012,1.28
1/11/2012,1.13
1/12/2012,1.27
1/13/2012,0.93
1/17/2012,1.05
1/18/2012,1.27
1/19/2012,1.81
1/20/2012,2.06
1/23/2012,2.4
1/24/2012,2.48
1/25/2012,2.47
1/26/2012,2.78
1/27/2012,2.8
1/30/2012,2.55
1/31/2012,2.56
2/1/2012,0.29
2/2/2012,0.34
2/3/2012,0.89
2/6/2012,0.92
2/7/2012,1.22
2/8/2012,1.44
2/9/2012,1.64
2/10/2012,1.2
2/13/2012,1.49
2/14/2012,1.36
2/15/2012,1.34
2/16/2012,1.44
2/17/2012,1.69
2/21/2012,2
2/22/2012,1.99
2/23/2012,2.15
2/24/2012,2.47
2/27/2012,2.39
2/28/2012,2.54
2/29/2012,2.84
3/1/2012,0.21
3/2/2012,0.08
3/5/2012,-0.01
3/6/2012,-0.81
3/7/2012,-0.6
3/8/2012,-0.3
3/9/2012,-0.1
3/12/2012,-0.02
3/13/2012,0.34
3/14/2012,0.91
3/15/2012,0.74
3/16/2012,0.8
3/19/2012,1.09
3/20/2012,1
3/21/2012,0.84
3/22/2012,0.65
3/23/2012,0.5
3/26/2012,0.58
3/27/2012,0.48
3/28/2012,0.48
3/29/2012,0.25
3/30/2012,0.44
4/2/2012,-0.02
4/3/2012,0.35
4/4/2012,0.08
4/5/2012,-0.17
4/6/2012,-0.53
4/9/2012,-0.84
4/10/2012,-1.21
4/11/2012,-1.16
4/12/2012,-0.91
4/13/2012,-1.01
4/16/2012,-1.04
4/17/2012,-0.75
4/18/2012,-0.79
4/19/2012,-0.82
4/20/2012,-0.71
4/23/2012,-0.89
4/24/2012,-0.63
4/25/2012,-0.32
4/26/2012,-0.31
4/27/2012,-0.14
4/30/2012,-0.05
5/1/2012,0.38
5/2/2012,0.37
5/3/2012,0.5
5/4/2012,0.42
5/7/2012,0.4
5/8/2012,0.29
5/9/2012,0.16
5/10/2012,0.29
5/11/2012,0.17
5/14/2012,-0.18
5/15/2012,-0.32
5/16/2012,-0.64
5/17/2012,-1.42
5/18/2012,-1.75
5/21/2012,-1.99
5/22/2012,-1.59
5/23/2012,-2.02
5/24/2012,-1.88
5/25/2012,-1.87
5/29/2012,-1.66
5/30/2012,-2.09
5/31/2012,-2.26
6/1/2012,-0.79
6/4/2012,-0.76
6/5/2012,-0.92
6/6/2012,-0.23
6/7/2012,0.22
6/8/2012,0.27
6/11/2012,0.37
6/12/2012,0.44
6/13/2012,0.39
6/14/2012,0.49
6/15/2012,0.53
6/18/2012,0.71
6/19/2012,1.25
6/20/2012,1.66
6/21/2012,1.69
6/22/2012,1.8
6/25/2012,1.52
6/26/2012,1.63
6/27/2012,1.75
6/28/2012,1.72
6/29/2012,2.31
7/2/2012,-0.02
7/3/2012,0.27
7/5/2012,0.28
7/6/2012,0.2
7/9/2012,0.16
7/10/2012,0.26
7/11/2012,0.35
7/12/2012,0.22
7/13/2012,0.27
7/16/2012,0.21
7/17/2012,0.38
7/18/2012,0.45
7/19/2012,0.75
7/20/2012,0.62
7/23/2012,0.36
7/24/2012,0.29
7/25/2012,0.25
7/26/2012,0.47
7/27/2012,1.01
7/30/2012,1.1
7/31/2012,1.25
8/1/2012,0.31
8/2/2012,0.17
8/3/2012,0.6
8/6/2012,0.71
8/7/2012,1.06
8/8/2012,1.14
8/9/2012,1.13
8/10/2012,0.94
8/13/2012,1
8/14/2012,1.15
8/15/2012,1.24
8/16/2012,1.29
8/17/2012,1.3
8/20/2012,1.39
8/21/2012,1.52
8/22/2012,1.32
8/23/2012,1.26
8/24/2012,1.33
8/27/2012,1.34
8/28/2012,1.33
8/29/2012,1.42
8/30/2012,1.3
8/31/2012,1.15
9/4/2012,0.19
9/5/2012,0.3
9/6/2012,0.74
9/7/2012,1.01
9/10/2012,1.24
9/11/2012,1.42
9/12/2012,1.92
9/13/2012,1.97
9/14/2012,2.66
9/17/2012,2.69
9/18/2012,2.66
9/19/2012,2.62
9/20/2012,2.5
9/21/2012,2.39
9/24/2012,2.16
9/25/2012,1.93
9/26/2012,1.21
9/27/2012,1.44
9/28/2012,1.47
10/1/2012,0.1
10/2/2012,0.11
10/3/2012,0.16
10/4/2012,0.41
10/5/2012,0.73
10/9/2012,0.7
10/10/2012,0.56
10/11/2012,0.74
10/12/2012,0.75
10/15/2012,0.92
10/16/2012,1.24
10/17/2012,1.75
10/18/2012,1.88
10/19/2012,1.69
10/22/2012,1.81
10/23/2012,1.43
10/24/2012,1.47
10/25/2012,1.68
10/26/2012,1.31
10/29/2012,1.18
10/31/2012,1.05
11/1/2012,0.2
11/2/2012,0.32
11/5/2012,0.24
11/6/2012,0.54
11/7/2012,0.1
11/8/2012,-0.07
11/9/2012,-0.38
11/13/2012,-0.58
11/14/2012,-0.68
11/15/2012,-1.09
11/16/2012,-1.21
11/19/2012,-0.79
11/20/2012,-0.49
11/21/2012,-0.29
11/23/2012,-0.17
11/26/2012,-0.08
11/27/2012,0.03
11/28/2012,-0.01
11/29/2012,0.25
11/30/2012,0.36
12/3/2012,0.23
12/4/2012,0.3
12/5/2012,0.56
12/6/2012,0.67
12/7/2012,0.94
12/10/2012,1.02
12/11/2012,1.28
12/12/2012,1.53
12/13/2012,1.67
12/14/2012,1.6
12/17/2012,1.8
12/18/2012,2.07
12/19/2012,2.05
12/20/2012,2.08
12/21/2012,1.85
12/24/2012,1.95
12/26/2012,1.96
12/27/2012,1.81
12/28/2012,1.78
12/31/2012,1.84
1/2/2013,0.65
1/3/2013,1.04
1/4/2013,1.17
1/7/2013,1.29
1/8/2013,1.27
1/9/2013,1.34
1/10/2013,1.57
1/11/2013,1.58
1/14/2013,1.59
1/15/2013,1.43
1/16/2013,1.44
1/17/2013,1.74
1/18/2013,1.74
1/22/2013,1.79
1/23/2013,1.93
1/24/2013,2.05
1/25/2013,2.45
1/28/2013,2.55
1/29/2013,2.38
1/30/2013,2.21
1/31/2013,1.88
2/1/2013,0.1
2/4/2013,-0.18
2/5/2013,-0.14
2/6/2013,-0.3
2/7/2013,-0.45
2/8/2013,-0.47
2/11/2013,-0.42
2/12/2013,-0.28
2/13/2013,0
2/14/2013,-0.1
2/15/2013,-0.02
2/19/2013,0.14
2/20/2013,0.17
2/21/2013,-0.07
2/22/2013,-0.02
2/25/2013,-0.08
2/26/2013,-0.21
2/27/2013,-0.07
2/28/2013,0.03
3/1/2013,-0.06
3/4/2013,0.06
3/5/2013,0.26
3/6/2013,0.48
3/7/2013,0.72
3/8/2013,0.92
3/11/2013,0.99
3/12/2013,0.97
3/13/2013,1.01
3/14/2013,1.11
3/15/2013,1.06
3/18/2013,0.93
3/19/2013,0.83
3/20/2013,0.93
3/21/2013,0.94
3/22/2013,0.9
3/25/2013,0.96
3/26/2013,0.93
3/27/2013,0.77
3/28/2013,0.88
3/29/2013,0.88
4/1/2013,-0.01
4/2/2013,0.12
4/3/2013,0
4/4/2013,-0.14
4/5/2013,-0.36
4/8/2013,-0.18
4/9/2013,-0.05
4/10/2013,0.29
4/11/2013,0.46
4/12/2013,0.36
4/15/2013,0.21
4/16/2013,0.27
4/17/2013,0.16
4/18/2013,0.15
4/19/2013,0.23
4/22/2013,0.32
4/23/2013,0.5
4/24/2013,0.64
4/25/2013,0.84
4/26/2013,0.81
4/29/2013,1.05
4/30/2013,1.24
5/1/2013,0.13
5/2/2013,0.26
5/3/2013,0.78
5/6/2013,0.94
5/7/2013,1.15
5/8/2013,1.16
5/9/2013,1.22
5/10/2013,1.32
5/13/2013,1.13
5/14/2013,1.11
5/15/2013,1.04
5/16/2013,0.83
5/17/2013,1.06
5/20/2013,1.18
5/21/2013,1.16
5/22/2013,1.38
5/23/2013,1.01
5/24/2013,0.92
5/28/2013,1.25
5/29/2013,0.71
5/30/2013,0.69
5/31/2013,0.6
6/3/2013,-0.45
6/4/2013,-0.54
6/5/2013,-1.33
6/6/2013,-1.51
6/7/2013,-0.71
6/10/2013,-0.63
6/11/2013,-1.36
6/12/2013,-1.14
6/13/2013,-1.49
6/14/2013,-1.39
6/17/2013,-1.06
6/18/2013,-1.03
6/19/2013,-0.54
6/20/2013,-1.51
6/21/2013,-1.4
6/24/2013,-2.32
6/25/2013,-2.34
6/26/2013,-2.14
6/27/2013,-1.89
6/28/2013,-1.65
7/1/2013,0.15
7/2/2013,0.19
7/3/2013,0.25
7/5/2013,0.75
7/8/2013,0.38
7/9/2013,0.61
7/10/2013,0.88
7/11/2013,1.07
7/12/2013,1.47
7/15/2013,1.53
7/16/2013,1.72
7/17/2013,1.81
7/18/2013,2.29
7/19/2013,2.3
7/22/2013,2.44
7/23/2013,2.57
7/24/2013,2.47
7/25/2013,2.12
7/26/2013,1.85
7/29/2013,1.94
7/30/2013,2.03
7/31/2013,1.87
8/1/2013,0.4
8/2/2013,-0.16
8/5/2013,-0.06
8/6/2013,-0.15
8/7/2013,-0.38
8/8/2013,-0.36
8/9/2013,-0.34
8/12/2013,-0.26
8/13/2013,0.06
8/14/2013,0.03
8/15/2013,-0.07
8/16/2013,0.12
8/19/2013,0.12
8/20/2013,-0.25
8/21/2013,-0.14
8/22/2013,-0.01
8/23/2013,-0.13
8/26/2013,-0.11
8/27/2013,-0.38
8/28/2013,-0.2
8/29/2013,-0.21
8/30/2013,-0.11
9/3/2013,0.43
9/4/2013,0.6
9/5/2013,0.77
9/6/2013,0.62
9/9/2013,0.52
9/10/2013,0.74
9/11/2013,0.64
9/12/2013,0.76
9/13/2013,0.8
9/16/2013,0.94
9/17/2013,0.86
9/18/2013,0.44
9/19/2013,1.08
9/20/2013,1.06
9/23/2013,0.91
9/24/2013,0.7
9/25/2013,0.51
9/26/2013,0.57
9/27/2013,0.36
9/30/2013,0.18
10/1/2013,0.19
10/2/2013,0.17
10/3/2013,0.25
10/4/2013,0.52
10/7/2013,0.57
10/8/2013,0.66
10/9/2013,0.66
10/10/2013,0.88
10/11/2013,0.91
10/15/2013,1.15
10/16/2013,1.13
10/17/2013,1.17
10/18/2013,1.48
10/21/2013,1.73
10/22/2013,1.58
10/23/2013,1.57
10/24/2013,1.79
10/25/2013,1.74
10/28/2013,1.85
10/29/2013,1.85
10/30/2013,2.02
10/31/2013,2.07
11/1/2013,0.22
11/4/2013,0.15
11/5/2013,0.21
11/6/2013,0.1
11/7/2013,0.11
11/8/2013,0.18
11/12/2013,0.21
11/13/2013,-0.04
11/14/2013,-0.06
11/15/2013,0.07
11/18/2013,0.14
11/19/2013,0.31
11/20/2013,0.47
11/21/2013,0.36
11/22/2013,0.41
11/25/2013,0.53
11/26/2013,0.47
11/27/2013,0.65
11/29/2013,0.71
12/2/2013,0.21
12/3/2013,0.12
12/4/2013,0.25
12/5/2013,0.33
12/6/2013,0.45
12/9/2013,0.51
12/10/2013,0.4
12/11/2013,0.57
12/12/2013,0.62
12/13/2013,0.57
12/16/2013,0.64
12/17/2013,0.49
12/18/2013,0.58
12/19/2013,0.85
12/20/2013,0.88
12/23/2013,1.07
12/24/2013,1.25
12/26/2013,1.28
12/27/2013,1.31
12/30/2013,1.27
12/31/2013,1.41
1/2/2014,0.02
1/3/2014,0.12
1/6/2014,0.15
1/7/2014,0.24
1/8/2014,0.53
1/9/2014,0.47
1/10/2014,0.18
1/13/2014,0.14
1/14/2014,0.35
1/15/2014,0.53
1/16/2014,0.49
1/17/2014,0.5
1/21/2014,0.59
1/22/2014,0.77
1/23/2014,0.35
1/24/2014,-0.09
1/27/2014,-0.08
1/28/2014,-0.14
1/29/2014,-0.4
1/30/2014,-0.26
1/31/2014,-0.4
2/3/2014,-0.3
2/4/2014,-0.3
2/5/2014,-0.15
2/6/2014,0.11
2/7/2014,0.14
2/10/2014,0.3
2/11/2014,0.62
2/12/2014,0.89
2/13/2014,0.7
2/14/2014,0.82
2/18/2014,0.88
2/19/2014,1.12
2/20/2014,1.27
2/21/2014,1.33
2/24/2014,1.54
2/25/2014,1.54
2/26/2014,1.55
2/27/2014,1.57
2/28/2014,1.78
3/3/2014,-0.21
3/4/2014,0.11
3/5/2014,0.13
3/6/2014,0.2
3/7/2014,0.22
3/10/2014,0.15
3/11/2014,0.12
3/12/2014,-0.06
3/13/2014,-0.26
3/14/2014,-0.39
3/17/2014,-0.15
3/18/2014,-0.08
3/19/2014,0.42
3/20/2014,0.3
3/21/2014,0.37
3/24/2014,0.45
3/25/2014,0.45
3/26/2014,0.4
3/27/2014,0.34
3/28/2014,0.5
3/31/2014,0.59
4/1/2014,0.14
4/2/2014,0.34
4/3/2014,0.34
4/4/2014,0.19
4/7/2014,0.07
4/8/2014,0.03
4/9/2014,0
4/10/2014,-0.12
4/11/2014,-0.29
4/14/2014,-0.13
4/15/2014,-0.11
4/16/2014,-0.03
4/17/2014,0.22
4/21/2014,0.25
4/22/2014,0.32
4/23/2014,0.22
4/24/2014,0.27
4/25/2014,0.21
4/28/2014,0.24
4/29/2014,0.33
4/30/2014,0.22
5/1/2014,-0.08
5/2/2014,-0.01
5/5/2014,0.05
5/6/2014,0.08
5/7/2014,0.05
5/8/2014,0.04
5/9/2014,0.12
5/12/2014,0.31
5/13/2014,0.26
5/14/2014,0.1
5/15/2014,-0.06
5/16/2014,-0.01
5/19/2014,0.06
5/20/2014,-0.01
5/21/2014,0.04
5/22/2014,0.1
5/23/2014,0.02
5/27/2014,0.09
5/28/2014,-0.09
5/29/2014,0.01
5/30/2014,0.15
6/2/2014,0.3
6/3/2014,0.44
6/4/2014,0.47
6/5/2014,0.47
6/6/2014,0.7
6/9/2014,0.88
6/10/2014,1.03
6/11/2014,1.02
6/12/2014,0.88
6/13/2014,1
6/16/2014,1.07
6/17/2014,1.29
6/18/2014,1.18
6/19/2014,1.27
6/20/2014,1.38
6/23/2014,1.44
6/24/2014,1.35
6/25/2014,1.17
6/26/2014,1.03
6/27/2014,1.03
6/30/2014,0.98
7/1/2014,0.17
7/2/2014,0.38
7/3/2014,0.48
7/7/2014,0.47
7/8/2014,0.3
7/9/2014,0.19
7/10/2014,-0.11
7/11/2014,-0.12
7/14/2014,0.04
7/15/2014,-0.04
7/16/2014,-0.13
7/17/2014,-0.51
7/18/2014,-0.62
7/21/2014,-0.66
7/22/2014,-0.62
7/23/2014,-0.54
7/24/2014,-0.33
7/25/2014,-0.47
7/28/2014,-0.41
7/29/2014,-0.6
7/30/2014,-0.49
7/31/2014,-1.11
8/1/2014,-0.82
8/4/2014,-0.77
8/5/2014,-0.51
8/6/2014,-0.64
8/7/2014,-0.62
8/8/2014,-0.63
8/11/2014,-0.31
8/12/2014,-0.1
8/13/2014,0.04
8/14/2014,0.17
8/15/2014,0.14
8/18/2014,0.42
8/19/2014,0.6
8/20/2014,0.8
8/21/2014,0.79
8/22/2014,0.86
8/25/2014,0.9
8/26/2014,0.9
8/27/2014,0.82
8/28/2014,0.74
8/29/2014,0.76
9/2/2014,0.21
9/3/2014,0.12
9/4/2014,0.08
9/5/2014,-0.17
9/8/2014,-0.1
9/9/2014,-0.12
9/10/2014,-0.34
9/11/2014,-0.5
9/12/2014,-0.34
9/15/2014,-0.48
9/16/2014,-0.63
9/17/2014,-0.44
9/18/2014,-0.16
9/19/2014,-0.18
9/22/2014,-0.36
9/23/2014,-0.73
9/24/2014,-0.87
9/25/2014,-1.45
9/26/2014,-1.72
9/29/2014,-2.11
9/30/2014,-1.68
10/1/2014,-0.24
10/2/2014,-0.11
10/3/2014,0.34
10/6/2014,0.48
10/7/2014,0.07
10/8/2014,-0.38
10/9/2014,-0.59
10/10/2014,-1.12
10/14/2014,-1.84
10/15/2014,-2.89
10/16/2014,-2.49
10/17/2014,-1.24
10/20/2014,-1.22
10/21/2014,-0.54
10/22/2014,-0.32
10/23/2014,-0.06
10/24/2014,-0.06
10/27/2014,-0.16
10/28/2014,-0.05
10/29/2014,0.23
10/30/2014,0.11
10/31/2014,0.35
11/3/2014,0.07
11/4/2014,-0.19
11/5/2014,-0.09
11/6/2014,-0.02
11/7/2014,-0.26
11/10/2014,-0.06
11/12/2014,-0.09
11/13/2014,-0.25
11/14/2014,-0.55
11/17/2014,-0.64
11/18/2014,-0.92
11/19/2014,-1.06
11/20/2014,-1.23
11/21/2014,-0.96
11/24/2014,-0.9
11/25/2014,-0.97
11/26/2014,-1.01
11/28/2014,-1.36
12/1/2014,-0.61
12/2/2014,-0.59
12/3/2014,-0.53
12/4/2014,-0.62
12/5/2014,-0.41
12/8/2014,-0.8
12/9/2014,-1.55
12/10/2014,-2.16
12/11/2014,-2.31
12/12/2014,-3.2
12/15/2014,-3.54
12/16/2014,-4.3
12/17/2014,-3.37
12/18/2014,-2.02
12/19/2014,-1.76
12/22/2014,-1.52
12/23/2014,-1.09
12/24/2014,-1.04
12/26/2014,-1.03
12/29/2014,-1.12
12/30/2014,-1.2
12/31/2014,-1.29
1/2/2015,-0.14
1/5/2015,-0.68
1/6/2015,-1.31
1/7/2015,-1.08
1/8/2015,-0.52
1/9/2015,-0.59
1/12/2015,-0.87
1/13/2015,-0.99
1/14/2015,-1.49
1/15/2015,-1.67
1/16/2015,-1.54
1/20/2015,-1.47
1/21/2015,-1.3
1/22/2015,-0.96
1/23/2015,-1.07
1/26/2015,-0.9
1/27/2015,-0.95
1/28/2015,-1.1
1/29/2015,-0.97
1/30/2015,-1.27
2/2/2015,0.02
2/3/2015,0.69
2/4/2015,0.85
2/5/2015,1.13
2/6/2015,1.97
2/9/2015,2.02
2/10/2015,2.17
2/11/2015,2.17
2/12/2015,2.23
2/13/2015,2.41
2/17/2015,2.94
2/18/2015,2.75
2/19/2015,2.93
2/20/2015,3.12
2/23/2015,2.98
2/24/2015,2.87
2/25/2015,3.01
2/26/2015,3.41
2/27/2015,3.44
3/2/2015,0.31
3/3/2015,0.33
3/4/2015,0.12
3/5/2015,0.05
3/6/2015,0.27
3/9/2015,-0.01
3/10/2015,-0.57
3/11/2015,-0.48
3/12/2015,-0.51
3/13/2015,-0.77
3/16/2015,-0.95
3/17/2015,-1.26
3/18/2015,-1.75
3/19/2015,-1.29
3/20/2015,-1.38
3/23/2015,-1.36
3/24/2015,-1.37
3/25/2015,-1.14
3/26/2015,-0.99
3/27/2015,-1.14
3/30/2015,-0.99
3/31/2015,-1.1
4/1/2015,-0.19
4/2/2015,-0.02
4/3/2015,-0.33
4/6/2015,0.08
4/7/2015,0.38
4/8/2015,0.58
4/9/2015,0.8
4/10/2015,0.91
4/13/2015,0.92
4/14/2015,0.77
4/15/2015,0.91
4/16/2015,0.85
4/17/2015,0.71
4/20/2015,0.96
4/21/2015,1.07
4/22/2015,1.25
4/23/2015,1.14
4/24/2015,1.11
4/27/2015,1.2
4/28/2015,1.32
4/29/2015,1.34
4/30/2015,1.39
5/1/2015,0.28
5/4/2015,0.39
5/5/2015,0.53
5/6/2015,0.52
5/7/2015,0.31
5/8/2015,0.36
5/11/2015,0.74
5/12/2015,0.36
5/13/2015,0.53
5/14/2015,0.41
5/15/2015,0.28
5/18/2015,0.53
5/19/2015,0.64
5/20/2015,0.48
5/21/2015,0.41
5/22/2015,0.63
5/26/2015,0.41
5/27/2015,0.46
5/28/2015,0.38
5/29/2015,0.3
6/1/2015,0.3
6/2/2015,0.44
6/3/2015,0.59
6/4/2015,0.21
6/5/2015,0.27
6/8/2015,0.08
6/9/2015,-0.05
6/10/2015,0.19
6/11/2015,0.08
6/12/2015,0.01
6/15/2015,-0.34
6/16/2015,-0.57
6/17/2015,-0.54
6/18/2015,-0.34
6/19/2015,-0.46
6/22/2015,-0.02
6/23/2015,0.08
6/24/2015,-0.11
6/25/2015,-0.13
6/26/2015,-0.07
6/29/2015,-1.02
6/30/2015,-0.97
7/1/2015,0.53
7/2/2015,0.38
7/6/2015,-0.29
7/7/2015,-0.63
7/8/2015,-0.89
7/9/2015,-0.47
7/10/2015,0.08
7/13/2015,0.29
7/14/2015,0.18
7/15/2015,0.11
7/16/2015,0.17
7/17/2015,-0.04
7/20/2015,-0.06
7/21/2015,-0.48
7/22/2015,-0.92
7/23/2015,-1.13
7/24/2015,-1.3
7/27/2015,-1.87
7/28/2015,-1.66
7/29/2015,-1.18
7/30/2015,-0.9
7/31/2015,-1.15
8/3/2015,-0.27
8/4/2015,-0.04
8/5/2015,0.14
8/6/2015,-0.3
8/7/2015,-0.78
8/10/2015,-0.65
8/11/2015,-1.42
8/12/2015,-1.82
8/13/2015,-1.36
8/14/2015,-1.31
8/17/2015,-1.48
8/18/2015,-1.43
8/19/2015,-1.92
8/20/2015,-2.21
8/21/2015,-2.66
8/24/2015,-3.71
8/25/2015,-2.71
8/26/2015,-2.73
8/27/2015,-2.27
8/28/2015,-1.96
8/31/2015,-1.78
9/1/2015,-0.24
9/2/2015,-0.1
9/3/2015,0.01
9/4/2015,-0.15
9/8/2015,0.34
9/9/2015,0.52
9/10/2015,0.57
9/11/2015,0.4
9/14/2015,0.36
9/15/2015,0.68
9/16/2015,0.47
9/17/2015,0.01
9/18/2015,-0.41
9/21/2015,-0.23
9/22/2015,-1.12
9/23/2015,-1.12
9/24/2015,-1.77
9/25/2015,-1.8
9/28/2015,-3.09
9/29/2015,-3.61
9/30/2015,-3.45
10/1/2015,-0.23
10/2/2015,-0.88
10/5/2015,0.07
10/6/2015,0.49
10/7/2015,1.37
10/8/2015,1.67
10/9/2015,2.25
10/13/2015,1.92
10/14/2015,1.51
10/15/2015,1.7
10/16/2015,2.01
10/19/2015,2.13
10/20/2015,2.55
10/21/2015,2.47
10/22/2015,2.33
10/23/2015,2.88
10/26/2015,2.78
10/27/2015,2.47
10/28/2015,2.9
10/29/2015,3.16
10/30/2015,3.12
11/2/2015,0.31
11/3/2015,0.59
11/4/2015,0.7
11/5/2015,0.48
11/6/2015,0.43
11/9/2015,0.06
11/10/2015,-0.29
11/12/2015,-0.73
11/13/2015,-1.22
11/16/2015,-1.48
11/17/2015,-1.15
11/18/2015,-1.2
11/19/2015,-1.59
11/20/2015,-1.76
11/23/2015,-1.88
11/24/2015,-2.1
11/25/2015,-2.02
11/27/2015,-2.05
11/30/2015,-1.89
12/1/2015,-0.01
12/2/2015,0.23
12/3/2015,0.35
12/4/2015,-0.03
12/7/2015,-0.61
12/8/2015,-1.21
12/9/2015,-1.46
12/10/2015,-1.47
12/11/2015,-2.92
12/14/2015,-3.92
12/15/2015,-2.98
12/16/2015,-2.54
12/17/2015,-2.71
12/18/2015,-3.55
12/21/2015,-3.62
12/22/2015,-3.28
12/23/2015,-2.84
12/24/2015,-2.8
12/28/2015,-2.78
12/29/2015,-2.28
12/30/2015,-2.26
12/31/2015,-2.34
1/4/2016,-0.47
1/5/2016,-0.15
1/6/2016,-0.45
1/7/2016,-0.98
1/8/2016,-0.99
1/11/2016,-1.25
1/12/2016,-1.64
1/13/2016,-2.18
1/14/2016,-2.67
1/15/2016,-4.05
1/19/2016,-3.96
1/20/2016,-5.59
1/21/2016,-5.02
1/22/2016,-3.91
1/25/2016,-3.78
1/26/2016,-3.78
1/27/2016,-3.63
1/28/2016,-3.47
1/29/2016,-3.39
2/1/2016,-0.01
2/2/2016,-0.92
2/3/2016,-1.14
2/4/2016,-1.13
2/5/2016,-1.47
2/8/2016,-3.1
2/9/2016,-3.55
2/10/2016,-3.3
2/11/2016,-4.63
2/12/2016,-3.69
2/16/2016,-3.06
2/17/2016,-2.11
2/18/2016,-1.93
2/19/2016,-2.15
2/22/2016,-1.59
2/23/2016,-1.67
2/24/2016,-1.95
2/25/2016,-1.59
2/26/2016,-0.51
2/29/2016,-0.02
3/1/2016,1.26
3/2/2016,1.95
3/3/2016,2.2
3/4/2016,3.12
3/7/2016,3.53
3/8/2016,3.2
3/9/2016,3.17
3/10/2016,3.68
3/11/2016,4.64
3/14/2016,4.86
3/15/2016,4.53
3/16/2016,4.15
3/17/2016,4.69
3/18/2016,5.16
3/21/2016,5.5
3/22/2016,5.45
3/23/2016,5.06
3/24/2016,4.49
3/28/2016,4.32
3/29/2016,3.71
3/30/2016,4.19
3/31/2016,4.26
4/1/2016,0.07
4/4/2016,0.17
4/5/2016,-0.28
4/6/2016,0.12
4/7/2016,-0.19
4/8/2016,0.17
4/11/2016,0.37
4/12/2016,0.95
4/13/2016,1.62
4/14/2016,1.96
4/15/2016,1.85
4/18/2016,1.9
4/19/2016,2.61
4/20/2016,3.32
4/21/2016,3.45
4/22/2016,3.48
4/25/2016,3.43
4/26/2016,3.68
4/27/2016,3.74
4/28/2016,4.07
4/29/2016,3.94
5/2/2016,0.17
5/3/2016,-0.44
5/4/2016,-0.74
5/5/2016,-0.91
5/6/2016,-1.15
5/9/2016,-1.28
5/10/2016,-1.05
5/11/2016,-0.82
5/12/2016,-0.64
5/13/2016,-0.86
5/16/2016,-0.47
5/17/2016,-0.27
5/18/2016,0.18
5/19/2016,-0.37
5/20/2016,-0.09
5/23/2016,0.01
5/24/2016,0.32
5/25/2016,0.64
5/26/2016,0.54
5/27/2016,0.61
5/31/2016,0.72
6/1/2016,-0.13
6/2/2016,-0.14
6/3/2016,-0.51
6/6/2016,-0.08
6/7/2016,0.23
6/8/2016,0.62
6/9/2016,0.51
6/10/2016,0.19
6/13/2016,-0.07
6/14/2016,-0.58
6/15/2016,-0.7
6/16/2016,-1.15
6/17/2016,-0.78
6/20/2016,-0.02
6/21/2016,0.14
6/22/2016,0.25
6/23/2016,0.72
6/24/2016,-0.47
6/27/2016,-1.62
6/28/2016,-1.56
6/29/2016,-0.95
6/30/2016,-0.63
7/1/2016,0.33
7/5/2016,0.18
7/6/2016,0.36
7/7/2016,0.62
7/8/2016,1.04
7/11/2016,1.89
7/12/2016,2.74
7/13/2016,2.58
7/14/2016,2.93
7/15/2016,3.21
7/18/2016,3.17
7/19/2016,3.12
7/20/2016,3.29
7/21/2016,3.28
7/22/2016,3.39
7/25/2016,3.46
7/26/2016,3.29
7/27/2016,3.05
7/28/2016,2.94
7/29/2016,2.6
8/1/2016,0.1
8/2/2016,-0.03
8/3/2016,-0.02
8/4/2016,0.1
8/5/2016,0.74
8/8/2016,1
8/9/2016,1.23
8/10/2016,1.23
8/11/2016,1.58
8/12/2016,1.46
8/15/2016,1.74
8/16/2016,2
8/17/2016,2.02
8/18/2016,1.99
8/19/2016,2.2
8/22/2016,2.14
8/23/2016,2.26
8/24/2016,2.32
8/25/2016,2.41
8/26/2016,2.7
8/29/2016,2.53
8/30/2016,2.61
8/31/2016,2.53
9/1/2016,-0.05
9/2/2016,0.08
9/6/2016,0.03
9/7/2016,0.13
9/8/2016,0.46
9/9/2016,0.26
9/12/2016,0.04
9/13/2016,-0.16
9/14/2016,-0.37
9/15/2016,-0.36
9/16/2016,-0.35
9/19/2016,-0.26
9/20/2016,-0.24
9/21/2016,-0.19
9/22/2016,0.21
9/23/2016,0.21
9/26/2016,0.04
9/27/2016,-0.1
9/28/2016,0.1
9/29/2016,0.24
9/30/2016,0.54
10/3/2016,0.23
10/4/2016,0.53
10/5/2016,0.73
10/6/2016,0.88
10/7/2016,0.9
10/11/2016,1.03
10/12/2016,1.09
10/13/2016,0.81
10/14/2016,1.08
10/17/2016,1.03
10/18/2016,1.11
10/19/2016,1.34
10/20/2016,1.46
10/21/2016,1.47
10/24/2016,1.63
10/25/2016,1.64
10/26/2016,1.53
10/27/2016,1.48
10/28/2016,1.24
10/31/2016,0.92
11/1/2016,-0.58
11/2/2016,-0.9
11/3/2016,-0.89
11/4/2016,-1.08
11/7/2016,-0.48
11/8/2016,-0.31
11/9/2016,0.09
11/10/2016,-0.06
11/14/2016,-0.58
11/15/2016,0.02
11/16/2016,0.05
11/17/2016,0.34
11/18/2016,0.42
11/21/2016,0.6
11/22/2016,0.85
11/23/2016,1.03
11/25/2016,1.07
11/28/2016,1.07
11/29/2016,0.94
11/30/2016,1.28
12/1/2016,0.23
12/2/2016,0.11
12/5/2016,0.32
12/6/2016,0.63
12/7/2016,0.85
12/8/2016,1.08
12/9/2016,1.51
12/12/2016,1.66
12/13/2016,1.86
12/14/2016,2.11
12/15/2016,1.99
12/16/2016,1.98
12/19/2016,1.89
12/20/2016,1.98
12/21/2016,1.97
12/22/2016,2.04
12/23/2016,2.09
12/27/2016,2.28
12/28/2016,2.14
12/29/2016,2.02
12/30/2016,1.88
1/3/2017,0.34
1/4/2017,0.73
1/5/2017,0.6
1/6/2017,0.91
1/9/2017,0.81
1/10/2017,0.91
1/11/2017,0.86
1/12/2017,0.8
1/13/2017,0.93
1/17/2017,0.78
1/18/2017,0.97
1/19/2017,1.12
1/20/2017,1.05
1/23/2017,0.76
1/24/2017,1.09
1/25/2017,1.46
1/26/2017,1.45
1/27/2017,1.44
1/30/2017,1.39
1/31/2017,1.24
2/1/2017,0.16
2/2/2017,0.23
2/3/2017,0.48
2/6/2017,0.27
2/7/2017,0.29
2/8/2017,0.07
2/9/2017,0.27
2/10/2017,0.39
2/13/2017,0.58
2/14/2017,0.77
2/15/2017,0.95
2/16/2017,0.73
2/17/2017,0.62
2/21/2017,0.83
2/22/2017,0.91
2/23/2017,0.93
2/24/2017,0.72
2/27/2017,1.01
2/28/2017,1.12
3/1/2017,0.64
3/2/2017,0.75
3/3/2017,0.62
3/6/2017,0.44
3/7/2017,0.22
3/8/2017,-0.01
3/9/2017,-0.3
3/10/2017,-0.35
3/13/2017,-0.45
3/14/2017,-0.86
3/15/2017,-0.92
3/16/2017,-0.42
3/17/2017,-0.46
3/20/2017,-0.61
3/21/2017,-0.9
3/22/2017,-1.3
3/23/2017,-1.16
3/24/2017,-1.06
3/27/2017,-1.17
3/28/2017,-0.83
3/29/2017,-0.61
3/30/2017,-0.24
3/31/2017,-0.25
4/3/2017,-0.13
4/4/2017,-0.12
4/5/2017,0.05
4/6/2017,0.03
4/7/2017,0.25
4/10/2017,0.28
4/11/2017,0.03
4/12/2017,-0.04
4/13/2017,-0.28
4/17/2017,-0.22
4/18/2017,-0.54
4/19/2017,-0.38
4/20/2017,-0.2
4/21/2017,-0.19
4/24/2017,0.16
4/25/2017,0.49
4/26/2017,0.56
4/27/2017,0.52
4/28/2017,0.62
5/1/2017,0.16
5/2/2017,0.14
5/3/2017,0.24
5/4/2017,0.17
5/5/2017,0.12
5/8/2017,0.21
5/9/2017,0.39
5/10/2017,0.48
5/11/2017,0.5
5/12/2017,0.29
5/15/2017,0.44
5/16/2017,0.48
5/17/2017,0.01
5/18/2017,0.02
5/19/2017,0.25
5/22/2017,0.4
5/23/2017,0.57
5/24/2017,0.53
5/25/2017,0.57
5/26/2017,0.56
5/30/2017,0.53
5/31/2017,0.48
6/1/2017,0.16
6/2/2017,0.1
6/5/2017,0.21
6/6/2017,0.1
6/7/2017,0.12
6/8/2017,0.08
6/9/2017,0.14
6/12/2017,0.25
6/13/2017,0.35
6/14/2017,0.18
6/15/2017,0.18
6/16/2017,0.1
6/19/2017,0.28
6/20/2017,-0.03
6/21/2017,-0.26
6/22/2017,-0.33
6/23/2017,-0.31
6/26/2017,-0.21
6/27/2017,0.05
6/28/2017,0.09
6/29/2017,0.21
6/30/2017,0.35
7/3/2017,0.2
7/5/2017,0.17
7/6/2017,0.14
7/7/2017,0
7/10/2017,-0.07
7/11/2017,-0.07
7/12/2017,-0.01
7/13/2017,0.12
7/14/2017,0.21
7/17/2017,0.37
7/18/2017,0.35
7/19/2017,0.5
7/20/2017,0.6
7/21/2017,0.51
7/24/2017,0.63
7/25/2017,0.9
7/26/2017,0.8
7/27/2017,0.87
7/28/2017,0.83
7/31/2017,0.83
8/1/2017,-0.05
8/2/2017,0.01
8/3/2017,-0.15
8/4/2017,-0.04
8/7/2017,-0.07
8/8/2017,-0.07
8/9/2017,-0.54
8/10/2017,-0.89
8/11/2017,-1.1
8/14/2017,-0.85
8/15/2017,-0.7
8/16/2017,-0.77
8/17/2017,-0.95
8/18/2017,-1.07
8/21/2017,-1.09
8/22/2017,-0.93
8/23/2017,-1.03
8/24/2017,-0.87
8/25/2017,-0.83
8/28/2017,-0.8
8/29/2017,-0.87
8/30/2017,-0.75
8/31/2017,-0.67
9/1/2017,0.17
9/5/2017,-0.08
9/6/2017,0.13
9/7/2017,-0.01
9/8/2017,-0.07
9/11/2017,0.2
9/12/2017,0.37
9/13/2017,0.48
9/14/2017,0.57
9/15/2017,0.62
9/18/2017,0.77
9/19/2017,0.87
9/20/2017,1.08
9/21/2017,1.06
9/22/2017,1
9/25/2017,0.95
9/26/2017,1.06
9/27/2017,1.25
9/28/2017,1.28
9/29/2017,1.43
10/2/2017,0.06
10/3/2017,0.05
10/4/2017,0.1
10/5/2017,0.23
10/6/2017,0.28
10/10/2017,0.25
10/11/2017,0.29
10/12/2017,0.19
10/13/2017,0.05
10/16/2017,0.24
10/17/2017,0.3
10/18/2017,0.48
10/19/2017,0.44
10/20/2017,0.67
10/23/2017,0.71
10/24/2017,0.79
10/25/2017,0.72
10/26/2017,0.75
10/27/2017,0.61
10/30/2017,0.47
10/31/2017,0.51
11/1/2017,0.06
11/2/2017,-0.07
11/3/2017,-0.07
11/6/2017,-0.15
11/7/2017,-0.26
11/8/2017,-0.49
11/9/2017,-0.85
11/10/2017,-0.67
11/13/2017,-0.66
11/14/2017,-0.93
11/15/2017,-1.33
11/16/2017,-0.76
11/17/2017,-0.7
11/20/2017,-0.52
11/21/2017,-0.37
11/22/2017,-0.46
11/24/2017,-0.35
11/27/2017,-0.34
11/28/2017,-0.33
11/29/2017,-0.2
11/30/2017,-0.02
12/1/2017,-0.13
12/4/2017,0.06
12/5/2017,0.05
12/6/2017,-0.12
12/7/2017,-0.06
12/8/2017,-0.04
12/11/2017,0.05
12/12/2017,0.13
12/13/2017,-0.09
12/14/2017,-0.11
12/15/2017,-0.06
12/18/2017,0.01
12/19/2017,0.18
12/20/2017,0.23
12/21/2017,0.24
12/22/2017,0.28
12/26/2017,0.28
12/27/2017,0.17
12/28/2017,0.28
12/29/2017,0.23
1/2/2018,0.25
1/3/2018,0.48
1/4/2018,0.78
1/5/2018,0.97
1/8/2018,1.04
1/9/2018,1.18
1/10/2018,0.98
1/11/2018,1
1/12/2018,1.1
1/16/2018,1.16
1/17/2018,1.25
1/18/2018,1.23
1/19/2018,1.27
1/22/2018,1.38
1/23/2018,1.36
1/24/2018,1.51
1/25/2018,1.45
1/26/2018,1.63
1/29/2018,1.61
1/30/2018,1.41
1/31/2018,1.49
2/1/2018,0.04
2/2/2018,-0.07
2/5/2018,-0.56
2/6/2018,-0.95
2/7/2018,-0.48
2/8/2018,-0.91
2/9/2018,-1.75
2/12/2018,-1.32
2/13/2018,-1.57
2/14/2018,-1.28
2/15/2018,-0.93
2/16/2018,-0.68
2/20/2018,-0.51
2/21/2018,-0.4
2/22/2018,-0.66
2/23/2018,-0.81
2/26/2018,-0.58
2/27/2018,-0.43
2/28/2018,-0.52
3/1/2018,-0.44
3/2/2018,-0.57
3/5/2018,-0.37
3/6/2018,-0.2
3/7/2018,-0.29
3/8/2018,-0.31
3/9/2018,-0.16
3/12/2018,-0.23
3/13/2018,-0.3
3/14/2018,-0.5
3/15/2018,-0.55
3/16/2018,-0.46
3/19/2018,-0.6
3/20/2018,-0.52
3/21/2018,-0.46
3/22/2018,-0.82
3/23/2018,-1
3/26/2018,-0.92
3/27/2018,-1.01
3/28/2018,-1.08
3/29/2018,-1.14
3/30/2018,-1.14
4/2/2018,-0.18
4/3/2018,0.04
4/4/2018,0.08
4/5/2018,0.49
4/6/2018,0.34
4/9/2018,0.48
4/10/2018,0.83
4/11/2018,0.86
4/12/2018,1.2
4/13/2018,1.35
4/16/2018,1.54
4/17/2018,1.66
4/18/2018,1.9
4/19/2018,1.66
4/20/2018,1.69
4/23/2018,1.61
4/24/2018,1.39
4/25/2018,1.22
4/26/2018,1.32
4/27/2018,1.27
4/30/2018,1.21
5/1/2018,0.01
5/2/2018,0.04
5/3/2018,-0.14
5/4/2018,-0.09
5/7/2018,0.03
5/8/2018,0.08
5/9/2018,0.22
5/10/2018,0.26
5/11/2018,0.29
5/14/2018,0.41
5/15/2018,0.52
5/16/2018,0.55
5/17/2018,0.51
5/18/2018,0.29
5/21/2018,0.33
5/22/2018,0.36
5/23/2018,0.04
5/24/2018,-0.02
5/25/2018,-0.24
5/29/2018,-1.09
5/30/2018,-0.7
5/31/2018,-0.65
6/1/2018,0.34
6/4/2018,0.61
6/5/2018,0.6
6/6/2018,0.89
6/7/2018,0.88
6/8/2018,0.86
6/11/2018,1.06
6/12/2018,1.16
6/13/2018,1.39
6/14/2018,1.36
6/15/2018,1.33
6/18/2018,1.3
6/19/2018,1.11
6/20/2018,1.29
6/21/2018,1.13
6/22/2018,1.14
6/25/2018,0.9
6/26/2018,0.86
6/27/2018,0.56
6/28/2018,0.33
6/29/2018,0.4
7/2/2018,-0.18
7/3/2018,-0.19
7/5/2018,-0.11
7/6/2018,-0.08
7/9/2018,0.22
7/10/2018,0.43
7/11/2018,0.26
7/12/2018,0.42
7/13/2018,0.4
7/16/2018,0.48
7/17/2018,0.52
7/18/2018,0.59
7/19/2018,0.48
7/20/2018,0.59
7/23/2018,0.86
7/24/2018,0.9
7/25/2018,0.9
7/26/2018,1.14
7/27/2018,1.14
7/30/2018,1.21
7/31/2018,1.28
8/1/2018,0.13
8/2/2018,0.07
8/3/2018,0.05
8/6/2018,0.1
8/7/2018,0.36
8/8/2018,0.35
8/9/2018,0.23
8/10/2018,-0.18
8/13/2018,-0.17
8/14/2018,-0.08
8/15/2018,-0.34
8/16/2018,-0.18
8/17/2018,-0.15
8/20/2018,-0.24
8/21/2018,-0.07
8/22/2018,-0.05
8/23/2018,-0.02
8/24/2018,0.06
8/27/2018,0.21
8/28/2018,0.34
8/29/2018,0.35
8/30/2018,0.23
8/31/2018,0.14
9/3/2018,0
9/4/2018,0.14
9/5/2018,0.03
9/6/2018,-0.08
9/7/2018,0.13
9/10/2018,0.2
9/11/2018,0.41
9/12/2018,0.48
9/13/2018,0.62
9/14/2018,0.77
9/17/2018,0.81
9/18/2018,0.98
9/19/2018,1.03
9/20/2018,1.01
9/21/2018,0.99
9/24/2018,0.98
9/25/2018,1.02
9/26/2018,0.94
9/27/2018,1
9/28/2018,1.04
10/1/2018,0.26
10/2/2018,0.23
10/3/2018,0.5
10/4/2018,0.14
10/5/2018,0.01
10/9/2018,-0.32
10/10/2018,-0.66
10/11/2018,-0.91
10/12/2018,-0.77
10/15/2018,-0.62
10/16/2018,-0.47
10/17/2018,-0.43
10/18/2018,-0.7
10/19/2018,-0.66
10/22/2018,-0.68
10/23/2018,-1.14
10/24/2018,-1.25
10/25/2018,-1.38
10/26/2018,-1.88
10/29/2018,-1.83
10/30/2018,-1.94
10/31/2018,-1.59
11/1/2018,0
11/2/2018,0.36
11/5/2018,0.38
11/6/2018,0.52
11/7/2018,0.83
11/8/2018,0.94
11/9/2018,0.41
11/13/2018,-0.2
11/14/2018,-0.69
11/15/2018,-1.12
11/16/2018,-1.44
11/19/2018,-1.64
11/20/2018,-1.91
11/21/2018,-1.63
11/23/2018,-1.82
11/26/2018,-1.65
11/27/2018,-1.85
11/28/2018,-1.6
11/29/2018,-1.52
11/30/2018,-1.55
12/3/2018,0.38
12/4/2018,0.03
12/6/2018,-0.76
12/7/2018,-0.74
12/10/2018,-0.93
12/11/2018,-0.64
12/12/2018,-0.32
12/13/2018,-0.32
12/14/2018,-0.58
12/17/2018,-0.95
12/18/2018,-1.54
12/19/2018,-1.94
12/20/2018,-3.12
12/21/2018,-3.34
12/24/2018,-3.88
12/26/2018,-3.79
12/27/2018,-3.87
12/28/2018,-3.58
12/31/2018,-3.66
1/2/2019,0.01
1/3/2019,-0.36
1/4/2019,1.1
1/7/2019,2
1/8/2019,2.69
1/9/2019,3.17
1/10/2019,3.2
1/11/2019,3.15
1/14/2019,3.03
1/15/2019,3.13
1/16/2019,3.52
1/17/2019,3.64
1/18/2019,4.14
1/22/2019,3.78
1/23/2019,3.81
1/24/2019,3.58
1/25/2019,3.97
1/28/2019,3.82
1/29/2019,3.78
1/30/2019,3.86
1/31/2019,4.08
2/1/2019,0.34
2/4/2019,0.54
2/5/2019,0.82
2/6/2019,0.91
2/7/2019,0.43
2/8/2019,0.26
2/11/2019,0.42
2/12/2019,0.75
2/13/2019,0.9
2/14/2019,0.73
2/15/2019,0.94
2/19/2019,0.95
2/20/2019,1.08
2/21/2019,1.24
2/22/2019,1.17
2/25/2019,1.37
2/26/2019,1.37
2/27/2019,1.61
2/28/2019,1.75
3/1/2019,0.19
3/4/2019,0.1
3/5/2019,0.04
3/6/2019,-0.15
3/7/2019,-0.46
3/8/2019,-0.74
3/11/2019,-0.54
3/12/2019,-0.46
3/13/2019,-0.25
3/14/2019,-0.11
3/15/2019,-0.15
3/18/2019,-0.06
3/19/2019,0.05
3/20/2019,-0.16
3/21/2019,0.03
3/22/2019,-0.38
3/25/2019,-0.66
3/26/2019,-0.53
3/27/2019,-0.62
3/28/2019,-0.52
3/29/2019,-0.23
4/1/2019,0.41
4/2/2019,0.36
4/3/2019,0.58
4/4/2019,0.59
4/5/2019,0.72
4/8/2019,0.84
4/9/2019,0.82
4/10/2019,0.82
4/11/2019,1.09
4/12/2019,1.44
4/15/2019,1.47
4/16/2019,1.62
4/17/2019,1.54
4/18/2019,1.4
4/22/2019,1.45
4/23/2019,1.47
4/24/2019,1.39
4/25/2019,1.41
4/26/2019,1.32
4/29/2019,1.46
4/30/2019,1.37
5/1/2019,0.1
5/2/2019,0.12
5/3/2019,0.16
5/6/2019,-0.04
5/7/2019,-0.31
5/8/2019,-0.24
5/9/2019,-0.58
5/10/2019,-0.66
5/13/2019,-1.19
5/14/2019,-1.04
5/15/2019,-1.23
5/16/2019,-0.95
5/17/2019,-0.97
5/20/2019,-0.86
5/21/2019,-0.72
5/22/2019,-0.84
5/23/2019,-1.42
5/24/2019,-1.27
5/28/2019,-1.49
5/29/2019,-1.89
5/30/2019,-1.82
5/31/2019,-2.5
6/3/2019,-0.37
6/4/2019,0.12
6/5/2019,0.25
6/6/2019,0.41
6/7/2019,0.63
6/10/2019,1.08
6/11/2019,1.22
6/12/2019,1.06
6/13/2019,0.93
6/14/2019,0.94
6/17/2019,0.96
6/18/2019,1.14
6/19/2019,1.12
6/20/2019,1.6
6/21/2019,1.78
6/24/2019,1.67
6/25/2019,1.43
6/26/2019,1.63
6/27/2019,1.46
6/28/2019,1.54
7/1/2019,0.31
7/2/2019,0.15
7/3/2019,0.21
7/5/2019,0.49
7/8/2019,0.44
7/9/2019,0.41
7/10/2019,0.42
7/11/2019,0.49
7/12/2019,0.46
7/15/2019,0.49
7/16/2019,0.57
7/17/2019,0.34
7/18/2019,0.04
7/19/2019,0.11
7/22/2019,0.17
7/23/2019,0.36
7/24/2019,0.46
7/25/2019,0.58
7/26/2019,0.71
7/29/2019,0.65
7/30/2019,0.58
7/31/2019,0.66
8/1/2019,-0.57
8/2/2019,-0.87
8/5/2019,-1.98
8/6/2019,-1.82
8/7/2019,-2.18
8/8/2019,-1.62
8/9/2019,-1.56
8/12/2019,-1.87
8/13/2019,-1.52
8/14/2019,-2.19
8/15/2019,-2.4
8/16/2019,-2.26
8/19/2019,-1.84
8/20/2019,-1.88
8/21/2019,-1.46
8/22/2019,-1.21
8/23/2019,-1.56
8/26/2019,-1.37
8/27/2019,-1.38
8/28/2019,-1.37
8/29/2019,-1.11
8/30/2019,-1.14
9/2/2019,0
9/3/2019,-0.26
9/4/2019,-0.2
9/5/2019,0.28
9/6/2019,0.34
9/9/2019,0.62
9/10/2019,0.97
9/11/2019,1
9/12/2019,1.22
9/13/2019,1.41
9/16/2019,1.49
9/17/2019,1.4
9/18/2019,1.37
9/19/2019,1.35
9/20/2019,1.27
9/23/2019,1.19
9/24/2019,0.94
9/25/2019,1.04
9/26/2019,0.86
9/27/2019,0.7
9/30/2019,0.66
10/1/2019,-0.23
10/2/2019,-0.81
10/3/2019,-1.18
10/4/2019,-1.1
10/7/2019,-0.86
10/8/2019,-1.08
10/9/2019,-0.87
10/10/2019,-0.63
10/11/2019,-0.12
10/15/2019,0.09
10/16/2019,0.07
10/17/2019,0.18
10/18/2019,0.15
10/21/2019,0.33
10/22/2019,0.27
10/23/2019,0.31
10/24/2019,0.37
10/25/2019,0.6
10/28/2019,0.76
10/29/2019,0.7
10/30/2019,0.47
10/31/2019,0
11/1/2019,0.21
11/4/2019,0.58
11/5/2019,0.71
11/6/2019,0.52
11/7/2019,0.84
11/8/2019,0.76
11/12/2019,0.73
11/13/2019,0.53
11/14/2019,0.34
11/15/2019,0.42
11/18/2019,0.34
11/19/2019,0.16
11/20/2019,-0.07
11/21/2019,-0.01
11/22/2019,0.08
11/25/2019,0.2
11/26/2019,0.27
11/27/2019,0.47
11/29/2019,0.47
12/2/2019,0
12/3/2019,-0.4
12/4/2019,-0.01
12/5/2019,0.13
12/6/2019,0.46
12/9/2019,0.53
12/10/2019,0.69
12/11/2019,0.66
12/12/2019,1.16
12/13/2019,1.14
12/16/2019,1.48
12/17/2019,1.68
12/18/2019,1.95
12/19/2019,1.94
12/20/2019,1.99
12/23/2019,2.11
12/24/2019,2.04
12/26/2019,2.06
12/27/2019,2
12/30/2019,1.98
12/31/2019,2.02
1/2/2020,0.05
1/3/2020,-0.08
1/6/2020,0.02
1/7/2020,0.1
1/8/2020,0.23
1/9/2020,0.22
1/10/2020,0.23
1/13/2020,0.37
1/14/2020,0.36
1/15/2020,0.34
1/16/2020,0.44
1/17/2020,0.48
1/21/2020,0.3
1/22/2020,0.24
1/23/2020,-0.01
1/24/2020,-0.34
1/27/2020,-1.06
1/28/2020,-0.63
1/29/2020,-0.69
1/30/2020,-0.94
1/31/2020,-1.11
2/3/2020,0.11
2/4/2020,0.51
2/5/2020,0.81
2/6/2020,0.97
2/7/2020,0.8
2/10/2020,0.71
2/11/2020,1.1
2/12/2020,1.31
2/13/2020,1.35
2/14/2020,1.28
2/18/2020,1.22
2/19/2020,1.35
2/20/2020,1.25
2/21/2020,1.04
2/24/2020,0.09
2/25/2020,-0.34
2/26/2020,-0.61
2/27/2020,-1.56
2/28/2020,-2.71
3/2/2020,0.18
3/3/2020,0.43
3/4/2020,0.8
3/5/2020,0.05
3/6/2020,-1.81
3/9/2020,-5.34
3/10/2020,-4.53
3/11/2020,-5.41
3/12/2020,-8.25
3/13/2020,-8.13
3/16/2020,-11.62
3/17/2020,-12.24
3/18/2020,-14.29
3/19/2020,-16.85
3/20/2020,-17.95
3/23/2020,-20.24
3/24/2020,-19.49
3/25/2020,-17.83
3/26/2020,-15.67
3/27/2020,-14.48
3/30/2020,-13.87
3/31/2020,-13.3
4/1/2020,-1.17
4/2/2020,-1.53
4/3/2020,-2.27
4/6/2020,-1.7
4/7/2020,-0.19
4/8/2020,0.3
4/9/2020,3.16
4/13/2020,4.82
4/14/2020,5.75
4/15/2020,4.95
4/16/2020,4.97
4/17/2020,5.63
4/20/2020,5.16
4/21/2020,3.53
4/22/2020,3.77
4/23/2020,3.75
4/24/2020,3.3
4/27/2020,3.38
4/28/2020,3.43
4/29/2020,3.81
4/30/2020,4.2
5/1/2020,-0.15
5/4/2020,-0.35
5/5/2020,0.2
5/6/2020,0.4
5/7/2020,0.33
5/8/2020,0.65
5/11/2020,0.84
5/12/2020,1.08
5/13/2020,0.52
5/14/2020,-0.07
5/15/2020,-0.16
5/18/2020,1.09
5/19/2020,1.33
5/20/2020,1.96
5/21/2020,2.38
5/22/2020,2.49
5/26/2020,3.55
5/27/2020,3.91
5/28/2020,4.44
5/29/2020,4.27
6/1/2020,0.31
6/2/2020,1.08
6/3/2020,2.22
6/4/2020,2.51
6/5/2020,3.72
6/8/2020,3.99
6/9/2020,3.53
6/10/2020,3.01
6/11/2020,1.48
6/12/2020,1.78
6/15/2020,1.78
6/16/2020,3.15
6/17/2020,3.11
6/18/2020,2.68
6/19/2020,2.65
6/22/2020,2.65
6/23/2020,2.68
6/24/2020,2.1
6/25/2020,1.7
6/26/2020,1.29
6/29/2020,0.8
6/30/2020,0.9
7/1/2020,0.35
7/2/2020,0.77
7/6/2020,1.29
7/7/2020,1.32
7/8/2020,1.23
7/9/2020,1
7/10/2020,1.01
7/13/2020,1.36
7/14/2020,1.23
7/15/2020,1.81
7/16/2020,1.92
7/17/2020,2.1
7/20/2020,2.58
7/21/2020,3.18
7/22/2020,3.45
7/23/2020,3.53
7/24/2020,3.6
7/27/2020,3.76
7/28/2020,3.68
7/29/2020,4
7/30/2020,4.11
7/31/2020,4.25
8/3/2020,0.28
8/4/2020,0.16
8/5/2020,0.51
8/6/2020,0.52
8/7/2020,0.63
8/10/2020,0.68
8/11/2020,0.98
8/12/2020,0.89
8/13/2020,0.75
8/14/2020,0.45
8/17/2020,0.39
8/18/2020,0.39
8/19/2020,0.44
8/20/2020,0.34
8/21/2020,0.37
8/24/2020,0.64
8/25/2020,0.95
8/26/2020,1.02
8/27/2020,1.24
8/28/2020,1.23
8/31/2020,1.21
9/1/2020,0.04
9/2/2020,0.18
9/3/2020,0.01
9/4/2020,-0.02
9/8/2020,-0.35
9/9/2020,-0.22
9/10/2020,-0.28
9/11/2020,-0.39
9/14/2020,-0.39
9/15/2020,-0.28
9/16/2020,-0.12
9/17/2020,-0.21
9/18/2020,-0.23
9/21/2020,-0.88
9/22/2020,-1.13
9/23/2020,-1.26
9/24/2020,-1.74
9/25/2020,-1.84
9/28/2020,-1.52
9/29/2020,-1.44
9/30/2020,-1.07
10/1/2020,0.15
10/2/2020,0.19
10/5/2020,0.75
10/6/2020,1.05
10/7/2020,1.26
10/8/2020,1.39
10/9/2020,1.58
10/13/2020,1.67
10/14/2020,1.65
10/15/2020,1.42
10/16/2020,1.54
10/19/2020,1.68
10/20/2020,1.79
10/21/2020,1.79
10/22/2020,1.87
10/23/2020,1.92
10/26/2020,1.59
10/27/2020,1.4
10/28/2020,0.79
10/29/2020,0.87
10/30/2020,0.86
11/2/2020,0.19
11/3/2020,0.68
11/4/2020,1.27
11/5/2020,1.91
11/6/2020,2.01
11/9/2020,3.46
11/10/2020,3.29
11/12/2020,2.63
11/13/2020,2.65
11/16/2020,2.97
11/17/2020,3.03
11/18/2020,3.24
11/19/2020,3.16
11/20/2020,3.12
11/23/2020,3.35
11/24/2020,3.77
11/25/2020,3.8
11/27/2020,3.78
11/30/2020,3.82
12/1/2020,0.42
12/2/2020,0.59
12/3/2020,0.75
12/4/2020,1.05
12/7/2020,1.08
12/8/2020,1.12
12/9/2020,1.15
12/10/2020,1.09
12/11/2020,1
12/14/2020,1.09
12/15/2020,1.21
12/16/2020,1.23
12/17/2020,1.36
12/18/2020,1.43
12/21/2020,1.24
12/22/2020,1.23
12/23/2020,1.44
12/24/2020,1.45
12/28/2020,1.82
12/29/2020,1.88
12/30/2020,1.92
12/31/2020,1.9
