1/3/2005,0.08
1/4/2005,0.08
1/5/2005,0.07
1/6/2005,0.04
1/7/2005,0.04
1/10/2005,0.02
1/11/2005,0.03
1/12/2005,0.03
1/13/2005,0.02
1/14/2005,-0.11
1/18/2005,-0.1
1/19/2005,-0.13
1/20/2005,-0.17
1/21/2005,-0.19
1/24/2005,-0.1
1/25/2005,-0.06
1/26/2005,0
1/27/2005,0.01
1/28/2005,0.03
1/31/2005,0.01
2/1/2005,0.01
2/2/2005,0.06
2/3/2005,0.09
2/4/2005,0.11
2/7/2005,0.15
2/8/2005,0.16
2/9/2005,0.09
2/10/2005,0.07
2/11/2005,0.12
2/14/2005,0.1
2/15/2005,0.11
2/16/2005,0.14
2/17/2005,0.16
2/18/2005,0.17
2/22/2005,0.17
2/23/2005,0.19
2/24/2005,0.24
2/25/2005,0.29
2/28/2005,0.3
3/1/2005,0.01
3/2/2005,0.01
3/3/2005,0.01
3/4/2005,0.04
3/7/2005,0.05
3/8/2005,0.07
3/9/2005,0.06
3/10/2005,0.06
3/11/2005,0.07
3/14/2005,0.03
3/15/2005,-0.06
3/16/2005,-0.23
3/17/2005,-0.32
3/18/2005,-0.31
3/21/2005,-0.39
3/22/2005,-0.44
3/23/2005,-0.42
3/24/2005,-0.38
3/28/2005,-0.38
3/29/2005,-0.45
3/30/2005,-0.54
3/31/2005,-0.93
4/1/2005,-0.02
4/4/2005,-0.07
4/5/2005,-0.03
4/6/2005,-0.01
4/7/2005,0.03
4/8/2005,0
4/11/2005,-0.15
4/12/2005,-0.14
4/13/2005,-0.22
4/14/2005,-0.38
4/15/2005,-0.79
4/18/2005,-0.81
4/19/2005,-0.77
4/20/2005,-0.6
4/21/2005,-0.47
4/22/2005,-0.4
4/25/2005,-0.42
4/26/2005,-0.46
4/27/2005,-0.46
4/28/2005,-0.49
4/29/2005,-0.67
5/2/2005,-0.01
5/3/2005,-0.04
5/4/2005,0.06
5/5/2005,-0.02
5/6/2005,-0.09
5/9/2005,0.02
5/10/2005,-0.03
5/11/2005,-0.13
5/12/2005,-0.14
5/13/2005,-0.48
5/16/2005,-0.47
5/17/2005,-0.51
5/18/2005,-0.47
5/19/2005,-0.33
5/20/2005,-0.28
5/23/2005,-0.22
5/24/2005,-0.25
5/25/2005,-0.18
5/26/2005,-0.04
5/27/2005,0.12
5/31/2005,0.1
6/1/2005,-0.06
6/2/2005,0.01
6/3/2005,0.04
6/6/2005,0.04
6/7/2005,0.03
6/8/2005,0.01
6/9/2005,-0.04
6/10/2005,-0.02
6/13/2005,-0.03
6/14/2005,-0.02
6/15/2005,0.02
6/16/2005,0.02
6/17/2005,0.05
6/20/2005,0.04
6/21/2005,0.05
6/22/2005,0.05
6/23/2005,0.05
6/24/2005,0.03
6/27/2005,0.02
6/28/2005,0.08
6/29/2005,0.08
6/30/2005,0.1
7/1/2005,0.02
7/5/2005,0.04
7/6/2005,0.05
7/7/2005,0
7/8/2005,0.05
7/11/2005,0.12
7/12/2005,0.18
7/13/2005,0.22
7/14/2005,0.3
7/15/2005,0.32
7/18/2005,0.32
7/19/2005,0.32
7/20/2005,0.33
7/21/2005,0.36
7/22/2005,0.39
7/25/2005,0.43
7/26/2005,0.45
7/27/2005,0.48
7/28/2005,0.55
7/29/2005,0.56
8/1/2005,0.02
8/2/2005,0.02
8/3/2005,-0.02
8/4/2005,-0.03
8/5/2005,-0.06
8/8/2005,-0.04
8/9/2005,-0.04
8/10/2005,-0.04
8/11/2005,-0.05
8/12/2005,-0.05
8/15/2005,-0.05
8/16/2005,-0.08
8/17/2005,-0.08
8/18/2005,-0.08
8/19/2005,-0.07
8/22/2005,-0.06
8/23/2005,-0.02
8/24/2005,-0.02
8/25/2005,-0.02
8/26/2005,0
8/29/2005,-0.04
8/30/2005,-0.09
8/31/2005,-0.21
9/1/2005,-0.11
9/2/2005,-0.16
9/6/2005,-0.13
9/7/2005,-0.13
9/8/2005,-0.09
9/9/2005,-0.08
9/12/2005,-0.07
9/13/2005,-0.06
9/14/2005,-0.05
9/15/2005,-0.12
9/16/2005,-0.11
9/19/2005,-0.15
9/20/2005,-0.13
9/21/2005,-0.12
9/22/2005,-0.16
9/23/2005,-0.13
9/26/2005,-0.08
9/27/2005,-0.07
9/28/2005,-0.07
9/29/2005,-0.07
9/30/2005,-0.09
10/3/2005,0
10/4/2005,0.02
10/5/2005,0.03
10/6/2005,0
10/7/2005,-0.02
10/11/2005,-0.04
10/12/2005,-0.09
10/13/2005,-0.2
10/14/2005,-0.24
10/17/2005,-0.18
10/18/2005,-0.11
10/19/2005,-0.13
10/20/2005,-0.09
10/21/2005,-0.08
10/24/2005,-0.06
10/25/2005,-0.09
10/26/2005,-0.12
10/27/2005,-0.16
10/28/2005,-0.2
10/31/2005,-0.22
11/1/2005,0.03
11/2/2005,0.02
11/3/2005,0.08
11/4/2005,0.1
11/7/2005,0.11
11/8/2005,0.1
11/9/2005,0.1
11/10/2005,0.08
11/14/2005,0.11
11/15/2005,0.04
11/16/2005,-0.01
11/17/2005,-0.03
11/18/2005,-0.03
11/21/2005,-0.03
11/22/2005,-0.05
11/23/2005,0
11/25/2005,-0.01
11/28/2005,0.03
11/29/2005,0.07
11/30/2005,0.07
12/1/2005,-0.01
12/2/2005,-0.06
12/5/2005,-0.07
12/6/2005,-0.13
12/7/2005,-0.12
12/8/2005,-0.14
12/9/2005,-0.12
12/12/2005,-0.08
12/13/2005,-0.08
12/14/2005,-0.07
12/15/2005,-0.1
12/16/2005,-0.09
12/19/2005,-0.08
12/20/2005,-0.09
12/21/2005,-0.08
12/22/2005,-0.08
12/23/2005,-0.09
12/27/2005,-0.08
12/28/2005,-0.09
12/29/2005,-0.12
12/30/2005,-0.15
1/3/2006,0
1/4/2006,0.02
1/5/2006,0.03
1/6/2006,0.02
1/9/2006,0.03
1/10/2006,0.03
1/11/2006,0.05
1/12/2006,0.05
1/13/2006,0.01
1/17/2006,0
1/18/2006,0.01
1/19/2006,0.06
1/20/2006,0.07
1/23/2006,0.08
1/24/2006,0.1
1/25/2006,0.15
1/26/2006,0.15
1/27/2006,0.19
1/30/2006,0.21
1/31/2006,0.24
2/1/2006,0.03
2/2/2006,0.04
2/3/2006,0.02
2/6/2006,0.02
2/7/2006,-0.03
2/8/2006,-0.02
2/9/2006,0
2/10/2006,0.02
2/13/2006,0
2/14/2006,-0.02
2/15/2006,0.08
2/16/2006,0.13
2/17/2006,0.13
2/21/2006,0.17
2/22/2006,0.17
2/23/2006,0.21
2/24/2006,0.21
2/27/2006,0.24
2/28/2006,0.26
3/1/2006,-0.03
3/2/2006,-0.03
3/3/2006,-0.02
3/6/2006,-0.03
3/7/2006,-0.05
3/8/2006,-0.05
3/9/2006,-0.05
3/10/2006,-0.07
3/13/2006,-0.05
3/14/2006,-0.07
3/15/2006,-0.09
3/16/2006,-0.08
3/17/2006,-0.08
3/20/2006,-0.07
3/21/2006,-0.05
3/22/2006,-0.04
3/23/2006,-0.05
3/24/2006,-0.08
3/27/2006,-0.07
3/28/2006,-0.08
3/29/2006,-0.1
3/30/2006,-0.1
3/31/2006,-0.11
4/3/2006,0.02
4/4/2006,0.02
4/5/2006,0.02
4/6/2006,0.02
4/7/2006,0.02
4/10/2006,0.03
4/11/2006,0.03
4/12/2006,0.05
4/13/2006,0.01
4/17/2006,0.06
4/18/2006,0.04
4/19/2006,0.06
4/20/2006,0.09
4/21/2006,0.12
4/24/2006,0.15
4/25/2006,0.17
4/26/2006,0.2
4/27/2006,0.19
4/28/2006,0.23
5/1/2006,0.07
5/2/2006,0.08
5/3/2006,0.1
5/4/2006,0.13
5/5/2006,0.08
5/8/2006,0.11
5/9/2006,0.1
5/10/2006,0.1
5/11/2006,0.1
5/12/2006,0.05
5/15/2006,-0.01
5/16/2006,-0.03
5/17/2006,-0.07
5/18/2006,-0.13
5/19/2006,-0.12
5/22/2006,-0.15
5/23/2006,-0.15
5/24/2006,-0.21
5/25/2006,-0.2
5/26/2006,-0.15
5/30/2006,-0.19
5/31/2006,-0.19
6/1/2006,-0.02
6/2/2006,-0.01
6/5/2006,0
6/6/2006,-0.04
6/7/2006,-0.02
6/8/2006,-0.07
6/9/2006,-0.06
6/12/2006,-0.06
6/13/2006,-0.11
6/14/2006,-0.16
6/15/2006,-0.23
6/16/2006,-0.23
6/19/2006,-0.22
6/20/2006,-0.25
6/21/2006,-0.27
6/22/2006,-0.3
6/23/2006,-0.31
6/26/2006,-0.32
6/27/2006,-0.32
6/28/2006,-0.32
6/29/2006,-0.3
6/30/2006,-0.21
7/3/2006,0.01
7/5/2006,0.03
7/6/2006,0.03
7/7/2006,0.04
7/10/2006,0.05
7/11/2006,0.05
7/12/2006,0.05
7/13/2006,0.01
7/14/2006,-0.06
7/17/2006,-0.08
7/18/2006,-0.04
7/19/2006,-0.03
7/20/2006,0.01
7/21/2006,0
7/24/2006,0.02
7/25/2006,0.03
7/26/2006,0.04
7/27/2006,0.08
7/28/2006,0.13
7/31/2006,0.09
8/1/2006,0.02
8/2/2006,0.02
8/3/2006,0.04
8/4/2006,0.01
8/7/2006,0.03
8/8/2006,0.01
8/9/2006,0.01
8/10/2006,0.02
8/11/2006,0.04
8/14/2006,0.08
8/15/2006,0.1
8/16/2006,0.09
8/17/2006,0.12
8/18/2006,0.13
8/21/2006,0.14
8/22/2006,0.17
8/23/2006,0.16
8/24/2006,0.18
8/25/2006,0.18
8/28/2006,0.17
8/29/2006,0.19
8/30/2006,0.2
8/31/2006,0.17
9/1/2006,0
9/5/2006,0
9/6/2006,0.02
9/7/2006,0.03
9/8/2006,0
9/11/2006,0.01
9/12/2006,0.03
9/13/2006,0.04
9/14/2006,0.04
9/15/2006,0.1
9/18/2006,0.11
9/19/2006,0.08
9/20/2006,0.09
9/21/2006,0.08
9/22/2006,0.05
9/25/2006,0.07
9/26/2006,0.09
9/27/2006,0.11
9/28/2006,0.09
9/29/2006,0.11
10/2/2006,-0.03
10/3/2006,-0.02
10/4/2006,-0.04
10/5/2006,0
10/6/2006,0.03
10/10/2006,0.04
10/11/2006,0.04
10/12/2006,0.07
10/13/2006,0.08
10/16/2006,0.1
10/17/2006,0.1
10/18/2006,0.13
10/19/2006,0.16
10/20/2006,0.17
10/23/2006,0.17
10/24/2006,0.18
10/25/2006,0.19
10/26/2006,0.21
10/27/2006,0.22
10/30/2006,0.24
10/31/2006,0.22
11/1/2006,0.02
11/2/2006,0.05
11/3/2006,0.1
11/6/2006,0.13
11/7/2006,0.17
11/8/2006,0.16
11/9/2006,0.19
11/10/2006,0.19
11/13/2006,0.17
11/14/2006,0.21
11/15/2006,0.24
11/16/2006,0.26
11/17/2006,0.24
11/20/2006,0.26
11/21/2006,0.26
11/22/2006,0.26
11/24/2006,0.26
11/27/2006,0.24
11/28/2006,0.23
11/29/2006,0.27
11/30/2006,0.24
12/1/2006,-0.02
12/4/2006,-0.01
12/5/2006,0.02
12/6/2006,0.09
12/7/2006,0.12
12/8/2006,0.1
12/11/2006,0.09
12/12/2006,0.07
12/13/2006,0.07
12/14/2006,0.05
12/15/2006,0.04
12/18/2006,0.07
12/19/2006,0.06
12/20/2006,0.09
12/21/2006,0.09
12/22/2006,0.1
12/26/2006,0.12
12/27/2006,0.14
12/28/2006,0.16
12/29/2006,0.17
1/2/2007,-0.01
1/3/2007,0.03
1/4/2007,0.04
1/5/2007,0.06
1/8/2007,0.07
1/9/2007,0.07
1/10/2007,0.08
1/11/2007,0.14
1/12/2007,0.13
1/16/2007,0.16
1/17/2007,0.22
1/18/2007,0.25
1/19/2007,0.24
1/22/2007,0.27
1/23/2007,0.3
1/24/2007,0.33
1/25/2007,0.35
1/26/2007,0.33
1/29/2007,0.33
1/30/2007,0.3
1/31/2007,0.27
2/1/2007,0.06
2/2/2007,0.08
2/5/2007,0.11
2/6/2007,0.15
2/7/2007,0.15
2/8/2007,0.29
2/9/2007,0.17
2/12/2007,0.15
2/13/2007,0.15
2/14/2007,0.18
2/15/2007,0.22
2/16/2007,0.23
2/20/2007,0.26
2/21/2007,0.3
2/22/2007,0.33
2/23/2007,0.29
2/26/2007,0.25
2/27/2007,0.07
2/28/2007,0.08
3/1/2007,-0.02
3/2/2007,-0.1
3/5/2007,-0.19
3/6/2007,-0.15
3/7/2007,-0.16
3/8/2007,-0.11
3/9/2007,-0.08
3/12/2007,-0.12
3/13/2007,-0.19
3/14/2007,-0.33
3/15/2007,-0.3
3/16/2007,-0.33
3/19/2007,-0.31
3/20/2007,-0.35
3/21/2007,-0.34
3/22/2007,-0.3
3/23/2007,-0.29
3/26/2007,-0.29
3/27/2007,-0.3
3/28/2007,-0.35
3/29/2007,-0.33
3/30/2007,-0.36
4/2/2007,-0.01
4/3/2007,0.01
4/4/2007,-0.02
4/5/2007,0.01
4/9/2007,0.08
4/10/2007,0.13
4/11/2007,0.19
4/12/2007,0.19
4/13/2007,0.17
4/16/2007,0.19
4/17/2007,0.17
4/18/2007,0.18
4/19/2007,0.16
4/20/2007,0.21
4/23/2007,0.24
4/24/2007,0.23
4/25/2007,0.2
4/26/2007,0.2
4/27/2007,0.18
4/30/2007,0.18
5/1/2007,0
5/2/2007,0.02
5/3/2007,0.04
5/4/2007,0.05
5/7/2007,0.07
5/8/2007,0.06
5/9/2007,0.07
5/10/2007,0.07
5/11/2007,0.07
5/14/2007,0.13
5/15/2007,0.14
5/16/2007,0.14
5/17/2007,0.16
5/18/2007,0.17
5/21/2007,0.17
5/22/2007,0.17
5/23/2007,0.17
5/24/2007,0.17
5/25/2007,0.16
5/29/2007,0.19
5/30/2007,0.17
5/31/2007,0.18
6/1/2007,0.01
6/4/2007,0.02
6/5/2007,0.01
6/6/2007,-0.05
6/7/2007,-0.12
6/8/2007,-0.19
6/11/2007,-0.19
6/12/2007,-0.21
6/13/2007,-0.2
6/14/2007,-0.14
6/15/2007,-0.09
6/18/2007,-0.08
6/19/2007,-0.1
6/20/2007,-0.12
6/21/2007,-0.24
6/22/2007,-0.27
6/25/2007,-0.3
6/26/2007,-0.33
6/27/2007,-0.37
6/28/2007,-0.35
6/29/2007,-0.31
7/2/2007,-0.02
7/3/2007,-0.02
7/5/2007,-0.02
7/6/2007,-0.01
7/9/2007,-0.01
7/10/2007,-0.07
7/11/2007,-0.17
7/12/2007,-0.15
7/13/2007,-0.1
7/16/2007,-0.18
7/17/2007,-0.21
7/18/2007,-0.31
7/19/2007,-0.32
7/20/2007,-0.44
7/23/2007,-0.5
7/24/2007,-0.6
7/25/2007,-0.73
7/26/2007,-1.16
7/27/2007,-1.37
7/30/2007,-1.67
7/31/2007,-1.73
8/1/2007,-0.05
8/2/2007,0.06
8/3/2007,0.03
8/6/2007,-0.08
8/7/2007,-0.03
8/8/2007,0.3
8/9/2007,0.21
8/10/2007,0.07
8/13/2007,0.12
8/14/2007,0.05
8/15/2007,-0.32
8/16/2007,-0.82
8/17/2007,-0.72
8/20/2007,-0.75
8/21/2007,-0.79
8/22/2007,-0.73
8/23/2007,-0.55
8/24/2007,-0.55
8/27/2007,-0.54
8/28/2007,-0.64
8/29/2007,-0.7
8/30/2007,-0.8
8/31/2007,-0.89
9/4/2007,-0.04
9/5/2007,-0.07
9/6/2007,-0.14
9/7/2007,-0.39
9/10/2007,-0.48
9/11/2007,-0.51
9/12/2007,-0.57
9/13/2007,-0.54
9/14/2007,-0.64
9/17/2007,-0.57
9/18/2007,-0.43
9/19/2007,-0.19
9/20/2007,-0.1
9/21/2007,0.21
9/24/2007,0.31
9/25/2007,0.19
9/26/2007,0.23
9/27/2007,0.25
9/28/2007,0.21
10/1/2007,0.01
10/2/2007,0.08
10/3/2007,0.22
10/4/2007,0.38
10/5/2007,0.5
10/9/2007,0.59
10/10/2007,0.72
10/11/2007,0.79
10/12/2007,0.84
10/15/2007,0.95
10/16/2007,0.85
10/17/2007,0.71
10/18/2007,0.49
10/19/2007,0.43
10/22/2007,0.12
10/23/2007,0.3
10/24/2007,0.2
10/25/2007,0.17
10/26/2007,0.16
10/29/2007,0.25
10/30/2007,0.25
10/31/2007,0.31
11/1/2007,-0.21
11/2/2007,-0.5
11/5/2007,-0.75
11/6/2007,-0.74
11/7/2007,-0.93
11/8/2007,-1.09
11/9/2007,-1.35
11/13/2007,-1.43
11/14/2007,-1.42
11/15/2007,-1.69
11/16/2007,-1.9
11/19/2007,-2.02
11/20/2007,-2.15
11/21/2007,-2.27
11/23/2007,-2.23
11/26/2007,-2.26
11/27/2007,-2.37
11/28/2007,-2.45
11/29/2007,-2.71
11/30/2007,-3
12/3/2007,-0.07
12/4/2007,-0.33
12/5/2007,-0.5
12/6/2007,-0.56
12/7/2007,-0.5
12/10/2007,-0.36
12/11/2007,-0.29
12/12/2007,-0.26
12/13/2007,-0.27
12/14/2007,-0.07
12/17/2007,-0.06
12/18/2007,-0.05
12/19/2007,-0.03
12/20/2007,0.02
12/21/2007,0.08
12/24/2007,0.14
12/26/2007,0.16
12/27/2007,0.18
12/28/2007,0.16
12/31/2007,0.09
1/2/2008,0.01
1/3/2008,-0.1
1/4/2008,-0.26
1/7/2008,-0.35
1/8/2008,-0.5
1/9/2008,-0.84
1/10/2008,-0.91
1/11/2008,-0.87
1/14/2008,-0.96
1/15/2008,-1.1
1/16/2008,-1.24
1/17/2008,-1.32
1/18/2008,-1.43
1/22/2008,-2.16
1/23/2008,-2.04
1/24/2008,-1.76
1/25/2008,-1.54
1/28/2008,-1.58
1/29/2008,-1.49
1/30/2008,-1.45
1/31/2008,-1.71
2/1/2008,0.04
2/4/2008,0.15
2/5/2008,0.12
2/6/2008,0.03
2/7/2008,-0.09
2/8/2008,-0.12
2/11/2008,-0.16
2/12/2008,-0.24
2/13/2008,-0.3
2/14/2008,-0.28
2/15/2008,-0.37
2/19/2008,-0.42
2/20/2008,-0.45
2/21/2008,-0.43
2/22/2008,-0.47
2/25/2008,-0.43
2/26/2008,-0.47
2/27/2008,-0.47
2/28/2008,-0.62
2/29/2008,-1.06
3/3/2008,-0.26
3/4/2008,-0.39
3/5/2008,-0.63
3/6/2008,-0.9
3/7/2008,-1.25
3/10/2008,-1.42
3/11/2008,-1.45
3/12/2008,-1.56
3/13/2008,-1.97
3/14/2008,-2.52
3/17/2008,-2.8
3/18/2008,-2.65
3/19/2008,-2.37
3/20/2008,-2.48
3/24/2008,-2.17
3/25/2008,-1.87
3/26/2008,-1.92
3/27/2008,-1.85
3/28/2008,-1.89
3/31/2008,-2.02
4/1/2008,0.2
4/2/2008,0.38
4/3/2008,0.66
4/4/2008,0.95
4/7/2008,1.3
4/8/2008,1.35
4/9/2008,1.24
4/10/2008,1.11
4/11/2008,1.08
4/14/2008,0.99
4/15/2008,1.04
4/16/2008,1.23
4/17/2008,1.4
4/18/2008,1.73
4/21/2008,2.01
4/22/2008,2.12
4/23/2008,2.15
4/24/2008,2.18
4/25/2008,2.33
4/28/2008,2.46
4/29/2008,2.66
4/30/2008,2.81
5/1/2008,0.19
5/2/2008,0.45
5/5/2008,0.55
5/6/2008,0.37
5/7/2008,0.34
5/8/2008,0.24
5/9/2008,0.15
5/12/2008,0.17
5/13/2008,0.17
5/14/2008,0.24
5/15/2008,0.4
5/16/2008,0.46
5/19/2008,0.53
5/20/2008,0.42
5/21/2008,0.3
5/22/2008,0.16
5/23/2008,0.06
5/27/2008,0.01
5/28/2008,0.16
5/29/2008,0.2
5/30/2008,0.4
6/2/2008,-0.12
6/3/2008,-0.2
6/4/2008,-0.23
6/5/2008,-0.14
6/6/2008,-0.14
6/9/2008,-0.03
6/10/2008,-0.02
6/11/2008,-0.08
6/12/2008,-0.05
6/13/2008,0.01
6/16/2008,0.02
6/17/2008,-0.03
6/18/2008,-0.09
6/19/2008,-0.14
6/20/2008,-0.37
6/23/2008,-0.47
6/24/2008,-0.73
6/25/2008,-0.77
6/26/2008,-1.11
6/27/2008,-1.58
6/30/2008,-1.63
7/1/2008,-0.13
7/2/2008,-0.18
7/3/2008,-0.22
7/7/2008,-0.28
7/8/2008,-0.31
7/9/2008,-0.32
7/10/2008,-0.39
7/11/2008,-0.44
7/14/2008,-0.41
7/15/2008,-0.71
7/16/2008,-0.94
7/17/2008,-0.99
7/18/2008,-1.17
7/21/2008,-1.21
7/22/2008,-1.18
7/23/2008,-0.97
7/24/2008,-0.98
7/25/2008,-0.97
7/28/2008,-1.03
7/29/2008,-1.02
7/30/2008,-1.01
7/31/2008,-1.14
8/1/2008,0.02
8/4/2008,0.05
8/5/2008,0.1
8/6/2008,0.11
8/7/2008,0.05
8/8/2008,0.07
8/11/2008,0.09
8/12/2008,0.03
8/13/2008,-0.02
8/14/2008,-0.09
8/15/2008,-0.29
8/18/2008,-0.32
8/19/2008,-0.56
8/20/2008,-0.64
8/21/2008,-0.66
8/22/2008,-0.65
8/25/2008,-0.71
8/26/2008,-0.69
8/27/2008,-0.75
8/28/2008,-0.85
8/29/2008,-0.72
9/2/2008,-0.12
9/3/2008,-0.13
9/4/2008,-0.19
9/5/2008,-0.37
9/8/2008,-0.1
9/9/2008,-0.34
9/10/2008,-0.59
9/11/2008,-0.96
9/12/2008,-1.2
9/15/2008,-3.67
9/16/2008,-4.07
9/17/2008,-6.06
9/18/2008,-7.17
9/19/2008,-5.76
9/22/2008,-4.83
9/23/2008,-5.11
9/24/2008,-5.37
9/25/2008,-5.87
9/26/2008,-7.34
9/29/2008,-7.81
9/30/2008,-8.38
10/1/2008,-0.57
10/2/2008,-1.11
10/3/2008,-1.1
10/6/2008,-2.02
10/7/2008,-2.48
10/8/2008,-3.22
10/9/2008,-3.59
10/10/2008,-4.53
10/14/2008,-3.92
10/15/2008,-5.01
10/16/2008,-5.56
10/17/2008,-6.24
10/20/2008,-6.41
10/21/2008,-6.36
10/22/2008,-6.34
10/23/2008,-6.39
10/24/2008,-6.76
10/27/2008,-6.72
10/28/2008,-6.44
10/29/2008,-6.34
10/30/2008,-6.11
10/31/2008,-6.41
11/3/2008,-0.18
11/4/2008,-0.02
11/5/2008,0.73
11/6/2008,0.8
11/7/2008,0.9
11/10/2008,1.55
11/12/2008,1.39
11/13/2008,1.29
11/14/2008,0.91
11/17/2008,0.67
11/18/2008,0.33
11/19/2008,-0.1
11/20/2008,-1.09
11/21/2008,-1.84
11/24/2008,-1.4
11/25/2008,-1.55
11/26/2008,-1.73
11/28/2008,-1.76
12/1/2008,-0.36
12/2/2008,-0.38
12/3/2008,-0.56
12/4/2008,-0.53
12/5/2008,-0.31
12/8/2008,-0.2
12/9/2008,-0.06
12/10/2008,0.19
12/11/2008,0.02
12/12/2008,-0.03
12/15/2008,0.1
12/16/2008,-0.03
12/17/2008,0.61
12/18/2008,1.05
12/19/2008,1.44
12/22/2008,1.84
12/23/2008,2.02
12/24/2008,2.33
12/26/2008,2.31
12/29/2008,2.48
12/30/2008,2.93
12/31/2008,3.18
1/2/2009,0.06
1/5/2009,0.37
1/6/2009,1.14
1/7/2009,1.89
1/8/2009,2
1/9/2009,1.99
1/12/2009,2.15
1/13/2009,1.94
1/14/2009,1.9
1/15/2009,1.94
1/16/2009,2
1/20/2009,2.09
1/21/2009,2.17
1/22/2009,2.2
1/23/2009,2.18
1/26/2009,2.46
1/27/2009,2.83
1/28/2009,3.42
1/29/2009,3.56
1/30/2009,3.77
2/2/2009,-0.15
2/3/2009,-0.1
2/4/2009,-0.26
2/5/2009,-0.22
2/6/2009,-0.15
2/9/2009,0.18
2/10/2009,0.34
2/11/2009,0.46
2/12/2009,0.36
2/13/2009,0.53
2/17/2009,0.52
2/18/2009,-0.14
2/19/2009,-0.26
2/20/2009,-0.75
2/23/2009,-1.08
2/24/2009,-1.33
2/25/2009,-1.4
2/26/2009,-1.42
2/27/2009,-1.43
3/2/2009,-0.34
3/3/2009,-0.65
3/4/2009,-1.07
3/5/2009,-1.47
3/6/2009,-1.78
3/9/2009,-2.16
3/10/2009,-1.95
3/11/2009,-2.09
3/12/2009,-2.39
3/13/2009,-2.53
3/16/2009,-2.46
3/17/2009,-2.33
3/18/2009,-2.56
3/19/2009,-2.6
3/20/2009,-2.63
3/23/2009,-2.45
3/24/2009,-2.44
3/25/2009,-2.47
3/26/2009,-2.48
3/27/2009,-2.34
3/30/2009,-2.53
3/31/2009,-2.61
4/1/2009,-0.09
4/2/2009,0.19
4/3/2009,0.54
4/6/2009,0.92
4/7/2009,0.99
4/8/2009,1.11
4/9/2009,1.44
4/13/2009,1.97
4/14/2009,2.47
4/15/2009,2.67
4/16/2009,3.01
4/17/2009,3.31
4/20/2009,3.54
4/21/2009,3.33
4/22/2009,3.34
4/23/2009,3.53
4/24/2009,3.84
4/27/2009,3.98
4/28/2009,4.13
4/29/2009,4.34
4/30/2009,5.39
5/1/2009,0.03
5/4/2009,0.27
5/5/2009,0.73
5/6/2009,1.11
5/7/2009,1.64
5/8/2009,2.06
5/11/2009,2.08
5/12/2009,2.03
5/13/2009,1.88
5/14/2009,1.58
5/15/2009,1.92
5/18/2009,2.02
5/19/2009,2.47
5/20/2009,2.92
5/21/2009,3.02
5/22/2009,3.2
5/26/2009,3.43
5/27/2009,3.81
5/28/2009,4.3
5/29/2009,5.08
6/1/2009,0.55
6/2/2009,1.32
6/3/2009,1.46
6/4/2009,1.47
6/5/2009,1.68
6/8/2009,1.71
6/9/2009,1.88
6/10/2009,2.28
6/11/2009,2.55
6/12/2009,2.83
6/15/2009,3
6/16/2009,3.01
6/17/2009,2.76
6/18/2009,2.63
6/19/2009,2.82
6/22/2009,2.84
6/23/2009,2.8
6/24/2009,2.69
6/25/2009,2.65
6/26/2009,2.58
6/29/2009,2.61
6/30/2009,2.83
7/1/2009,0.01
7/2/2009,0.08
7/6/2009,0.04
7/7/2009,0.06
7/8/2009,0.07
7/9/2009,0.11
7/10/2009,0.15
7/13/2009,0.21
7/14/2009,0.27
7/15/2009,0.64
7/16/2009,0.72
7/17/2009,1.06
7/20/2009,1.48
7/21/2009,1.77
7/22/2009,1.9
7/23/2009,2.02
7/24/2009,2.21
7/27/2009,2.32
7/28/2009,2.58
7/29/2009,2.83
7/30/2009,3.31
7/31/2009,3.84
8/3/2009,0.2
8/4/2009,0.27
8/5/2009,0.4
8/6/2009,0.54
8/7/2009,0.68
8/10/2009,0.8
8/11/2009,0.8
8/12/2009,0.64
8/13/2009,0.68
8/14/2009,0.69
8/17/2009,0.33
8/18/2009,0.14
8/19/2009,-0.05
8/20/2009,0.06
8/21/2009,0.25
8/24/2009,0.46
8/25/2009,0.6
8/26/2009,0.57
8/27/2009,0.59
8/28/2009,0.7
8/31/2009,0.76
9/1/2009,-0.14
9/2/2009,-0.14
9/3/2009,-0.12
9/4/2009,-0.05
9/8/2009,0.13
9/9/2009,0.23
9/10/2009,0.35
9/11/2009,0.54
9/14/2009,0.65
9/15/2009,0.8
9/16/2009,1.05
9/17/2009,1.15
9/18/2009,1.15
9/21/2009,1.17
9/22/2009,1.16
9/23/2009,1.12
9/24/2009,1.09
9/25/2009,1.06
9/28/2009,0.98
9/29/2009,0.79
9/30/2009,0.79
10/1/2009,-0.21
10/2/2009,-0.43
10/5/2009,-0.29
10/6/2009,-0.23
10/7/2009,-0.01
10/8/2009,0.02
10/9/2009,0.08
10/13/2009,0.17
10/14/2009,0.28
10/15/2009,0.32
10/16/2009,0.36
10/19/2009,0.46
10/20/2009,0.58
10/21/2009,0.65
10/22/2009,0.7
10/23/2009,0.87
10/26/2009,0.98
10/27/2009,0.97
10/28/2009,0.92
10/29/2009,0.87
10/30/2009,0.89
11/2/2009,-0.01
11/3/2009,-0.12
11/4/2009,-0.11
11/5/2009,-0.05
11/6/2009,0.1
11/9/2009,0.2
11/10/2009,0.26
11/12/2009,0.27
11/13/2009,0.3
11/16/2009,0.32
11/17/2009,0.32
11/18/2009,0.29
11/19/2009,0.19
11/20/2009,0.16
11/23/2009,0.14
11/24/2009,0.06
11/25/2009,-0.14
11/27/2009,0.05
11/30/2009,-0.08
12/1/2009,0.01
12/2/2009,0.14
12/3/2009,0.27
12/4/2009,0.49
12/7/2009,0.55
12/8/2009,0.68
12/9/2009,0.72
12/10/2009,0.89
12/11/2009,1.1
12/14/2009,1.25
12/15/2009,1.53
12/16/2009,1.56
12/17/2009,1.59
12/18/2009,1.66
12/21/2009,1.67
12/22/2009,1.72
12/23/2009,1.85
12/24/2009,1.84
12/28/2009,1.89
12/29/2009,1.98
12/30/2009,2.04
12/31/2009,2.22
1/4/2010,0.11
1/5/2010,0.36
1/6/2010,0.48
1/7/2010,0.57
1/8/2010,0.58
1/11/2010,0.63
1/12/2010,0.54
1/13/2010,0.48
1/14/2010,0.52
1/15/2010,0.38
1/19/2010,0.27
1/20/2010,0.24
1/21/2010,0.27
1/22/2010,-0.01
1/25/2010,-0.09
1/26/2010,-0.22
1/27/2010,-0.15
1/28/2010,-0.19
1/29/2010,-0.11
2/1/2010,-0.11
2/2/2010,-0.06
2/3/2010,0.07
2/4/2010,-0.14
2/5/2010,-0.48
2/8/2010,-0.59
2/9/2010,-0.69
2/10/2010,-0.63
2/11/2010,-0.66
2/12/2010,-0.58
2/16/2010,-0.66
2/17/2010,-0.53
2/18/2010,-0.35
2/19/2010,-0.15
2/22/2010,0
2/23/2010,0.01
2/24/2010,-0.02
2/25/2010,-0.09
2/26/2010,-0.05
3/1/2010,0.06
3/2/2010,0.16
3/3/2010,0.16
3/4/2010,0.22
3/5/2010,0.32
3/8/2010,0.5
3/9/2010,0.51
3/10/2010,0.59
3/11/2010,0.63
3/12/2010,0.68
3/15/2010,0.76
3/16/2010,0.77
3/17/2010,0.93
3/18/2010,1
3/19/2010,1.02
3/22/2010,0.95
3/23/2010,0.97
3/24/2010,1.01
3/25/2010,1.06
3/26/2010,1.14
3/29/2010,1.18
3/30/2010,1.25
3/31/2010,1.28
4/1/2010,0.04
4/2/2010,0.08
4/5/2010,0.2
4/6/2010,0.22
4/7/2010,0.27
4/8/2010,0.24
4/9/2010,0.29
4/12/2010,0.35
4/13/2010,0.42
4/14/2010,0.48
4/15/2010,0.65
4/16/2010,0.68
4/19/2010,0.5
4/20/2010,0.59
4/21/2010,0.68
4/22/2010,0.67
4/23/2010,0.68
4/26/2010,0.63
4/27/2010,0.44
4/28/2010,0.3
4/29/2010,0.46
4/30/2010,0.52
5/3/2010,-0.09
5/4/2010,-0.18
5/5/2010,-0.43
5/6/2010,-1.04
5/7/2010,-1.62
5/10/2010,-1.32
5/11/2010,-1.6
5/12/2010,-1.39
5/13/2010,-1.27
5/14/2010,-1.3
5/17/2010,-1.33
5/18/2010,-1.39
5/19/2010,-1.72
5/20/2010,-1.97
5/21/2010,-2.08
5/24/2010,-2.3
5/25/2010,-2.65
5/26/2010,-2.53
5/27/2010,-2.44
5/28/2010,-2.6
5/31/2010,-2.6
6/1/2010,-0.1
6/2/2010,-0.19
6/3/2010,-0.11
6/4/2010,-0.1
6/7/2010,-0.17
6/8/2010,-0.36
6/9/2010,-0.46
6/10/2010,-0.57
6/11/2010,-0.51
6/14/2010,-0.41
6/15/2010,-0.37
6/16/2010,-0.38
6/17/2010,-0.2
6/18/2010,-0.07
6/21/2010,0.2
6/22/2010,0.17
6/23/2010,0.07
6/24/2010,0.02
6/25/2010,-0.04
6/28/2010,0.04
6/29/2010,-0.06
6/30/2010,-0.09
7/1/2010,0.04
7/2/2010,0.03
7/6/2010,0.08
7/7/2010,0.08
7/8/2010,0.19
7/9/2010,0.33
7/12/2010,0.44
7/13/2010,0.61
7/14/2010,0.7
7/15/2010,0.7
7/16/2010,0.72
7/19/2010,0.68
7/20/2010,0.68
7/21/2010,0.8
7/22/2010,0.89
7/23/2010,1.03
7/26/2010,1.15
7/27/2010,1.41
7/28/2010,1.41
7/29/2010,1.34
7/30/2010,1.26
8/2/2010,0.08
8/3/2010,0.12
8/4/2010,0.15
8/5/2010,0.19
8/6/2010,0.18
8/9/2010,0.22
8/10/2010,0.14
8/11/2010,-0.01
8/12/2010,-0.11
8/13/2010,-0.16
8/16/2010,-0.09
8/17/2010,-0.05
8/18/2010,0.05
8/19/2010,0.1
8/20/2010,0.03
8/23/2010,0.02
8/24/2010,-0.12
8/25/2010,-0.21
8/26/2010,-0.22
8/27/2010,-0.35
8/30/2010,-0.47
8/31/2010,-0.66
9/1/2010,0.07
9/2/2010,0.18
9/3/2010,0.31
9/7/2010,0.45
9/8/2010,0.53
9/9/2010,0.61
9/10/2010,0.66
9/13/2010,0.83
9/14/2010,0.9
9/15/2010,0.69
9/16/2010,0.66
9/17/2010,0.68
9/20/2010,0.74
9/21/2010,0.75
9/22/2010,0.74
9/23/2010,0.67
9/24/2010,0.67
9/27/2010,0.77
9/28/2010,0.75
9/29/2010,0.74
9/30/2010,0.78
10/1/2010,0.03
10/4/2010,0.07
10/5/2010,0.14
10/6/2010,0.34
10/7/2010,0.39
10/8/2010,0.37
10/12/2010,0.38
10/13/2010,0.41
10/14/2010,0.31
10/15/2010,0.11
10/18/2010,0.13
10/19/2010,0.2
10/20/2010,0.17
10/21/2010,0.24
10/22/2010,0.28
10/25/2010,0.48
10/26/2010,0.53
10/27/2010,0.55
10/28/2010,0.57
10/29/2010,0.55
11/1/2010,0.01
11/2/2010,0.07
11/3/2010,0.07
11/4/2010,0.28
11/5/2010,0.37
11/8/2010,0.41
11/9/2010,0.44
11/10/2010,0.32
11/12/2010,0.3
11/15/2010,0.17
11/16/2010,0.17
11/17/2010,0.18
11/18/2010,0.33
11/19/2010,0.35
11/22/2010,0.32
11/23/2010,0.2
11/24/2010,0.14
11/26/2010,0.15
11/29/2010,0.07
11/30/2010,0
12/1/2010,0
12/2/2010,0.15
12/3/2010,0.17
12/6/2010,0.19
12/7/2010,0.36
12/8/2010,0.51
12/9/2010,0.67
12/10/2010,0.69
12/13/2010,0.68
12/14/2010,0.67
12/15/2010,0.66
12/16/2010,0.7
12/17/2010,0.83
12/20/2010,0.8
12/21/2010,0.85
12/22/2010,0.92
12/23/2010,0.97
12/27/2010,1
12/28/2010,0.95
12/29/2010,1.03
12/30/2010,1.09
12/31/2010,1.21
1/3/2011,0.1
1/4/2011,0.25
1/5/2011,0.27
1/6/2011,0.3
1/7/2011,0.28
1/10/2011,0.19
1/11/2011,0.24
1/12/2011,0.27
1/13/2011,0.31
1/14/2011,0.33
1/18/2011,0.41
1/19/2011,0.41
1/20/2011,0.39
1/21/2011,0.45
1/24/2011,0.49
1/25/2011,0.48
1/26/2011,0.44
1/27/2011,0.44
1/28/2011,0.43
1/31/2011,0.4
2/1/2011,0.07
2/2/2011,0.17
2/3/2011,0.23
2/4/2011,0.32
2/7/2011,0.48
2/8/2011,0.59
2/9/2011,0.64
2/10/2011,0.6
2/11/2011,0.62
2/14/2011,0.67
2/15/2011,0.75
2/16/2011,0.77
2/17/2011,0.76
2/18/2011,0.76
2/22/2011,0.68
2/23/2011,0.61
2/24/2011,0.48
2/25/2011,0.57
2/28/2011,0.68
3/1/2011,0.02
3/2/2011,0.01
3/3/2011,0.07
3/4/2011,0.04
3/7/2011,0.02
3/8/2011,0.03
3/9/2011,0.07
3/10/2011,0.02
3/11/2011,-0.06
3/14/2011,-0.06
3/15/2011,-0.29
3/16/2011,-0.36
3/17/2011,-0.39
3/18/2011,-0.29
3/21/2011,-0.21
3/22/2011,-0.16
3/23/2011,-0.17
3/24/2011,-0.13
3/25/2011,-0.09
3/28/2011,-0.06
3/29/2011,-0.08
3/30/2011,-0.07
3/31/2011,-0.06
4/1/2011,0.05
4/4/2011,0.13
4/5/2011,0.2
4/6/2011,0.3
4/7/2011,0.36
4/8/2011,0.41
4/11/2011,0.44
4/12/2011,0.36
4/13/2011,0.38
4/14/2011,0.33
4/15/2011,0.35
4/18/2011,0.27
4/19/2011,0.29
4/20/2011,0.4
4/21/2011,0.43
4/25/2011,0.43
4/26/2011,0.46
4/27/2011,0.45
4/28/2011,0.44
4/29/2011,0.42
5/2/2011,0.05
5/3/2011,0.09
5/4/2011,0.1
5/5/2011,0.07
5/6/2011,0.04
5/9/2011,0.03
5/10/2011,0.02
5/11/2011,0
5/12/2011,-0.08
5/13/2011,-0.08
5/16/2011,-0.1
5/17/2011,-0.1
5/18/2011,-0.11
5/19/2011,-0.11
5/20/2011,-0.1
5/23/2011,-0.18
5/24/2011,-0.2
5/25/2011,-0.29
5/26/2011,-0.37
5/27/2011,-0.4
5/31/2011,-0.39
6/1/2011,-0.02
6/2/2011,-0.19
6/3/2011,-0.22
6/6/2011,-0.29
6/7/2011,-0.27
6/8/2011,-0.33
6/9/2011,-0.37
6/10/2011,-0.39
6/13/2011,-0.49
6/14/2011,-0.44
6/15/2011,-0.4
6/16/2011,-0.55
6/17/2011,-0.49
6/20/2011,-0.55
6/21/2011,-0.5
6/22/2011,-0.49
6/23/2011,-0.61
6/24/2011,-0.67
6/27/2011,-0.75
6/28/2011,-0.66
6/29/2011,-0.5
6/30/2011,-0.35
7/1/2011,0.11
7/5/2011,0.21
7/6/2011,0.2
7/7/2011,0.32
7/8/2011,0.35
7/11/2011,0.22
7/12/2011,0.19
7/13/2011,0.26
7/14/2011,0.21
7/15/2011,0.12
7/18/2011,0
7/19/2011,0.03
7/20/2011,0.08
7/21/2011,0.12
7/22/2011,0.24
7/25/2011,0.18
7/26/2011,0.25
7/27/2011,0.29
7/28/2011,0.31
7/29/2011,0.33
8/1/2011,0.08
8/2/2011,0.08
8/3/2011,0
8/4/2011,-0.2
8/5/2011,-0.55
8/8/2011,-1.2
8/9/2011,-1.63
8/10/2011,-1.74
8/11/2011,-2.4
8/12/2011,-2.3
8/15/2011,-2.65
8/16/2011,-2.67
8/17/2011,-2.66
8/18/2011,-2.94
8/19/2011,-3.28
8/22/2011,-3.36
8/23/2011,-3.75
8/24/2011,-3.97
8/25/2011,-3.77
8/26/2011,-3.86
8/29/2011,-3.78
8/30/2011,-3.64
8/31/2011,-3.33
9/1/2011,0.1
9/2/2011,0.07
9/6/2011,-0.22
9/7/2011,-0.13
9/8/2011,-0.18
9/9/2011,-0.36
9/12/2011,-0.74
9/13/2011,-0.84
9/14/2011,-0.8
9/15/2011,-0.8
9/16/2011,-0.77
9/19/2011,-0.94
9/20/2011,-0.94
9/21/2011,-0.9
9/22/2011,-1.53
9/23/2011,-1.94
9/26/2011,-1.87
9/27/2011,-1.7
9/28/2011,-1.71
9/29/2011,-1.77
9/30/2011,-1.92
10/3/2011,-0.28
10/4/2011,-0.88
10/5/2011,-0.88
10/6/2011,-0.64
10/7/2011,-0.47
10/11/2011,-0.01
10/12/2011,0.25
10/13/2011,0.5
10/14/2011,0.57
10/17/2011,0.73
10/18/2011,0.75
10/19/2011,1.15
10/20/2011,1.39
10/21/2011,1.56
10/24/2011,1.83
10/25/2011,2.08
10/26/2011,2.07
10/27/2011,2.64
10/28/2011,2.83
10/31/2011,2.73
11/1/2011,-0.43
11/2/2011,-0.47
11/3/2011,-0.4
11/4/2011,-0.37
11/7/2011,-0.49
11/8/2011,-0.68
11/9/2011,-1.2
11/10/2011,-1.29
11/14/2011,-1.29
11/15/2011,-1.69
11/16/2011,-1.87
11/17/2011,-2.12
11/18/2011,-2.12
11/21/2011,-2.49
11/22/2011,-2.72
11/23/2011,-3.1
11/25/2011,-3.25
11/28/2011,-3
11/29/2011,-3.04
11/30/2011,-2.88
12/1/2011,0.06
12/2/2011,0.51
12/5/2011,0.88
12/6/2011,0.89
12/7/2011,0.9
12/8/2011,0.87
12/9/2011,0.71
12/12/2011,0.64
12/13/2011,0.66
12/14/2011,0.63
12/15/2011,0.49
12/16/2011,0.56
12/19/2011,0.62
12/20/2011,0.58
12/21/2011,0.62
12/22/2011,0.7
12/23/2011,0.71
12/27/2011,0.81
12/28/2011,0.9
12/29/2011,0.97
12/30/2011,0.99
1/3/2012,0.15
1/4/2012,0.31
1/5/2012,0.27
1/6/2012,0.36
1/9/2012,0.45
1/10/2012,0.57
1/11/2012,0.55
1/12/2012,0.62
1/13/2012,0.66
1/17/2012,0.69
1/18/2012,0.76
1/19/2012,0.97
1/20/2012,1.11
1/23/2012,1.24
1/24/2012,1.32
1/25/2012,1.35
1/26/2012,1.65
1/27/2012,1.72
1/30/2012,1.72
1/31/2012,1.77
2/1/2012,0.11
2/2/2012,0.23
2/3/2012,0.41
2/6/2012,0.68
2/7/2012,0.78
2/8/2012,0.92
2/9/2012,1
2/10/2012,0.94
2/13/2012,1.06
2/14/2012,1.11
2/15/2012,1.01
2/16/2012,0.79
2/17/2012,0.95
2/21/2012,1.06
2/22/2012,1.11
2/23/2012,1.15
2/24/2012,1.3
2/27/2012,1.34
2/28/2012,1.45
2/29/2012,1.68
3/1/2012,0.09
3/2/2012,0.13
3/5/2012,0.07
3/6/2012,-0.22
3/7/2012,-0.27
3/8/2012,-0.14
3/9/2012,-0.17
3/12/2012,-0.14
3/13/2012,-0.05
3/14/2012,0.14
3/15/2012,0.31
3/16/2012,0.42
3/19/2012,0.49
3/20/2012,0.47
3/21/2012,0.51
3/22/2012,0.36
3/23/2012,0.31
3/26/2012,0.38
3/27/2012,0.41
3/28/2012,0.41
3/29/2012,0.33
3/30/2012,0.34
4/2/2012,0.02
4/3/2012,0.04
4/4/2012,-0.1
4/5/2012,-0.23
4/6/2012,-0.24
4/9/2012,-0.49
4/10/2012,-0.57
4/11/2012,-0.66
4/12/2012,-0.56
4/13/2012,-0.46
4/16/2012,-0.57
4/17/2012,-0.53
4/18/2012,-0.55
4/19/2012,-0.55
4/20/2012,-0.56
4/23/2012,-0.73
4/24/2012,-0.68
4/25/2012,-0.58
4/26/2012,-0.59
4/27/2012,-0.54
4/30/2012,-0.48
5/1/2012,0.03
5/2/2012,0.15
5/3/2012,0.22
5/4/2012,0.21
5/7/2012,0.05
5/8/2012,0.02
5/9/2012,-0.18
5/10/2012,-0.15
5/11/2012,-0.23
5/14/2012,-0.39
5/15/2012,-0.46
5/16/2012,-0.78
5/17/2012,-1.12
5/18/2012,-1.38
5/21/2012,-1.51
5/22/2012,-1.56
5/23/2012,-1.65
5/24/2012,-1.61
5/25/2012,-1.55
5/29/2012,-1.44
5/30/2012,-1.51
5/31/2012,-1.59
6/1/2012,-0.32
6/4/2012,-0.39
6/5/2012,-0.43
6/6/2012,-0.27
6/7/2012,-0.02
6/8/2012,0
6/11/2012,0.16
6/12/2012,0.03
6/13/2012,0.01
6/14/2012,-0.02
6/15/2012,0.14
6/18/2012,0.21
6/19/2012,0.29
6/20/2012,0.53
6/21/2012,0.65
6/22/2012,0.67
6/25/2012,0.66
6/26/2012,0.63
6/27/2012,0.64
6/28/2012,0.59
6/29/2012,0.81
7/2/2012,0.06
7/3/2012,0.19
7/5/2012,0.23
7/6/2012,0.19
7/9/2012,0.17
7/10/2012,0.33
7/11/2012,0.41
7/12/2012,0.43
7/13/2012,0.53
7/16/2012,0.61
7/17/2012,0.82
7/18/2012,1.2
7/19/2012,1.38
7/20/2012,1.32
7/23/2012,1.02
7/24/2012,0.99
7/25/2012,1.06
7/26/2012,1.21
7/27/2012,1.38
7/30/2012,1.54
7/31/2012,1.62
8/1/2012,0.07
8/2/2012,0.07
8/3/2012,0.09
8/6/2012,0.23
8/7/2012,0.3
8/8/2012,0.32
8/9/2012,0.35
8/10/2012,0.34
8/13/2012,0.41
8/14/2012,0.42
8/15/2012,0.37
8/16/2012,0.36
8/17/2012,0.42
8/20/2012,0.45
8/21/2012,0.52
8/22/2012,0.51
8/23/2012,0.49
8/24/2012,0.44
8/27/2012,0.5
8/28/2012,0.52
8/29/2012,0.48
8/30/2012,0.42
8/31/2012,0.42
9/4/2012,0.05
9/5/2012,0
9/6/2012,0.11
9/7/2012,0.32
9/10/2012,0.4
9/11/2012,0.43
9/12/2012,0.53
9/13/2012,0.62
9/14/2012,1
9/17/2012,1.13
9/18/2012,1.12
9/19/2012,1.23
9/20/2012,1.19
9/21/2012,1.19
9/24/2012,1.17
9/25/2012,1.16
9/26/2012,1
9/27/2012,1.06
9/28/2012,1.17
10/1/2012,0.06
10/2/2012,0.16
10/3/2012,0.22
10/4/2012,0.35
10/5/2012,0.64
10/9/2012,0.75
10/10/2012,0.78
10/11/2012,0.91
10/12/2012,1.05
10/15/2012,1.14
10/16/2012,1.38
10/17/2012,1.79
10/18/2012,1.93
10/19/2012,1.91
10/22/2012,1.78
10/23/2012,1.48
10/24/2012,1.52
10/25/2012,1.55
10/26/2012,1.48
10/29/2012,1.38
10/31/2012,1.47
11/1/2012,-0.01
11/2/2012,0.01
11/5/2012,-0.13
11/6/2012,-0.24
11/7/2012,-0.39
11/8/2012,-0.5
11/9/2012,-0.72
11/13/2012,-0.76
11/14/2012,-0.73
11/15/2012,-0.94
11/16/2012,-1.08
11/19/2012,-0.98
11/20/2012,-0.91
11/21/2012,-0.86
11/23/2012,-0.78
11/26/2012,-0.77
11/27/2012,-0.78
11/28/2012,-0.89
11/29/2012,-0.86
11/30/2012,-0.87
12/3/2012,0.03
12/4/2012,0.09
12/5/2012,0.1
12/6/2012,0.08
12/7/2012,0.06
12/10/2012,0.09
12/11/2012,0.15
12/12/2012,0.21
12/13/2012,0.27
12/14/2012,0.3
12/17/2012,0.31
12/18/2012,0.44
12/19/2012,0.61
12/20/2012,0.7
12/21/2012,0.63
12/24/2012,0.59
12/26/2012,0.66
12/27/2012,0.69
12/28/2012,0.66
12/31/2012,0.6
1/2/2013,0.35
1/3/2013,0.48
1/4/2013,0.54
1/7/2013,0.63
1/8/2013,0.59
1/9/2013,0.5
1/10/2013,0.5
1/11/2013,0.54
1/14/2013,0.49
1/15/2013,0.32
1/16/2013,0.28
1/17/2013,0.35
1/18/2013,0.36
1/22/2013,0.33
1/23/2013,0.31
1/24/2013,0.31
1/25/2013,0.39
1/28/2013,0.46
1/29/2013,0.39
1/30/2013,0.4
1/31/2013,0.35
2/1/2013,0
2/4/2013,0
2/5/2013,0.02
2/6/2013,0.02
2/7/2013,0.01
2/8/2013,0.02
2/11/2013,0.04
2/12/2013,0.05
2/13/2013,0.14
2/14/2013,0.11
2/15/2013,0.06
2/19/2013,0.08
2/20/2013,0.11
2/21/2013,0.05
2/22/2013,0.11
2/25/2013,0.1
2/26/2013,0.02
2/27/2013,0.02
2/28/2013,0.05
3/1/2013,-0.07
3/4/2013,-0.05
3/5/2013,0.02
3/6/2013,0.09
3/7/2013,0.11
3/8/2013,0.19
3/11/2013,0.21
3/12/2013,0.23
3/13/2013,0.24
3/14/2013,0.24
3/15/2013,0.19
3/18/2013,0.09
3/19/2013,0.1
3/20/2013,0.04
3/21/2013,0.05
3/22/2013,0.01
3/25/2013,0.02
3/26/2013,-0.07
3/27/2013,-0.13
3/28/2013,-0.12
3/29/2013,-0.12
4/1/2013,-0.02
4/2/2013,0.02
4/3/2013,0.06
4/4/2013,0.07
4/5/2013,0.11
4/8/2013,0.19
4/9/2013,0.26
4/10/2013,0.35
4/11/2013,0.44
4/12/2013,0.42
4/15/2013,0.37
4/16/2013,0.34
4/17/2013,0.32
4/18/2013,0.33
4/19/2013,0.35
4/22/2013,0.35
4/23/2013,0.41
4/24/2013,0.47
4/25/2013,0.47
4/26/2013,0.48
4/29/2013,0.52
4/30/2013,0.49
5/1/2013,0.02
5/2/2013,0.03
5/3/2013,0.08
5/6/2013,0.17
5/7/2013,0.26
5/8/2013,0.28
5/9/2013,0.27
5/10/2013,0.27
5/13/2013,0.31
5/14/2013,0.32
5/15/2013,0.32
5/16/2013,0.34
5/17/2013,0.35
5/20/2013,0.37
5/21/2013,0.37
5/22/2013,0.39
5/23/2013,0.32
5/24/2013,0.34
5/28/2013,0.38
5/29/2013,0.29
5/30/2013,0.25
5/31/2013,0.16
6/3/2013,-0.09
6/4/2013,-0.2
6/5/2013,-0.52
6/6/2013,-0.64
6/7/2013,-0.56
6/10/2013,-0.51
6/11/2013,-0.73
6/12/2013,-0.73
6/13/2013,-0.77
6/14/2013,-0.73
6/17/2013,-0.73
6/18/2013,-0.81
6/19/2013,-0.87
6/20/2013,-1.23
6/21/2013,-1.16
6/24/2013,-1.37
6/25/2013,-1.48
6/26/2013,-1.35
6/27/2013,-1.29
6/28/2013,-1.18
7/1/2013,0.09
7/2/2013,0.22
7/3/2013,0.28
7/5/2013,0.34
7/8/2013,0.46
7/9/2013,0.65
7/10/2013,0.7
7/11/2013,0.83
7/12/2013,0.85
7/15/2013,0.9
7/16/2013,0.96
7/17/2013,0.99
7/18/2013,1.08
7/19/2013,1.22
7/22/2013,1.29
7/23/2013,1.33
7/24/2013,1.33
7/25/2013,1.19
7/26/2013,1.19
7/29/2013,1.18
7/30/2013,1.2
7/31/2013,1.17
8/1/2013,0.06
8/2/2013,0.08
8/5/2013,0.04
8/6/2013,0.04
8/7/2013,-0.02
8/8/2013,-0.02
8/9/2013,-0.04
8/12/2013,-0.08
8/13/2013,-0.06
8/14/2013,-0.07
8/15/2013,-0.21
8/16/2013,-0.27
8/19/2013,-0.32
8/20/2013,-0.37
8/21/2013,-0.36
8/22/2013,-0.31
8/23/2013,-0.21
8/26/2013,-0.14
8/27/2013,-0.15
8/28/2013,-0.16
8/29/2013,-0.13
8/30/2013,-0.11
9/3/2013,0.1
9/4/2013,0.14
9/5/2013,0.07
9/6/2013,-0.03
9/9/2013,-0.03
9/10/2013,-0.1
9/11/2013,-0.12
9/12/2013,-0.13
9/13/2013,-0.13
9/16/2013,-0.13
9/17/2013,-0.14
9/18/2013,-0.1
9/19/2013,0.04
9/20/2013,0.09
9/23/2013,0.05
9/24/2013,0.07
9/25/2013,0.08
9/26/2013,0.03
9/27/2013,-0.02
9/30/2013,-0.14
10/1/2013,0.09
10/2/2013,0.12
10/3/2013,0.18
10/4/2013,0.23
10/7/2013,0.23
10/8/2013,0.28
10/9/2013,0.29
10/10/2013,0.42
10/11/2013,0.5
10/15/2013,0.5
10/16/2013,0.62
10/17/2013,0.71
10/18/2013,0.78
10/21/2013,0.81
10/22/2013,0.83
10/23/2013,0.77
10/24/2013,0.77
10/25/2013,0.76
10/28/2013,0.77
10/29/2013,0.81
10/30/2013,0.86
10/31/2013,0.83
11/1/2013,0.01
11/4/2013,0.04
11/5/2013,-0.01
11/6/2013,-0.04
11/7/2013,-0.05
11/8/2013,-0.09
11/12/2013,-0.06
11/13/2013,-0.08
11/14/2013,-0.05
11/15/2013,0.06
11/18/2013,0.16
11/19/2013,0.15
11/20/2013,0.17
11/21/2013,0.25
11/22/2013,0.36
11/25/2013,0.42
11/26/2013,0.43
11/27/2013,0.44
11/29/2013,0.47
12/2/2013,0.06
12/3/2013,0.04
12/4/2013,0.01
12/5/2013,0.05
12/6/2013,0.09
12/9/2013,0.15
12/10/2013,0.26
12/11/2013,0.3
12/12/2013,0.32
12/13/2013,0.37
12/16/2013,0.44
12/17/2013,0.53
12/18/2013,0.59
12/19/2013,0.77
12/20/2013,0.85
12/23/2013,0.88
12/24/2013,0.9
12/26/2013,0.92
12/27/2013,0.96
12/30/2013,0.99
12/31/2013,1.03
1/2/2014,0.05
1/3/2014,0.13
1/6/2014,0.17
1/7/2014,0.16
1/8/2014,0.12
1/9/2014,0.13
1/10/2014,0.1
1/13/2014,0.07
1/14/2014,0.04
1/15/2014,0.1
1/16/2014,0.1
1/17/2014,0.11
1/21/2014,0.11
1/22/2014,0.1
1/23/2014,-0.05
1/24/2014,-0.28
1/27/2014,-0.26
1/28/2014,-0.21
1/29/2014,-0.21
1/30/2014,-0.23
1/31/2014,-0.25
2/3/2014,-0.01
2/4/2014,-0.07
2/5/2014,-0.05
2/6/2014,0.05
2/7/2014,0.13
2/10/2014,0.16
2/11/2014,0.23
2/12/2014,0.31
2/13/2014,0.34
2/14/2014,0.39
2/18/2014,0.41
2/19/2014,0.45
2/20/2014,0.44
2/21/2014,0.5
2/24/2014,0.51
2/25/2014,0.54
2/26/2014,0.57
2/27/2014,0.58
2/28/2014,0.64
3/3/2014,-0.05
3/4/2014,0.03
3/5/2014,0.02
3/6/2014,-0.02
3/7/2014,-0.04
3/10/2014,-0.07
3/11/2014,-0.09
3/12/2014,-0.16
3/13/2014,-0.18
3/14/2014,-0.23
3/17/2014,-0.25
3/18/2014,-0.23
3/19/2014,-0.07
3/20/2014,-0.01
3/21/2014,0.12
3/24/2014,0.15
3/25/2014,0.19
3/26/2014,0.26
3/27/2014,0.27
3/28/2014,0.3
3/31/2014,0.29
4/1/2014,0.06
4/2/2014,0.13
4/3/2014,0.2
4/4/2014,0.24
4/7/2014,0.25
4/8/2014,0.22
4/9/2014,0.24
4/10/2014,0.26
4/11/2014,0.22
4/14/2014,0.24
4/15/2014,0.28
4/16/2014,0.32
4/17/2014,0.35
4/21/2014,0.36
4/22/2014,0.39
4/23/2014,0.42
4/24/2014,0.43
4/25/2014,0.42
4/28/2014,0.42
4/29/2014,0.43
4/30/2014,0.41
5/1/2014,0.05
5/2/2014,0.1
5/5/2014,0.07
5/6/2014,0.1
5/7/2014,0.04
5/8/2014,0.03
5/9/2014,0.02
5/12/2014,0.07
5/13/2014,0.03
5/14/2014,0.03
5/15/2014,0.02
5/16/2014,-0.02
5/19/2014,-0.01
5/20/2014,-0.01
5/21/2014,-0.07
5/22/2014,-0.06
5/23/2014,-0.04
5/27/2014,0.01
5/28/2014,0.02
5/29/2014,0.01
5/30/2014,0.03
6/2/2014,0
6/3/2014,0.01
6/4/2014,0.02
6/5/2014,0.04
6/6/2014,0.14
6/9/2014,0.2
6/10/2014,0.23
6/11/2014,0.21
6/12/2014,0.23
6/13/2014,0.24
6/16/2014,0.25
6/17/2014,0.26
6/18/2014,0.28
6/19/2014,0.3
6/20/2014,0.34
6/23/2014,0.38
6/24/2014,0.41
6/25/2014,0.38
6/26/2014,0.36
6/27/2014,0.28
6/30/2014,0.26
7/1/2014,0.02
7/2/2014,0.05
7/3/2014,0.1
7/7/2014,0.13
7/8/2014,0.11
7/9/2014,0.09
7/10/2014,-0.01
7/11/2014,0.02
7/14/2014,0.04
7/15/2014,0.08
7/16/2014,0.1
7/17/2014,0.05
7/18/2014,0.01
7/21/2014,0
7/22/2014,0
7/23/2014,0
7/24/2014,0.04
7/25/2014,0.07
7/28/2014,0.07
7/29/2014,0.06
7/30/2014,0.06
7/31/2014,0.05
8/1/2014,-0.16
8/4/2014,-0.18
8/5/2014,-0.21
8/6/2014,-0.29
8/7/2014,-0.28
8/8/2014,-0.33
8/11/2014,-0.29
8/12/2014,-0.32
8/13/2014,-0.34
8/14/2014,-0.34
8/15/2014,-0.3
8/18/2014,-0.35
8/19/2014,-0.33
8/20/2014,-0.27
8/21/2014,-0.21
8/22/2014,-0.17
8/25/2014,-0.15
8/26/2014,-0.13
8/27/2014,-0.1
8/28/2014,-0.11
8/29/2014,-0.12
9/2/2014,0.01
9/3/2014,0.01
9/4/2014,-0.05
9/5/2014,-0.11
9/8/2014,-0.09
9/9/2014,-0.11
9/10/2014,-0.2
9/11/2014,-0.22
9/12/2014,-0.21
9/15/2014,-0.25
9/16/2014,-0.28
9/17/2014,-0.25
9/18/2014,-0.19
9/19/2014,-0.15
9/22/2014,-0.18
9/23/2014,-0.25
9/24/2014,-0.3
9/25/2014,-0.37
9/26/2014,-0.5
9/29/2014,-0.64
9/30/2014,-0.66
10/1/2014,0.02
10/2/2014,0.04
10/3/2014,0.2
10/6/2014,0.24
10/7/2014,0.22
10/8/2014,0.11
10/9/2014,0.08
10/10/2014,-0.03
10/14/2014,-0.21
10/15/2014,-0.36
10/16/2014,-0.55
10/17/2014,-0.32
10/20/2014,-0.33
10/21/2014,-0.24
10/22/2014,-0.23
10/23/2014,-0.25
10/24/2014,-0.25
10/27/2014,-0.25
10/28/2014,-0.25
10/29/2014,-0.22
10/30/2014,-0.26
10/31/2014,-0.25
11/3/2014,-0.03
11/4/2014,-0.11
11/5/2014,-0.13
11/6/2014,-0.12
11/7/2014,-0.18
11/10/2014,-0.18
11/12/2014,-0.23
11/13/2014,-0.3
11/14/2014,-0.34
11/17/2014,-0.36
11/18/2014,-0.6
11/19/2014,-0.66
11/20/2014,-0.65
11/21/2014,-0.49
11/24/2014,-0.38
11/25/2014,-0.34
11/26/2014,-0.36
11/28/2014,-0.47
12/1/2014,-0.11
12/2/2014,-0.13
12/3/2014,-0.12
12/4/2014,-0.13
12/5/2014,-0.1
12/8/2014,-0.09
12/9/2014,-0.23
12/10/2014,-0.36
12/11/2014,-0.43
12/12/2014,-0.59
12/15/2014,-0.69
12/16/2014,-1.03
12/17/2014,-0.88
12/18/2014,-0.56
12/19/2014,-0.46
12/22/2014,-0.38
12/23/2014,-0.36
12/24/2014,-0.32
12/26/2014,-0.28
12/29/2014,-0.28
12/30/2014,-0.33
12/31/2014,-0.38
1/2/2015,0.01
1/5/2015,-0.1
1/6/2015,-0.22
1/7/2015,-0.22
1/8/2015,-0.14
1/9/2015,-0.16
1/12/2015,-0.22
1/13/2015,-0.29
1/14/2015,-0.49
1/15/2015,-0.52
1/16/2015,-0.62
1/20/2015,-0.56
1/21/2015,-0.52
1/22/2015,-0.38
1/23/2015,-0.29
1/26/2015,-0.26
1/27/2015,-0.27
1/28/2015,-0.27
1/29/2015,-0.34
1/30/2015,-0.34
2/2/2015,0.02
2/3/2015,0.13
2/4/2015,0.18
2/5/2015,0.24
2/6/2015,0.43
2/9/2015,0.46
2/10/2015,0.54
2/11/2015,0.55
2/12/2015,0.59
2/13/2015,0.62
2/17/2015,0.67
2/18/2015,0.81
2/19/2015,0.92
2/20/2015,1
2/23/2015,1.02
2/24/2015,1.04
2/25/2015,1.05
2/26/2015,1.06
2/27/2015,1.01
3/2/2015,0
3/3/2015,0.05
3/4/2015,0.04
3/5/2015,0.05
3/6/2015,0.11
3/9/2015,0.1
3/10/2015,-0.01
3/11/2015,-0.07
3/12/2015,-0.14
3/13/2015,-0.22
3/16/2015,-0.36
3/17/2015,-0.48
3/18/2015,-0.51
3/19/2015,-0.46
3/20/2015,-0.47
3/23/2015,-0.47
3/24/2015,-0.48
3/25/2015,-0.52
3/26/2015,-0.53
3/27/2015,-0.49
3/30/2015,-0.45
3/31/2015,-0.43
4/1/2015,0.02
4/2/2015,0.07
4/3/2015,0.03
4/6/2015,0.07
4/7/2015,0.24
4/8/2015,0.3
4/9/2015,0.31
4/10/2015,0.36
4/13/2015,0.33
4/14/2015,0.27
4/15/2015,0.25
4/16/2015,0.25
4/17/2015,0.23
4/20/2015,0.27
4/21/2015,0.31
4/22/2015,0.35
4/23/2015,0.37
4/24/2015,0.36
4/27/2015,0.35
4/28/2015,0.26
4/29/2015,0.12
4/30/2015,0.09
5/1/2015,-0.01
5/4/2015,-0.03
5/5/2015,0
5/6/2015,-0.01
5/7/2015,-0.05
5/8/2015,-0.06
5/11/2015,-0.08
5/12/2015,-0.1
5/13/2015,-0.08
5/14/2015,-0.05
5/15/2015,0.01
5/18/2015,0.02
5/19/2015,-0.02
5/20/2015,-0.14
5/21/2015,-0.19
5/22/2015,-0.23
5/26/2015,-0.2
5/27/2015,-0.23
5/28/2015,-0.28
5/29/2015,-0.36
6/1/2015,-0.14
6/2/2015,-0.15
6/3/2015,-0.04
6/4/2015,0
6/5/2015,0.04
6/8/2015,0.03
6/9/2015,-0.06
6/10/2015,-0.1
6/11/2015,-0.08
6/12/2015,-0.13
6/15/2015,-0.23
6/16/2015,-0.3
6/17/2015,-0.33
6/18/2015,-0.37
6/19/2015,-0.38
6/22/2015,-0.35
6/23/2015,-0.34
6/24/2015,-0.34
6/25/2015,-0.35
6/26/2015,-0.33
6/29/2015,-0.69
6/30/2015,-0.61
7/1/2015,0.17
7/2/2015,0.19
7/6/2015,0.09
7/7/2015,0.04
7/8/2015,-0.02
7/9/2015,-0.02
7/10/2015,0.01
7/13/2015,0.04
7/14/2015,-0.05
7/15/2015,-0.14
7/16/2015,-0.12
7/17/2015,-0.09
7/20/2015,-0.14
7/21/2015,-0.19
7/22/2015,-0.24
7/23/2015,-0.26
7/24/2015,-0.39
7/27/2015,-0.56
7/28/2015,-0.54
7/29/2015,-0.51
7/30/2015,-0.45
7/31/2015,-0.52
8/3/2015,-0.05
8/4/2015,-0.05
8/5/2015,-0.07
8/6/2015,-0.19
8/7/2015,-0.27
8/10/2015,-0.28
8/11/2015,-0.36
8/12/2015,-0.58
8/13/2015,-0.56
8/14/2015,-0.5
8/17/2015,-0.45
8/18/2015,-0.47
8/19/2015,-0.55
8/20/2015,-0.64
8/21/2015,-0.72
8/24/2015,-1.03
8/25/2015,-1.01
8/26/2015,-1
8/27/2015,-0.78
8/28/2015,-0.74
8/31/2015,-0.6
9/1/2015,-0.04
9/2/2015,0.02
9/3/2015,0.12
9/4/2015,0.14
9/8/2015,0.22
9/9/2015,0.38
9/10/2015,0.32
9/11/2015,0.27
9/14/2015,0.24
9/15/2015,0.26
9/16/2015,0.38
9/17/2015,0.48
9/18/2015,0.44
9/21/2015,0.42
9/22/2015,0.37
9/23/2015,0.34
9/24/2015,0.19
9/25/2015,0.15
9/28/2015,-0.06
9/29/2015,-0.34
9/30/2015,-0.33
10/1/2015,-0.09
10/2/2015,-0.18
10/5/2015,-0.06
10/6/2015,0.11
10/7/2015,0.3
10/8/2015,0.34
10/9/2015,0.5
10/13/2015,0.44
10/14/2015,0.38
10/15/2015,0.33
10/16/2015,0.4
10/19/2015,0.47
10/20/2015,0.54
10/21/2015,0.65
10/22/2015,0.75
10/23/2015,0.91
10/26/2015,1
10/27/2015,0.92
10/28/2015,0.89
10/29/2015,0.87
10/30/2015,0.85
11/2/2015,0.03
11/3/2015,0.09
11/4/2015,0.2
11/5/2015,0.22
11/6/2015,0.26
11/9/2015,0.32
11/10/2015,0.28
11/12/2015,0.23
11/13/2015,0.18
11/16/2015,0.11
11/17/2015,0.18
11/18/2015,0.19
11/19/2015,0.22
11/20/2015,0.24
11/23/2015,0.23
11/24/2015,0.19
11/25/2015,0.2
11/27/2015,0.2
11/30/2015,0.22
12/1/2015,0.01
12/2/2015,-0.01
12/3/2015,-0.04
12/4/2015,0.05
12/7/2015,0.01
12/8/2015,-0.16
12/9/2015,-0.2
12/10/2015,-0.25
12/11/2015,-0.51
12/14/2015,-0.82
12/15/2015,-0.83
12/16/2015,-0.75
12/17/2015,-0.72
12/18/2015,-0.84
12/21/2015,-0.89
12/22/2015,-0.85
12/23/2015,-0.8
12/24/2015,-0.78
12/28/2015,-0.75
12/29/2015,-0.73
12/30/2015,-0.63
12/31/2015,-0.62
1/4/2016,-0.11
1/5/2016,-0.08
1/6/2016,-0.13
1/7/2016,-0.33
1/8/2016,-0.32
1/11/2016,-0.44
1/12/2016,-0.53
1/13/2016,-0.65
1/14/2016,-0.98
1/15/2016,-1.27
1/19/2016,-1.41
1/20/2016,-1.91
1/21/2016,-2.03
1/22/2016,-1.74
1/25/2016,-1.83
1/26/2016,-1.96
1/27/2016,-2.03
1/28/2016,-2.11
1/29/2016,-2.15
2/1/2016,-0.11
2/2/2016,-0.31
2/3/2016,-0.46
2/4/2016,-0.49
2/5/2016,-0.47
2/8/2016,-0.77
2/9/2016,-1.03
2/10/2016,-1
2/11/2016,-1.45
2/12/2016,-1.43
2/16/2016,-1.27
2/17/2016,-1.16
2/18/2016,-0.97
2/19/2016,-0.94
2/22/2016,-0.8
2/23/2016,-0.75
2/24/2016,-0.81
2/25/2016,-0.68
2/26/2016,-0.45
2/29/2016,-0.31
3/1/2016,0.21
3/2/2016,0.39
3/3/2016,0.5
3/4/2016,0.73
3/7/2016,0.94
3/8/2016,1.02
3/9/2016,1.07
3/10/2016,1.28
3/11/2016,1.68
3/14/2016,2.03
3/15/2016,2.07
3/16/2016,2.03
3/17/2016,2.12
3/18/2016,2.28
3/21/2016,2.4
3/22/2016,2.59
3/23/2016,2.67
3/24/2016,2.55
3/28/2016,2.57
3/29/2016,2.53
3/30/2016,2.57
3/31/2016,2.62
4/1/2016,0.02
4/4/2016,0.07
4/5/2016,0.04
4/6/2016,0.08
4/7/2016,0.08
4/8/2016,0.05
4/11/2016,0.09
4/12/2016,0.2
4/13/2016,0.35
4/14/2016,0.47
4/15/2016,0.53
4/18/2016,0.54
4/19/2016,0.78
4/20/2016,1.01
4/21/2016,1.23
4/22/2016,1.35
4/25/2016,1.38
4/26/2016,1.46
4/27/2016,1.51
4/28/2016,1.48
4/29/2016,1.5
5/2/2016,0.03
5/3/2016,-0.07
5/4/2016,-0.21
5/5/2016,-0.27
5/6/2016,-0.38
5/9/2016,-0.47
5/10/2016,-0.43
5/11/2016,-0.4
5/12/2016,-0.44
5/13/2016,-0.4
5/16/2016,-0.41
5/17/2016,-0.38
5/18/2016,-0.36
5/19/2016,-0.4
5/20/2016,-0.45
5/23/2016,-0.44
5/24/2016,-0.42
5/25/2016,-0.28
5/26/2016,-0.2
5/27/2016,-0.17
5/31/2016,-0.15
6/1/2016,-0.02
6/2/2016,-0.05
6/3/2016,-0.13
6/6/2016,-0.1
6/7/2016,-0.03
6/8/2016,0.06
6/9/2016,0.07
6/10/2016,-0.06
6/13/2016,-0.21
6/14/2016,-0.45
6/15/2016,-0.45
6/16/2016,-0.51
6/17/2016,-0.47
6/20/2016,-0.2
6/21/2016,-0.12
6/22/2016,-0.07
6/23/2016,0.12
6/24/2016,-0.5
6/27/2016,-0.67
6/28/2016,-0.61
6/29/2016,-0.44
6/30/2016,-0.38
7/1/2016,0.12
7/5/2016,0.15
7/6/2016,0.16
7/7/2016,0.33
7/8/2016,0.46
7/11/2016,0.7
7/12/2016,0.93
7/13/2016,1
7/14/2016,1.05
7/15/2016,1.08
7/18/2016,1.1
7/19/2016,1.09
7/20/2016,1.16
7/21/2016,1.21
7/22/2016,1.23
7/25/2016,1.23
7/26/2016,1.14
7/27/2016,1.06
7/28/2016,0.99
7/29/2016,0.93
8/1/2016,-0.07
8/2/2016,-0.18
8/3/2016,-0.21
8/4/2016,-0.14
8/5/2016,0.03
8/8/2016,0.16
8/9/2016,0.23
8/10/2016,0.28
8/11/2016,0.33
8/12/2016,0.38
8/15/2016,0.42
8/16/2016,0.52
8/17/2016,0.57
8/18/2016,0.6
8/19/2016,0.69
8/22/2016,0.69
8/23/2016,0.75
8/24/2016,0.78
8/25/2016,0.78
8/26/2016,0.86
8/29/2016,0.87
8/30/2016,0.86
8/31/2016,0.82
9/1/2016,-0.03
9/2/2016,-0.02
9/6/2016,-0.07
9/7/2016,-0.12
9/8/2016,-0.15
9/9/2016,-0.17
9/12/2016,-0.32
9/13/2016,-0.32
9/14/2016,-0.35
9/15/2016,-0.33
9/16/2016,-0.3
9/19/2016,-0.23
9/20/2016,-0.17
9/21/2016,-0.12
9/22/2016,-0.02
9/23/2016,0.02
9/26/2016,-0.03
9/27/2016,-0.08
9/28/2016,-0.07
9/29/2016,-0.05
9/30/2016,-0.03
10/3/2016,0.07
10/4/2016,0.1
10/5/2016,0.21
10/6/2016,0.36
10/7/2016,0.44
10/11/2016,0.51
10/12/2016,0.55
10/13/2016,0.58
10/14/2016,0.69
10/17/2016,0.7
10/18/2016,0.75
10/19/2016,0.82
10/20/2016,0.8
10/21/2016,0.78
10/24/2016,0.78
10/25/2016,0.74
10/26/2016,0.66
10/27/2016,0.69
10/28/2016,0.63
10/31/2016,0.56
11/1/2016,-0.12
11/2/2016,-0.22
11/3/2016,-0.2
11/4/2016,-0.26
11/7/2016,-0.12
11/8/2016,-0.04
11/9/2016,0.08
11/10/2016,0.36
11/14/2016,0.34
11/15/2016,0.44
11/16/2016,0.41
11/17/2016,0.43
11/18/2016,0.33
11/21/2016,0.35
11/22/2016,0.35
11/23/2016,0.42
11/25/2016,0.39
11/28/2016,0.39
11/29/2016,0.42
11/30/2016,0.52
12/1/2016,0.09
12/2/2016,0.09
12/5/2016,0.15
12/6/2016,0.18
12/7/2016,0.25
12/8/2016,0.26
12/9/2016,0.28
12/12/2016,0.33
12/13/2016,0.46
12/14/2016,0.51
12/15/2016,0.46
12/16/2016,0.56
12/19/2016,0.59
12/20/2016,0.64
12/21/2016,0.69
12/22/2016,0.73
12/23/2016,0.73
12/27/2016,0.79
12/28/2016,0.78
12/29/2016,0.81
12/30/2016,0.82
1/3/2017,0.08
1/4/2017,0.15
1/5/2017,0.09
1/6/2017,0.07
1/9/2017,0.05
1/10/2017,0.01
1/11/2017,-0.01
1/12/2017,0.01
1/13/2017,0.03
1/17/2017,0.02
1/18/2017,0.01
1/19/2017,0.03
1/20/2017,0.04
1/23/2017,0.02
1/24/2017,0.09
1/25/2017,0.13
1/26/2017,0.15
1/27/2017,0.17
1/30/2017,0.14
1/31/2017,0.05
2/1/2017,0.01
2/2/2017,0.01
2/3/2017,0.04
2/6/2017,-0.01
2/7/2017,0.01
2/8/2017,-0.04
2/9/2017,-0.01
2/10/2017,0.02
2/13/2017,0.11
2/14/2017,0.21
2/15/2017,0.28
2/16/2017,0.24
2/17/2017,0.21
2/21/2017,0.21
2/22/2017,0.3
2/23/2017,0.34
2/24/2017,0.34
2/27/2017,0.41
2/28/2017,0.48
3/1/2017,0.16
3/2/2017,0.19
3/3/2017,0.19
3/6/2017,0.23
3/7/2017,0.14
3/8/2017,0.03
3/9/2017,-0.11
3/10/2017,-0.1
3/13/2017,-0.1
3/14/2017,-0.2
3/15/2017,-0.19
3/16/2017,-0.11
3/17/2017,-0.14
3/20/2017,-0.11
3/21/2017,-0.14
3/22/2017,-0.18
3/23/2017,-0.19
3/24/2017,-0.2
3/27/2017,-0.2
3/28/2017,-0.14
3/29/2017,-0.13
3/30/2017,-0.12
3/31/2017,-0.15
4/3/2017,0
4/4/2017,-0.01
4/5/2017,0.03
4/6/2017,0.02
4/7/2017,0.06
4/10/2017,0.1
4/11/2017,0.08
4/12/2017,0.07
4/13/2017,0.01
4/17/2017,0.03
4/18/2017,-0.04
4/19/2017,-0.02
4/20/2017,-0.05
4/21/2017,0
4/24/2017,0.05
4/25/2017,0.11
4/26/2017,0.16
4/27/2017,0.19
4/28/2017,0.23
5/1/2017,0.05
5/2/2017,0.05
5/3/2017,0.07
5/4/2017,0.12
5/5/2017,0.14
5/8/2017,0.17
5/9/2017,0.25
5/10/2017,0.35
5/11/2017,0.38
5/12/2017,0.4
5/15/2017,0.48
5/16/2017,0.48
5/17/2017,0.43
5/18/2017,0.33
5/19/2017,0.36
5/22/2017,0.4
5/23/2017,0.42
5/24/2017,0.38
5/25/2017,0.38
5/26/2017,0.38
5/30/2017,0.39
5/31/2017,0.37
6/1/2017,0.02
6/2/2017,0.02
6/5/2017,0.05
6/6/2017,0.05
6/7/2017,0.06
6/8/2017,0.06
6/9/2017,0.08
6/12/2017,0.1
6/13/2017,0.14
6/14/2017,0.18
6/15/2017,0.18
6/16/2017,0.18
6/19/2017,0.23
6/20/2017,0.21
6/21/2017,0.21
6/22/2017,0.2
6/23/2017,0.23
6/26/2017,0.27
6/27/2017,0.35
6/28/2017,0.38
6/29/2017,0.45
6/30/2017,0.5
7/3/2017,0.04
7/5/2017,0.08
7/6/2017,0.15
7/7/2017,0.2
7/10/2017,0.23
7/11/2017,0.24
7/12/2017,0.26
7/13/2017,0.31
7/14/2017,0.33
7/17/2017,0.39
7/18/2017,0.41
7/19/2017,0.43
7/20/2017,0.46
7/21/2017,0.47
7/24/2017,0.49
7/25/2017,0.53
7/26/2017,0.54
7/27/2017,0.58
7/28/2017,0.6
7/31/2017,0.6
8/1/2017,0
8/2/2017,-0.02
8/3/2017,-0.1
8/4/2017,-0.13
8/7/2017,-0.19
8/8/2017,-0.27
8/9/2017,-0.49
8/10/2017,-0.62
8/11/2017,-0.79
8/14/2017,-0.66
8/15/2017,-0.57
8/16/2017,-0.53
8/17/2017,-0.56
8/18/2017,-0.61
8/21/2017,-0.63
8/22/2017,-0.6
8/23/2017,-0.62
8/24/2017,-0.59
8/25/2017,-0.59
8/28/2017,-0.58
8/29/2017,-0.65
8/30/2017,-0.63
8/31/2017,-0.62
9/1/2017,0.05
9/5/2017,-0.03
9/6/2017,-0.09
9/7/2017,-0.15
9/8/2017,-0.22
9/11/2017,-0.16
9/12/2017,-0.07
9/13/2017,0.01
9/14/2017,0.1
9/15/2017,0.19
9/18/2017,0.28
9/19/2017,0.38
9/20/2017,0.46
9/21/2017,0.47
9/22/2017,0.46
9/25/2017,0.46
9/26/2017,0.51
9/27/2017,0.62
9/28/2017,0.73
9/29/2017,0.87
10/2/2017,0.08
10/3/2017,0.19
10/4/2017,0.2
10/5/2017,0.24
10/6/2017,0.26
10/10/2017,0.27
10/11/2017,0.26
10/12/2017,0.2
10/13/2017,0.21
10/16/2017,0.24
10/17/2017,0.24
10/18/2017,0.29
10/19/2017,0.29
10/20/2017,0.43
10/23/2017,0.49
10/24/2017,0.55
10/25/2017,0.55
10/26/2017,0.59
10/27/2017,0.6
10/30/2017,0.59
10/31/2017,0.52
11/1/2017,0
11/2/2017,-0.08
11/3/2017,-0.11
11/6/2017,-0.2
11/7/2017,-0.33
11/8/2017,-0.34
11/9/2017,-0.42
11/10/2017,-0.44
11/13/2017,-0.42
11/14/2017,-0.49
11/15/2017,-0.63
11/16/2017,-0.52
11/17/2017,-0.46
11/20/2017,-0.38
11/21/2017,-0.25
11/22/2017,-0.22
11/24/2017,-0.19
11/27/2017,-0.18
11/28/2017,-0.15
11/29/2017,-0.12
11/30/2017,-0.03
12/1/2017,-0.01
12/4/2017,0.06
12/5/2017,0.12
12/6/2017,0.09
12/7/2017,0.08
12/8/2017,0.09
12/11/2017,0.12
12/12/2017,0.18
12/13/2017,0.18
12/14/2017,0.22
12/15/2017,0.28
12/18/2017,0.29
12/19/2017,0.32
12/20/2017,0.35
12/21/2017,0.41
12/22/2017,0.43
12/26/2017,0.44
12/27/2017,0.47
12/28/2017,0.5
12/29/2017,0.49
1/2/2018,-0.05
1/3/2018,-0.03
1/4/2018,-0.01
1/5/2018,0.05
1/8/2018,0.09
1/9/2018,0.19
1/10/2018,0.29
1/11/2018,0.35
1/12/2018,0.41
1/16/2018,0.43
1/17/2018,0.4
1/18/2018,0.38
1/19/2018,0.34
1/22/2018,0.34
1/23/2018,0.34
1/24/2018,0.42
1/25/2018,0.5
1/26/2018,0.62
1/29/2018,0.69
1/30/2018,0.67
1/31/2018,0.72
2/1/2018,0.09
2/2/2018,0.12
2/5/2018,-0.02
2/6/2018,-0.2
2/7/2018,-0.07
2/8/2018,-0.16
2/9/2018,-0.48
2/12/2018,-0.48
2/13/2018,-0.73
2/14/2018,-0.59
2/15/2018,-0.46
2/16/2018,-0.44
2/20/2018,-0.45
2/21/2018,-0.44
2/22/2018,-0.46
2/23/2018,-0.55
2/26/2018,-0.53
2/27/2018,-0.53
2/28/2018,-0.62
3/1/2018,-0.27
3/2/2018,-0.33
3/5/2018,-0.26
3/6/2018,-0.19
3/7/2018,-0.24
3/8/2018,-0.27
3/9/2018,-0.33
3/12/2018,-0.44
3/13/2018,-0.55
3/14/2018,-0.65
3/15/2018,-0.69
3/16/2018,-0.58
3/19/2018,-0.61
3/20/2018,-0.64
3/21/2018,-0.72
3/22/2018,-0.94
3/23/2018,-1.04
3/26/2018,-1.01
3/27/2018,-0.96
3/28/2018,-0.97
3/29/2018,-0.91
3/30/2018,-0.91
4/2/2018,-0.06
4/3/2018,0.04
4/4/2018,0.07
4/5/2018,0.2
4/6/2018,0.22
4/9/2018,0.27
4/10/2018,0.37
4/11/2018,0.32
4/12/2018,0.43
4/13/2018,0.39
4/16/2018,0.47
4/17/2018,0.44
4/18/2018,0.42
4/19/2018,0.33
4/20/2018,0.3
4/23/2018,0.29
4/24/2018,0.28
4/25/2018,0.18
4/26/2018,0.16
4/27/2018,0.14
4/30/2018,0.04
5/1/2018,-0.12
5/2/2018,-0.14
5/3/2018,-0.19
5/4/2018,-0.27
5/7/2018,-0.27
5/8/2018,-0.28
5/9/2018,-0.16
5/10/2018,-0.06
5/11/2018,0.03
5/14/2018,0.11
5/15/2018,0.08
5/16/2018,0.11
5/17/2018,0.05
5/18/2018,-0.01
5/21/2018,0.01
5/22/2018,0.02
5/23/2018,-0.04
5/24/2018,-0.05
5/25/2018,-0.13
5/29/2018,-0.38
5/30/2018,-0.46
5/31/2018,-0.45
6/1/2018,0.02
6/4/2018,0.11
6/5/2018,0.04
6/6/2018,0.06
6/7/2018,0.05
6/8/2018,-0.02
6/11/2018,0.02
6/12/2018,0.04
6/13/2018,0.09
6/14/2018,0.05
6/15/2018,0.02
6/18/2018,-0.09
6/19/2018,-0.23
6/20/2018,-0.3
6/21/2018,-0.55
6/22/2018,-0.6
6/25/2018,-0.7
6/26/2018,-0.66
6/27/2018,-0.68
6/28/2018,-0.73
6/29/2018,-0.6
7/2/2018,-0.01
7/3/2018,0.05
7/5/2018,0.16
7/6/2018,0.21
7/9/2018,0.37
7/10/2018,0.46
7/11/2018,0.46
7/12/2018,0.57
7/13/2018,0.6
7/16/2018,0.63
7/17/2018,0.61
7/18/2018,0.65
7/19/2018,0.65
7/20/2018,0.66
7/23/2018,0.74
7/24/2018,0.95
7/25/2018,1.02
7/26/2018,1.16
7/27/2018,1.26
7/30/2018,1.27
7/31/2018,1.33
8/1/2018,0
8/2/2018,-0.02
8/3/2018,0.03
8/6/2018,0.09
8/7/2018,0.16
8/8/2018,0.04
8/9/2018,-0.09
8/10/2018,-0.33
8/13/2018,-0.37
8/14/2018,-0.29
8/15/2018,-0.36
8/16/2018,-0.23
8/17/2018,-0.24
8/20/2018,-0.23
8/21/2018,-0.22
8/22/2018,-0.33
8/23/2018,-0.34
8/24/2018,-0.33
8/27/2018,-0.29
8/28/2018,-0.25
8/29/2018,-0.3
8/30/2018,-0.34
8/31/2018,-0.43
9/3/2018,0
9/4/2018,-0.03
9/5/2018,-0.04
9/6/2018,0.02
9/7/2018,0.09
9/10/2018,0.16
9/11/2018,0.27
9/12/2018,0.32
9/13/2018,0.41
9/14/2018,0.5
9/17/2018,0.53
9/18/2018,0.53
9/19/2018,0.56
9/20/2018,0.7
9/21/2018,0.74
9/24/2018,0.7
9/25/2018,0.7
9/26/2018,0.71
9/27/2018,0.8
9/28/2018,0.78
10/1/2018,0.12
10/2/2018,0.1
10/3/2018,0.13
10/4/2018,0.1
10/5/2018,0.1
10/9/2018,0.08
10/10/2018,-0.02
10/11/2018,-0.1
10/12/2018,-0.16
10/15/2018,-0.18
10/16/2018,-0.16
10/17/2018,-0.19
10/18/2018,-0.25
10/19/2018,-0.31
10/22/2018,-0.32
10/23/2018,-0.5
10/24/2018,-0.56
10/25/2018,-0.58
10/26/2018,-0.76
10/29/2018,-0.75
10/30/2018,-0.83
10/31/2018,-0.82
11/1/2018,-0.07
11/2/2018,0.14
11/5/2018,0.2
11/6/2018,0.32
11/7/2018,0.5
11/8/2018,0.48
11/9/2018,0.35
11/13/2018,0.05
11/14/2018,-0.21
11/15/2018,-0.61
11/16/2018,-0.6
11/19/2018,-0.73
11/20/2018,-0.91
11/21/2018,-0.76
11/23/2018,-0.79
11/26/2018,-0.73
11/27/2018,-0.88
11/28/2018,-0.95
11/29/2018,-1.05
11/30/2018,-1.2
12/3/2018,0.14
12/4/2018,-0.08
12/6/2018,-0.45
12/7/2018,-0.41
12/10/2018,-0.46
12/11/2018,-0.3
12/12/2018,-0.09
12/13/2018,0.03
12/14/2018,0.01
12/17/2018,-0.03
12/18/2018,-0.12
12/19/2018,-0.22
12/20/2018,-0.5
12/21/2018,-0.64
12/24/2018,-0.8
12/26/2018,-0.8
12/27/2018,-0.96
12/28/2018,-0.96
12/31/2018,-1.06
1/2/2019,0.01
1/3/2019,-0.24
1/4/2019,-0.08
1/7/2019,0.14
1/8/2019,0.34
1/9/2019,0.61
1/10/2019,0.56
1/11/2019,0.58
1/14/2019,0.51
1/15/2019,0.5
1/16/2019,0.68
1/17/2019,0.77
1/18/2019,1.15
1/22/2019,1.2
1/23/2019,1.36
1/24/2019,1.39
1/25/2019,1.57
1/28/2019,1.57
1/29/2019,1.61
1/30/2019,1.65
1/31/2019,1.83
2/1/2019,0.19
2/4/2019,0.31
2/5/2019,0.49
2/6/2019,0.44
2/7/2019,0.24
2/8/2019,0.2
2/11/2019,0.25
2/12/2019,0.33
2/13/2019,0.4
2/14/2019,0.26
2/15/2019,0.35
2/19/2019,0.33
2/20/2019,0.31
2/21/2019,0.34
2/22/2019,0.34
2/25/2019,0.44
2/26/2019,0.43
2/27/2019,0.44
2/28/2019,0.59
3/1/2019,0.13
3/4/2019,0.14
3/5/2019,0.12
3/6/2019,0.04
3/7/2019,-0.05
3/8/2019,-0.15
3/11/2019,-0.09
3/12/2019,0
3/13/2019,-0.02
3/14/2019,0.01
3/15/2019,0.06
3/18/2019,0.14
3/19/2019,0.18
3/20/2019,0.11
3/21/2019,0.21
3/22/2019,0.19
3/25/2019,0.16
3/26/2019,0.24
3/27/2019,0.19
3/28/2019,0.19
3/29/2019,0.24
4/1/2019,0.1
4/2/2019,0.11
4/3/2019,0.22
4/4/2019,0.28
4/5/2019,0.37
4/8/2019,0.42
4/9/2019,0.49
4/10/2019,0.55
4/11/2019,0.72
4/12/2019,0.96
4/15/2019,1
4/16/2019,1.02
4/17/2019,1.02
4/18/2019,0.96
4/22/2019,0.92
4/23/2019,0.93
4/24/2019,0.95
4/25/2019,0.97
4/26/2019,0.99
4/29/2019,1
4/30/2019,0.95
5/1/2019,0.03
5/2/2019,-0.06
5/3/2019,-0.03
5/6/2019,-0.14
5/7/2019,-0.21
5/8/2019,-0.23
5/9/2019,-0.44
5/10/2019,-0.46
5/13/2019,-0.63
5/14/2019,-0.57
5/15/2019,-0.6
5/16/2019,-0.51
5/17/2019,-0.53
5/20/2019,-0.56
5/21/2019,-0.55
5/22/2019,-0.61
5/23/2019,-0.88
5/24/2019,-0.86
5/28/2019,-0.99
5/29/2019,-1.25
5/30/2019,-1.12
5/31/2019,-1.39
6/3/2019,-0.1
6/4/2019,0.02
6/5/2019,0.08
6/6/2019,0.09
6/7/2019,0.19
6/10/2019,0.38
6/11/2019,0.45
6/12/2019,0.36
6/13/2019,0.32
6/14/2019,0.33
6/17/2019,0.36
6/18/2019,0.54
6/19/2019,0.61
6/20/2019,0.97
6/21/2019,1.18
6/24/2019,1.33
6/25/2019,1.18
6/26/2019,1.25
6/27/2019,1.33
6/28/2019,1.44
7/1/2019,0.21
7/2/2019,0.17
7/3/2019,0.2
7/5/2019,0.23
7/8/2019,0.23
7/9/2019,0.2
7/10/2019,0.16
7/11/2019,0.22
7/12/2019,0.25
7/15/2019,0.24
7/16/2019,0.25
7/17/2019,0.2
7/18/2019,0.18
7/19/2019,0.28
7/22/2019,0.35
7/23/2019,0.46
7/24/2019,0.54
7/25/2019,0.63
7/26/2019,0.66
7/29/2019,0.67
7/30/2019,0.6
7/31/2019,0.63
8/1/2019,-0.23
8/2/2019,-0.41
8/5/2019,-0.93
8/6/2019,-0.95
8/7/2019,-1.15
8/8/2019,-0.9
8/9/2019,-0.94
8/12/2019,-1.04
8/13/2019,-1.06
8/14/2019,-1.23
8/15/2019,-1.34
8/16/2019,-1.33
8/19/2019,-1.13
8/20/2019,-1.14
8/21/2019,-0.9
8/22/2019,-0.78
8/23/2019,-0.87
8/26/2019,-0.89
8/27/2019,-0.85
8/28/2019,-1
8/29/2019,-0.93
8/30/2019,-1.05
9/2/2019,0
9/3/2019,-0.07
9/4/2019,-0.09
9/5/2019,0.05
9/6/2019,0.07
9/9/2019,0.17
9/10/2019,0.17
9/11/2019,0.2
9/12/2019,0.32
9/13/2019,0.33
9/16/2019,0.36
9/17/2019,0.32
9/18/2019,0.46
9/19/2019,0.54
9/20/2019,0.51
9/23/2019,0.63
9/24/2019,0.52
9/25/2019,0.42
9/26/2019,0.44
9/27/2019,0.41
9/30/2019,0.42
10/1/2019,-0.03
10/2/2019,-0.26
10/3/2019,-0.4
10/4/2019,-0.36
10/7/2019,-0.3
10/8/2019,-0.43
10/9/2019,-0.37
10/10/2019,-0.24
10/11/2019,0.1
10/15/2019,0.23
10/16/2019,0.25
10/17/2019,0.33
10/18/2019,0.39
10/21/2019,0.55
10/22/2019,0.59
10/23/2019,0.57
10/24/2019,0.61
10/25/2019,0.73
10/28/2019,0.9
10/29/2019,0.86
10/30/2019,0.7
10/31/2019,0.6
11/1/2019,0.05
11/4/2019,0.21
11/5/2019,0.26
11/6/2019,0.31
11/7/2019,0.48
11/8/2019,0.51
11/12/2019,0.55
11/13/2019,0.49
11/14/2019,0.47
11/15/2019,0.43
11/18/2019,0.46
11/19/2019,0.4
11/20/2019,0.26
11/21/2019,0.26
11/22/2019,0.34
11/25/2019,0.47
11/26/2019,0.52
11/27/2019,0.61
11/29/2019,0.63
12/2/2019,-0.05
12/3/2019,-0.13
12/4/2019,0.03
12/5/2019,0.16
12/6/2019,0.31
12/9/2019,0.38
12/10/2019,0.43
12/11/2019,0.36
12/12/2019,0.57
12/13/2019,0.66
12/16/2019,0.76
12/17/2019,0.81
12/18/2019,0.92
12/19/2019,1.02
12/20/2019,1.01
12/23/2019,1.03
12/24/2019,1.04
12/26/2019,1.03
12/27/2019,1.1
12/30/2019,1.13
12/31/2019,1.19
1/2/2020,-0.13
1/3/2020,-0.27
1/6/2020,-0.42
1/7/2020,-0.45
1/8/2020,-0.39
1/9/2020,-0.28
1/10/2020,-0.18
1/13/2020,-0.18
1/14/2020,-0.25
1/15/2020,-0.26
1/16/2020,-0.17
1/17/2020,0.08
1/21/2020,0.07
1/22/2020,0.11
1/23/2020,-0.05
1/24/2020,-0.09
1/27/2020,-0.52
1/28/2020,-0.43
1/29/2020,-0.45
1/30/2020,-0.63
1/31/2020,-0.8
2/3/2020,0.08
2/4/2020,0.25
2/5/2020,0.43
2/6/2020,0.51
2/7/2020,0.5
2/10/2020,0.42
2/11/2020,0.47
2/12/2020,0.59
2/13/2020,0.57
2/14/2020,0.57
2/18/2020,0.52
2/19/2020,0.52
2/20/2020,0.37
2/21/2020,0.22
2/24/2020,-0.25
2/25/2020,-0.49
2/26/2020,-0.56
2/27/2020,-1.18
2/28/2020,-1.76
3/2/2020,-0.17
3/3/2020,-0.09
3/4/2020,0.05
3/5/2020,-0.25
3/6/2020,-1.5
3/9/2020,-3.89
3/10/2020,-3.53
3/11/2020,-4.43
3/12/2020,-6.04
3/13/2020,-6.22
3/16/2020,-8.12
3/17/2020,-8.73
3/18/2020,-10.19
3/19/2020,-12.77
3/20/2020,-14.84
3/23/2020,-16.09
3/24/2020,-14.79
3/25/2020,-13.06
3/26/2020,-12.01
3/27/2020,-11.74
3/30/2020,-11.07
3/31/2020,-10.4
4/1/2020,-0.59
4/2/2020,-0.73
4/3/2020,-1.07
4/6/2020,-0.42
4/7/2020,0.44
4/8/2020,1.14
4/9/2020,2.65
4/13/2020,4.09
4/14/2020,4.66
4/15/2020,4.2
4/16/2020,4.15
4/17/2020,4.44
4/20/2020,4.21
4/21/2020,3.77
4/22/2020,3.99
4/23/2020,4.3
4/24/2020,4.17
4/27/2020,4.32
4/28/2020,4.28
4/29/2020,4.47
4/30/2020,4.55
5/1/2020,-0.32
5/4/2020,-0.41
5/5/2020,-0.32
5/6/2020,-0.45
5/7/2020,-0.8
5/8/2020,-0.93
5/11/2020,-1.09
5/12/2020,-0.96
5/13/2020,-1
5/14/2020,-1.11
5/15/2020,-0.77
5/18/2020,0.09
5/19/2020,0.42
5/20/2020,0.95
5/21/2020,1.05
5/22/2020,1
5/26/2020,1.4
5/27/2020,1.56
5/28/2020,1.78
5/29/2020,1.81
6/1/2020,0.24
6/2/2020,0.59
6/3/2020,1.14
6/4/2020,1.4
6/5/2020,2.37
6/8/2020,2.54
6/9/2020,2.17
6/10/2020,1.88
6/11/2020,1.07
6/12/2020,1.29
6/15/2020,1.43
6/16/2020,2.52
6/17/2020,2.38
6/18/2020,2.14
6/19/2020,2.27
6/22/2020,2.25
6/23/2020,2.21
6/24/2020,1.83
6/25/2020,1.69
6/26/2020,1.6
6/29/2020,1.62
6/30/2020,1.89
7/1/2020,0.33
7/2/2020,0.69
7/6/2020,1
7/7/2020,0.93
7/8/2020,0.92
7/9/2020,0.86
7/10/2020,0.88
7/13/2020,1.04
7/14/2020,1.03
7/15/2020,1.32
7/16/2020,1.38
7/17/2020,1.54
7/20/2020,1.8
7/21/2020,2.06
7/22/2020,2.17
7/23/2020,2.11
7/24/2020,2.01
7/27/2020,2
7/28/2020,1.84
7/29/2020,1.89
7/30/2020,1.77
7/31/2020,1.77
8/3/2020,0.2
8/4/2020,0.14
8/5/2020,0.4
8/6/2020,0.5
8/7/2020,0.62
8/10/2020,0.66
8/11/2020,0.75
8/12/2020,0.75
8/13/2020,0.59
8/14/2020,0.32
8/17/2020,0.22
8/18/2020,0.07
8/19/2020,0.14
8/20/2020,0.04
8/21/2020,0.04
8/24/2020,0.1
8/25/2020,0.07
8/26/2020,0.01
8/27/2020,0.02
8/28/2020,-0.01
8/31/2020,0.05
9/1/2020,0.15
9/2/2020,0.38
9/3/2020,0.23
9/4/2020,0.08
9/8/2020,-0.08
9/9/2020,0.01
9/10/2020,-0.05
9/11/2020,-0.01
9/14/2020,0.1
9/15/2020,0.15
9/16/2020,0.28
9/17/2020,0.26
9/18/2020,0.29
9/21/2020,0.07
9/22/2020,0.08
9/23/2020,-0.09
9/24/2020,-0.43
9/25/2020,-0.73
9/28/2020,-0.61
9/29/2020,-0.5
9/30/2020,-0.4
10/1/2020,0.06
10/2/2020,0.13
10/5/2020,0.46
10/6/2020,0.68
10/7/2020,0.73
10/8/2020,0.78
10/9/2020,0.87
10/13/2020,0.97
10/14/2020,0.95
10/15/2020,0.91
10/16/2020,0.98
10/19/2020,1.06
10/20/2020,1.11
10/21/2020,1.09
10/22/2020,1.13
10/23/2020,1.23
10/26/2020,1.16
10/27/2020,1.19
10/28/2020,1.02
10/29/2020,0.98
10/30/2020,0.99
11/2/2020,0.04
11/3/2020,0.22
11/4/2020,0.45
11/5/2020,0.77
11/6/2020,0.97
11/9/2020,1.62
11/10/2020,1.54
11/12/2020,1.22
11/13/2020,1.26
11/16/2020,1.45
11/17/2020,1.52
11/18/2020,1.73
11/19/2020,1.82
11/20/2020,1.84
11/23/2020,1.91
11/24/2020,2.09
11/25/2020,2.08
11/27/2020,2.15
11/30/2020,2.33
12/1/2020,0.38
12/2/2020,0.43
12/3/2020,0.56
12/4/2020,0.53
12/7/2020,0.48
12/8/2020,0.28
12/9/2020,0.09
12/10/2020,0.18
12/11/2020,0.03
12/14/2020,0.1
12/15/2020,0.18
12/16/2020,0.26
12/17/2020,0.48
12/18/2020,0.47
12/21/2020,0.36
12/22/2020,0.38
12/23/2020,0.51
12/24/2020,0.5
12/28/2020,0.61
12/29/2020,0.74
12/30/2020,0.8
12/31/2020,0.79
