, Full Market Value LOC U, Full Market Value LOC U, Full Market Value LOC U, Full Market Value LOC U, Full Market Value LOC U, Full Market Value LOC U, Full Market Value LOC U, Full Market Value LOC U, Full Market Value LOC U, Full Market Value LOC U, Full Market Value LOC U, Full Market Value LOC U, Full Market Value LOC U, Full Market Value LOC U, Full Market Value LOC U, 
Date, GDCS, GDSK, GDTH, GDTN, GDVN, GDBO, GDBG, GDFJ, GDGE, GDIS, GDLV, GDLB, GDMZ, GDES, GDVE, 
12/31/1991,, , , , , , , , , , , , , ,11191.364, 
1/31/1992,, , , , , , , , , , , , , ,11203.376, 
2/29/1992,, , , , , , , , , , , , , ,10885.534, 
3/31/1992,, , , , , , , , , , , , , ,10027.155, 
4/30/1992,, , , , , , , , , , , , , ,10414.672, 
5/31/1992,, , , , , , , , , , , , , ,10248.571, 
6/30/1992,, , , , , , , , , , , , , ,10221.585, 
7/31/1992,, , , , , , , , , , , , , ,10481.524, 
8/31/1992,, , , , , , , , , , , , , ,10638.494, 
9/30/1992,, , , , , , , , , , , , , ,10081.341, 
10/31/1992,, , , , , , , , , , , , , ,9712.923, 
11/30/1992,, , , , , , , , , , , , , ,9014.699, 
12/31/1992,, , , , , , , , , , , , , ,9153.822, 
1/31/1993,, , , , , , , , , , , , , ,8888.059, 
2/28/1993,, , , , , , , , , , , , , ,8948.124, 
3/31/1993,, , , , , , , , , , , , , ,9652.801, 
4/30/1993,, , , , , , , , , , , , , ,9987.899, 
5/31/1993,, , , , , , , , , , , , , ,10571.746, 
6/30/1993,, , , , , , , , , , , , , ,10863.668, 
7/31/1993,, , , , , , , , , , , , , ,11423.845, 
8/31/1993,, , , , , , , , , , , , , ,10762.849, 
9/30/1993,, , , , , , , , , , , , , ,11028.421, 
10/31/1993,, , , , , , , , , , , , , ,12045.388, 
11/30/1993,, , , , , , , , , , , , , ,11187.372, 
12/31/1993,, , , , , , , , , , , , , ,11937.026, 
1/31/1994,, , , , , , , , , , , , , ,11701.29, 
2/28/1994,, , , , , , , , , , , , , ,10066.544, 
3/31/1994,, , , , , , , , , , , , , ,8406.002, 
4/30/1994,, , , , , , , , , , , , , ,8141.527, 
5/31/1994,, , , , , , , , , , , , , ,9050.595, 
6/30/1994,, , , , , , , , , , , , , ,7610.525, 
7/31/1994,, , , , , ,1385.443, , , , , , , ,7008.265, 
8/31/1994,, , , , , ,1687.98, , , , , , , ,8061.965, 
9/30/1994,, , , , , ,1801.468, , , , , , , ,8400.643, 
10/31/1994,, , , , , ,1792.451, , , , , , , ,7925.63, 
11/30/1994,, , , , , ,1749.731, , , , , , , ,7712.929, 
12/31/1994,, , , , , ,1720.448, , , , , , , ,7512.248, 
1/31/1995,, , , , , ,1476.272, , , , , , , ,7408.948, 
2/28/1995,, , , , , ,1504.945, , , , , , , ,7491.625, 
3/31/1995,, , , , , ,1417.094, , , , , , , ,7199.615, 
4/30/1995,, , , , , ,1641.729, , , , , , , ,7627.981, 
5/31/1995,, , , , , ,1759.728, , , , , , , ,8151.697, 
6/30/1995,, , , , , ,1833.027, , , , , , , ,8135.411, 
7/31/1995,, , , , , ,1685.049, , , , ,392.507, , ,8225.072, 
8/31/1995,, , , , , ,1778.375, , , , ,389.751, , ,8344.738, 
9/30/1995,, , , , , ,1836.809, , , , ,387.793, , ,8482.95, 
10/31/1995,, , , , , ,1854.281, , , , ,392.632, , ,8243.501, 
11/30/1995,, , , , , ,1880.717, , , , ,397.876, , ,8166.276, 
12/31/1995,, , , , , ,2011.746, , , , ,409.918, , ,9120.279, 
1/31/1996,, , , , , ,2153.245, , , , ,419.96, , ,9863.505, 
2/29/1996,, , , , , ,1930.888, , , , ,429.501, , ,9116.248, 
3/31/1996,, , , , , ,1860.849, , , , ,426.442, , ,9709.913, 
4/30/1996,, , , , , ,1886.056, , , , ,424.882, , ,10097.844, 
5/31/1996,, , , , , ,1980.624, , , , ,438.126, , ,10686.633, 
6/30/1996,, , , , , ,2023.091, , , , ,432.168, , ,10771.974, 
7/31/1996,, , , , , ,1948.704, , , , ,432.168, , ,11087.071, 
8/31/1996,, , , , , ,1848.121, , , , ,408.853, , ,11502.257, 
9/30/1996,, , , , , ,1935.315, , , , ,412.59, , ,12596.829, 
10/31/1996,, , , , , ,1900.25, , , , ,419.835, , ,12453.447, 
11/30/1996,, , , , , ,2115.911, , , , ,424.876, , ,13270.078, 
12/31/1996,, ,326.735, , , ,2229.77, , , , ,428.519, , ,13338.434, 
1/31/1997,, ,329.023, , , ,2043.655, , , , ,431.46, , ,13692.026, 
2/28/1997,, ,328.62, , , ,2471.561, , , , ,428.961, , ,13745.608, 
3/31/1997,, ,311.977, , , ,2322.632, , , , ,428.536, , ,12737.921, 
4/30/1997,, ,823.013, , , ,2620.46, , , , ,437.725, , ,12951.735, 
5/31/1997,, ,827.021, , , ,2825.962, , , , ,441.41, , ,13548.771, 
6/30/1997,, ,839.503, , , ,3037.776, , , , ,445.229, , ,14087.51, 
7/31/1997,, ,865.338, , , ,3184.291, , , , ,416.646, , ,14586.571, 
8/31/1997,, ,841.736, , , ,3177.004, , , , ,416.243, , ,14600.051, 
9/30/1997,, ,818.521, , , ,3374.251, , , , ,419.542, , ,13869.914, 
10/31/1997,, ,683.712, , , ,2851.556, , , , ,422.787, , ,12650.799, 
11/30/1997,, ,726.642, , , ,3066.379, , , , ,425.727, , ,13038.565, 
12/31/1997,, ,700.971, , , ,3168.885, , , , ,428.971, , ,13811.509, 
1/31/1998,, ,692.886, , , ,3042.935, , , , ,431.912, , ,13755.906, 
2/28/1998,, ,697.854, , , ,3221.41, , , , ,434.953, , ,13982.612, 
3/31/1998,, ,690.115, , , ,3329.905, , , , ,437.792, , ,13867.612, 
4/30/1998,, ,722.865, , , ,3366.957, , , , ,441.037, , ,13618.948, 
5/31/1998,, ,1304.006, , , ,3293.841, , , , ,443.977, , ,13256.381, 
6/30/1998,, ,1304.62, , , ,3130.576, , , , ,447.221, , ,12174.284, 
7/31/1998,, ,1298.236, , , ,3094.462, , , , ,413.662, , ,11469.573, 
8/31/1998,, ,1239.262, , , ,2001.106, , , , ,416.501, , ,7085.559, 
9/30/1998,, ,683.842, , , ,2528.966, , , , ,419.745, , ,9071.395, 
10/31/1998,, ,688.424, , , ,2871.59, , , , ,422.787, , ,9686.287, 
11/30/1998,, ,725.281, , , ,3117.326, , , , ,425.626, , ,9283.776, 
12/31/1998,,287.258,751.729, , , ,2942.744, , , , ,1063.858, , ,9770.477, 
1/31/1999,,298.475,768.072, , , ,2790.322, , , , ,1066.622, , ,9362.588, 
2/28/1999,,306.85,751.755, , , ,2890.944, , , , ,1072.351, , ,9513.857, 
3/31/1999,,308.633,768.176, , , ,2797.243, , , , ,2394.743, , ,10185.776, 
4/30/1999,,320.679,777.108, , , ,2891.861, , , , ,2325.206, , ,11533.492, 
5/31/1999,,294.475,763.22, , , ,2769.858, , , , ,2353.868, , ,10694.359, 
6/30/1999,,298.508,763.296, , , ,2909.12, , , , ,2372.624, , ,11083.838, 
7/31/1999,,298.179,757.677, , , ,2857.699, , , , ,1913.402, , ,10636.402, 
8/31/1999,,307.521,923.365, , , ,2871.21, , , , ,1915.627, , ,9939.915, 
9/30/1999,,311.554,913.945, , , ,2965.104, , , , ,1859.192, , ,10476.279, 
10/31/1999,,316.1,903.369, , , ,3209.535, , , , ,1865.645, , ,10808.291, 
11/30/1999,,319.146,907.613, , , ,3345.191, , , , ,2278.46, , ,10442.118, 
12/31/1999,,320.554,904.568, , , ,3439.754, , , , ,2280.365, , ,10638.221, 
1/31/2000,,323.896,905.95, , , ,3310.009, , , , ,2307.814, , ,10638.721, 
2/29/2000,,327.396,920.386, , , ,3482.465, , , , ,2335.116, , ,11300.28, 
3/31/2000,,329.179,922.455, , , ,3386.755, , , , ,2376.522, , ,10935.159, 
4/30/2000,,332.225,893.065, , , ,3260.277, , , , ,1782.281, , ,10598.6, 
5/31/2000,,302.054,891.464, , , ,3219.063, , , , ,1764.636, , ,10227.812, 
6/30/2000,,306.383,909.855, , , ,3446.708, , , , ,1784.992, , ,10680.205, 
7/31/2000,,309.646,921.254, , , ,3415.777, , , , ,2049.42, , ,10761.123, 
8/31/2000,,314.508,934.22, , , ,3483.974, , , , ,2575.596, , ,11150.121, 
9/30/2000,,316.804,931.517, , , ,3309.13, , , , ,2535.289, , ,10870.14, 
10/31/2000,,320.896,915.558, , , ,3250.117, , , , ,2441.529, , ,10523.291, 
11/30/2000,,323.429,930.613, , , ,3154.936, , , , ,2461.393, , ,10613.058, 
12/31/2000,,326.929,949.387, , , ,3379.466, , , , ,2881.381, , ,10160.494, 
1/31/2001,,332.304,958.925, , , ,3354.165, , , , ,2899.631, , ,10689.935, 
2/28/2001,,335.054,971.666, , , ,3260.009, , , , ,3140.093, , ,10834.376, 
3/31/2001,,339.304,655.6, , , ,3297.626, , , , ,3140.364, , ,10535.806, 
4/30/2001,,340.021,618.948, , , ,3283.029, , , , ,4269.817, , ,10430.996, 
5/31/2001,,313.304,624.794, , , ,3399.505, , , , ,4734.442, , ,10507.327, 
6/30/2001,,315.758,641.734, , , ,3628.507, , , , ,4710.432, , ,10233.713, 
7/31/2001,,316.396,662.592, , , ,3460.935, , , , ,4699.321, , ,10144.026, 
8/31/2001,,319.758,664.547, , , ,3750.115, , , , ,5487.967, , ,10309.391, 
9/30/2001,,333.225,685.812, , , ,3628.059, , , , ,5520.376, , ,9820.766, 
10/31/2001,,333.429,675.591, , , ,3699.818, , , , ,5575.496, , ,9729.456, 
11/30/2001,,339.158,662.801, , , ,3910.264, , , , ,5852.762, , ,9601.466, 
12/31/2001,,340.112,660.475, , , ,4113.226, , , , ,5827.895, , ,8985.566, 
1/31/2002,,342.863,664.158, , , ,3930.36, , , , ,5757.72, , ,8736.893, 
2/28/2002,,343.125,672.691, , , ,4027.585, , , , ,5580.34, , ,9424.322, 
3/31/2002,,343.487,655.774, , , ,4195.49, , , , ,6549.887, , ,9651.378, 
4/30/2002,,345.033,654.63,639.291, , ,3573.558, , , , ,5690.142, , ,9720.371, 
5/31/2002,,0,663.182,644.098, , ,3641.743, , , , ,5838.481, , ,9627.955, 
6/30/2002,,0,672.387,635.905, , ,3591.767, , , , ,5780.548, , ,8849.486, 
7/31/2002,,0,682.692,656.15, , ,3395.928, , , , ,5790.585, , ,8645.977, 
8/31/2002,,0,696.035,661.77, , ,3528.5, , , , ,5723.929, , ,9481.562, 
9/30/2002,,0,720.775,665.765, , ,3513.932, , , , ,5788.031, , ,8954.734, 
10/31/2002,,0,694.389,663.666, , ,3672.482, , , , ,5782.757, , ,9092.815, 
11/30/2002,,0,692.279,678.223, , ,3732.6, , , , ,6355.293, , ,9530.714, 
12/31/2002,,0,704.797,694.405, , ,3767.249, , , , ,6552.137, , ,8937.445, 
1/31/2003,,0,702.63,701.65, , ,3747.422, , , , ,6745.022, , ,8551.395, 
2/28/2003,,0,710.515,711.879, , ,3751.043, , , , ,6796.215, , ,8360.101, 
3/31/2003,,0,706.63,719.39, , ,3731.459, , , , ,6932.449, , ,8041.395, 
4/30/2003,,0,688.919,727.041, , ,3731.882, , , , ,7016.569, , ,8555.705, 
5/31/2003,, ,1003.892,774.098, , ,3855.855, , , , ,7158.606, , ,9404.64, 
6/30/2003,, ,1003.448,765.905, , ,3854.345, , , , ,7146.996, , ,9273.059, 
7/31/2003,, ,1006.043,724.4, , ,3652.927, , , , ,7087.71, , ,9531.628, 
8/31/2003,, ,1004.247,721.762, , ,3655.354, , , , ,7033.126, , ,8442.971, 
9/30/2003,, ,1019.121,753.515, , ,3718.533, , , , ,7045.887, , ,10170.151, 
10/31/2003,, ,992.202,715.666, , ,3764.891, , , , ,7031.757, , ,11183.6, 
11/30/2003,, ,989.351,740.786, , ,3815.613, , , , ,7069.642, , ,11593.015, 
12/31/2003,, ,992.998,738.28, , ,3848.038, , , , ,6171.31, , ,12172.435, 
1/31/2004,, ,993.631,748.775, , ,3746.413, , , , ,6258.868, , ,13623.264, 
2/29/2004,, ,1000.709,762.387, , ,3782.701, , , , ,6275.485, , ,13179.183, 
3/31/2004,, ,1007.494,776.265, , ,3821.733, , , , ,5215.208, , ,13585.823, 
4/30/2004,, ,974.824,714.041, , ,3742.167, , , , ,5134.21, , ,12762.964, 
5/31/2004,, ,1966.807,702.598, , ,3727.505, , , , ,6052.931, , ,12894.393, 
6/30/2004,, ,1964.38,717.155, , ,3154.009, , , , ,5183.398, , ,13711.215, 
7/31/2004,, ,1970.139,726.025, , ,3054.109, , , , ,5234.26, , ,14302.925, 
8/31/2004,, ,1991.193,746.27, , ,3120.242, , , , ,5261.588, , ,14920.984, 
9/30/2004,, ,1988.878,759.202, , ,3138.343, , , , ,6098.644, , ,15235.029, 
10/31/2004,, ,1973.397,744.916, , ,3175.776, , , , ,6008.207, , ,16258.956, 
11/30/2004,, ,1948.96,747.286, , ,3179.468, , , , ,5958.147, , ,16608.109, 
12/31/2004,, ,1956.571,1028.468,273.915, ,3204.126, , , , ,7655.736, , ,17325.802, 
1/31/2005,, ,1956.927,1036.525,280.772, ,2191.094, , , , ,7688.307, , ,17028.916, 
2/28/2005,, ,1951.791,1039.285,286.83, ,2193.737, , , , ,7592.234, , ,17113.454, 
3/31/2005,, ,1950.068,1006.14,262.016, ,2142.229, , , , ,7449.032, , ,16493.211, 
4/30/2005,941.512, ,1939.194,1004.551,264.328, ,2182.594, , , , ,6177.208, , ,16427.707, 
5/31/2005,924.075, ,1944.552,1024.098,269.825, ,2212.749, , , , ,6192.46, , ,18149.69, 
6/30/2005,932.738, ,1951.568,1027.041,270.661, ,2229.135, , , , ,6818.6, , ,18664.178, 
7/31/2005,940.275, ,1945.053,1016.963,271.549, ,1583.379, , , , ,6973.904, , ,18666.802, 
8/31/2005,963.9, ,1958.412,1033.395,274.033, ,1598.468, , , , ,6953.537, , ,19183.794, 
9/30/2005,982.012, ,1952.849,1018.213,261.563, ,1589.441, , , , ,6938.79, , ,20064.208, 
10/31/2005,954.45, ,1930.576,981.916,264.691, ,1551.482, , , , ,7678, , ,19700.523, 
11/30/2005,945.563, ,1927.628,989.859,1040.252, ,1564.029, , , , ,7662.708, , ,19605.525, 
12/31/2005,967.95, ,1934.753,996.78,1052.187, ,1579.118, , , , ,7804.652, , ,22613.709, 
1/31/2006,983.745, ,1938.983,993.775,1046.664, ,1522.735, , , , ,7965.307, , ,23344.014, 
2/28/2006,1010.813, ,1943.278,990.66,1054.758, ,1527.711, , , , ,7959.439, , ,23791.487, 
3/31/2006,992.925, ,1947.889,977.39,1038.912, ,1506.852, , , , ,7904.525, , ,20156.988, 
4/30/2006,986.738, ,1316.951,949.364,1040.627, ,1496.529, , , , ,10104.944, , ,20031.889, 
5/31/2006,932.175, ,296.168,954.036,1041.953, ,1492.558, , , , ,10090.356, , ,19327.727, 
6/30/2006,903.038, ,296.951,943.353,1023.98, ,1480.011, , , , ,10809.845, , ,18511.332, 
7/31/2006,949.725, ,299.65,959.025,1023.22, ,1465.558, , , , ,10083.494, , ,19231.64, 
8/31/2006,976.725, ,302.065,974.957,1044.747, ,1496.529, , , , ,10532.59, , ,19472.609, 
9/30/2006,981.225, ,303.893,725.24,793.555, ,1516.382, , , , ,10536.63, , ,19057.208, 
10/31/2006,972.675, ,305.583,702.666,800.664, ,1534.647, , , , ,10551.166, , ,19200.12, 
11/30/2006,994.838, ,298.982,709.261,816.211, ,1559.264, , , , ,9799.586, , ,19418.207, 
12/31/2006,1008.9, ,299.625,712.605,833.633, ,1555.294, , , , ,9812.716, , ,19839.358, 
1/31/2007,1026, ,300.879,708.8,800.898, ,1490.97, , , , ,10153.96, , ,19242.15, 
2/28/2007,1037.137, ,303.356,720.329,808.659, ,1522.946, , , , ,10081.35, , ,19426.144, 
3/31/2007,1035.338, ,304.883,725.89,815.117, ,1524.323, , , , ,10156.76, , ,19419.5, 
4/30/2007,1029.263, ,306.466,703.771,821.289, ,1537.823, , , , ,9952.345, , ,19171.9, 
5/31/2007,1032.75, ,298.574,705.686,815.273, ,1522.735, , , , ,10289.058, , ,18427.835, 
6/30/2007,1025.1, , ,702.075,803.633, ,1509.235, , , , ,9976.155, , ,17164.502, 
7/31/2007,1009.8, , ,706.85,759.648, ,1467.146, , , , ,9711.869, , ,17278.086, 
8/31/2007,967.275, , ,712.145,770.508, ,1493.352, , , , ,8956.777, , ,16430.197, 
9/30/2007,1029.713, , ,716.14,792.617, ,1498.911, , , , ,8941.689, , ,16908.672, 
10/31/2007,1034.775, , ,705.591,813.789, ,1529.882, , , , ,8426.526, , ,17520.13, 
11/30/2007,1021.838, , ,709.131,808.711, ,1540.205, , , , ,8385.393, , ,16173.156, 
12/31/2007,1001.025, , ,715.209,818.633, ,1525.408, , , , ,8470.839, , ,17349.765, 
1/31/2008,1017.9, , ,718.846,797.148, ,1516.673, , , , ,8575.919, , ,17767.191, 
2/29/2008,1029.15, , ,722.028,795.677, ,1512.702, , , , ,8637.417, , ,17329.641, 
3/31/2008,1012.554, , ,722.773,801.992, ,1505.555, , , , ,9429.133, , ,16376.79, 
4/30/2008,986.063, , ,702.799,802.539, ,1531.761, ,505.063, , ,9451.143, , ,16163.56, 
5/31/2008,1013.738, , ,703.544,739.336, ,1535.732, ,500.788, , ,9455.833, , ,16479.16, 
6/30/2008,995.513, , ,696.164,736.133, ,1488.878, ,505.112, , ,10467.531, , ,20217.969, 
7/31/2008,1017.9, , ,700.971,725.898, ,1434.084, ,490.788, , ,10542.041, , ,19627.007, 
8/31/2008,1015.65, , ,705.778,735.82, ,1442.819, ,454.362, , ,11149.504, , ,19873.971, 
9/30/2008,940.838, , ,697.585,715.885, ,1419.79, ,431.042, , ,10963.31, , ,16563.969, 
10/31/2008,791.775, , ,624.799,540.182, ,1225.229, ,351.667, , ,8950.775, , ,12513.691, 
11/30/2008,692.213, , ,636.919,596.979, ,1233.964, ,302.292, , ,9572.241, , ,12798.399, 
12/31/2008,647.325, , ,645.789,646.276, ,1287.171, ,310.417, , ,8740.433, , ,11501.913, 
1/31/2009,758.588, , ,672.533,654.792, ,1307.024, ,322.792, , ,9129.15, , ,11929.437, 
2/28/2009,761.625, , ,679.778,651.589, ,1280.818, ,302.917, , ,9262.455, , ,12532.621, 
3/31/2009,781.65, , ,677.273,700.885, ,1299.083, ,359.917, , ,8316.931, , ,12987.827, 
4/30/2009,780.863, , ,673.549,720.182, ,1361.818, ,366.417, , ,10443.023, , ,14552.916, 
5/31/2009,924.525, , ,697.044,754.479, ,1395.966, ,389.292, , ,10519.294, , ,14270.71, 
6/30/2009,928.013, , ,704.289,766.276, ,1376.113, ,421.017, , ,10738.532, , ,15165.96, 
7/31/2009,974.83, , ,714.783,763.542, ,1364.201, ,426.442, , ,11071.748, , ,15805.029, 
8/31/2009,978.075, , ,722.841,771.589, ,1404.701, ,482.917, , ,11206.882, , ,15384.559, 
9/30/2009,1078.538, , ,735.773,794.635, ,1489.673, ,509.792, , ,11210.264, , ,16553.823, 
10/31/2009,1064.363, , ,716.611,806.432, ,1514.291, ,501.667, , ,11406.984, , ,15743.849, 
11/30/2009,1067.175, , ,716.544,795.729, ,1294.083, ,509.792, , ,11375.497, , ,17687.872, 
12/31/2009,1073.25, , ,712.414,794.401, ,1309.701, ,512.917, , ,11493.464, , ,18192.587, 
1/31/2010,1079.325, , ,724.533,1792.667, ,1253.343, ,526.042, , ,12225.772, , ,19293.42, 
2/28/2010,1085.4, , ,726.903,1812.589, ,1255.38, ,527.917, , ,12201.069, , ,19504.269, 
3/31/2010,1091.475, , ,736.585,1837.51, ,1300.873, ,537.542, , ,13367.313, , ,20233.878, 
4/30/2010,1061.1, , ,715.799,1880.557, ,1298.565, ,518.917, , ,13353.018, , ,19106.211, 
5/31/2010,987.232, , ,710.044,1846.104, ,1253.343, ,521.042, , ,12230.603, , ,16142.801, 
6/30/2010,1027.035, , ,714.884,1869.776, ,1266.244, ,514.044, , ,12273.6, , ,16474.15, 
7/31/2010,1043.347, , ,722.908,1935.167, ,1256.06, ,525.792, , ,12302.423, , ,18114.719, 
8/31/2010,1051.83, , ,723.653,1927.589, ,1277.108, ,508.917, , ,12519.098, , ,17594.191, 
9/30/2010,1049.873, , ,726.023,1957.51, ,1300.873, ,523.042, , ,12440.388, , ,20752.414, 
10/31/2010,1033.56, , ,702.214,2017.745, ,1308.342, ,525.417, , ,12442.529, , ,20776.76, 
11/30/2010,998.55, , ,705.364,1999.854, ,1302.232, ,519.792, , ,13371.485, , ,19511.298, 
12/31/2010,999.18, , ,702.664,1845.401, ,1315.133, ,520.417, , ,13387.003, , ,21091.414, 
1/31/2011,1019.97, , ,687.158,1743.292, ,1264.207, ,531.042, , ,13462.467, , ,21002.393, 
2/28/2011,1030.68, , ,692.778,1778.839, ,1276.348, ,532.417, , ,13648.48, , ,20764.537, 
3/31/2011,1038.87, , ,700.023,1868.135, ,1283.219,248.071,551.042, , ,12916.41, , ,21176.572, 
4/30/2011,1014.3, , ,679.236,1887.432, ,1297.478,252.827,496.814, , ,12915.729, , ,21210.397, 
5/31/2011,984.757, , , ,1893.604, ,1310.379,256.772,519.679, , ,13939.409, , ,20880.409, 
6/30/2011,982.935, , , ,1891.026, ,1311.33,254.827,518.793, ,488.594,14062.974, , ,21964.892, 
7/31/2011,995.692, , , ,1865.167, ,1265.565,260.371,525.408,1012.574,496.406,14229.883, , ,22136.49, 
8/31/2011,976.86, , , ,1843.839, ,1272.763,267.226,532.648,997.156,500.469,15499.903, , ,24522.419, 
9/30/2011,1856.622, , , ,1752.51, ,1241.122,257.713,491.137,994.159,482.656,14796.004, , ,22753.315, 
10/31/2011,1982.496, , , ,1826.182, ,1260.541,239.689,511.814,1005.671,487.344,14809.779, , ,26974.838, 
11/30/2011,1871.833, , , ,1812.979, ,1239.764,241.828,517.179,998.464,469.531,15629.864, , ,26792.553, 
12/31/2011,1886.279, , , ,1834.151, ,1255.38,244.241,522.543,979.401,461.094,15676.459, , ,27842.28, 
1/31/2012,1920.086, , , ,1817.667, ,1228.899,258.648,526.033,1012.494,467.031,15763.923, , ,29736.134, 
2/29/2012,1969.793, , , ,1913.839, ,1248.156,260.12,530.773,1009.496,1514.281,15846.872, , ,33284.645, 
3/31/2012,2008.409, , , ,1934.385, ,1250.628,249.959,541.137,1017.599,1545.844,14865.318, , ,32577.263, 
4/30/2012,1983.766, , , ,1932.432, ,1253.907,252.885,543.064,1026.511,1546.156,15749.797, , ,32894.98, 
5/31/2012,1877.25,1434.323, , ,1873.604, ,1253.228,255.034,534.679,2017.008,1508.719,15361.784, , ,28907.91, 
6/30/2012,1920.354,1484.792, , ,1916.651, ,1247.118,257.49,543.043,1981.271,1557.406,14691.627, , ,30149.147, 
7/31/2012,1909.958,1557.76, , ,1904.542, ,1234.761,260.658,556.658,2047.519,1598.969,16492.344, , ,31183.759, 
8/31/2012,1920.063,1573.069, , ,1898.839, ,1252.223,270.857,574.523,2130.608,1625.581,16490.538, , ,32559.244, 
9/30/2012,1958.667,1601.848, , ,1950.01, ,1261.375,261.637,588.637,2168.446,1675.844,16789.988, , ,31837.381, 
10/31/2012,3029.792,1630.252, , ,2028.682,500.135,1274.547,262.98,575.564,2187.424,1692.406,16749.097, , ,31745.841, 
11/30/2012,3926.129,1615.808, , ,2021.104,495.917,1274.4,265.134,585.929,2168.108,1722.094,18256.12, , ,33011.046, 
12/31/2012,4000.443,1641.272, , ,2011.651,489.198,1276.855,262.527,585.043,2177.291,2958.97,18297.568, , ,35011.228, 
1/31/2013,4046.403,1614.76, , ,1977.667,498.729,1231.56,263.834,600.408,2219.249,2929.773,18443.554, , ,35823.666, 
2/28/2013,5418.711,1608.229, , ,1978.089,498.26,1231.967,266.056,592.023,2227.658,2909.637,19477.865, ,1971.089,35803.03, 
3/31/2013,5383.45,1606.468, , ,2018.135,507.292,1234.547,256.471,588.637,2249.826,2894.377,19351.808, ,1988.756,34583.413, 
4/30/2013,5591.703,1673.857, , ,2050.557,507.635,1244.732,258.784,580.314,2265.604,2981.304,19625.985, ,2058.222,34103.71, 
5/31/2013,4934.433,1603.373, , ,1977.354,494.667,1241.065,259.463,585.929,2215.608,2896.356,18257.245, ,2045.489,32202.495, 
6/30/2013,4652.033,1541.042, , ,1903.526,471.698,1236.313,260.594,542.543,2115.191,2802.658,18726.762, ,1996.156,30321.244, 
7/31/2013,4668.639,1539.46, , ,1903.917,478.729,1199.013,271,556.033,2104.149,2829.733,19300.728, ,2008.822,30419.199, 
8/31/2013,4596.877,1510.729, , ,1853.839,934.004,1199.898,272.875,538.273,2081.858,2770.885,19642.113, ,2020.689,29201.93, 
9/30/2013,4670.145,1570.948, , ,1883.448,941.64,1204.021,263.5,548.637,2110.566,2836.037,19779.493, ,2080.156,29619.12, 
10/31/2013,4698.222,1604.167, , ,1936.182,997.087,1207.036,265.375,546.189,2132.704,2860.877,20109.719, ,2112.622,28009.453, 
11/30/2013,4686.599,1550.573, , ,1920.479,975.348,1205.759,269.75,538.429,2096.858,2864.116,19987.871, ,2121.489,25197.604, 
12/31/2013,5768.789,1555.172, , ,1935.401,983.608,1209.263,271.625,542.543,2067.691,2858.231,20046.264, ,2100.556,26181.153, 
1/31/2014,5805.455,1572.76, , ,1879.542,998.119,0,273.5,549.658,2111.149,2846.408,19901.601, ,2169.662,23215.199, 
2/28/2014,6041.896,1626.979, , ,1911.026,999.004, ,275.375,560.773,2150.608,2876.21,20133.335, ,2186.369,24788.882, 
3/31/2014,6036.946,1613.128, , ,1945.01,1031.015, ,266,559.637,2174.566,2853.999,20136.929, ,2115.375,25996.622, 
4/30/2014,6009.606,1610.872, , ,1966.182,1030.212, ,267.875,539.564,2184.774,2873.539,21523.829,826.843,2148.782,28009.514, 
5/31/2014,6197.279,1609.448, , ,1976.417,1041.848, ,269.75,573.429,2169.368,2923.904,21796.772,866.159,2159.249,27924.268, 
6/30/2014,6112.907,1607.792, , ,1984.776,1043.858, ,271.625,573.793,2163.851,2921.668,21404.18,874.875,2162.836,29571.522, 
7/31/2014,6186.346,1616.621, , ,1935.479,1065.619, ,273.5,577.908,2166.789,2894.538,21492.187,876.996,2158.082,29108.482, 
8/31/2014,6161.411,1632.724, , ,1940.964,1064.004, ,275.375,577.023,2210.148,2898.395,20998.034,883.808,2177.349,27027.613, 
9/30/2014,5982.284,1622.713, , ,1942.823,1058.515, ,266,573.637,2204.366,2887.76,21033.154,856.207,2177.576,23840.028, 
10/31/2014,6118.748,1662.292, , ,1944.62,1056.462, ,267.875,565.664,2225.294,2916.252,20983.606,856.381,2181.862,22683.66, 
11/30/2014,6121.193,1635.113, , ,2250.759,1066.973, ,269.75,564.679,2197.378,2931.374,20878.521,858.722,2178.029,19561.943, 
12/31/2014,5998.131,1629.602, , ,2260.411,1044.858, ,271.625,532.043,2177.251,2900.656,20781.797,845.295,2169.776,16020.438, 
1/31/2015,6130.872,1685.26, , ,1903.807,1033.119, ,263.5,554.158,2200.339,2951.44,19921.082,809.217,2532.212,12676.798, 
2/28/2015,6242.263,1696.354, ,1022.451,1910.432,1030.879, ,265.375,567.023,2213.898,2910.947,20044.173,0,2513.482,13221.227, 
3/31/2015,6109.297,1700.533, ,1018.493,1908.012,1027.89, ,0,569.887,2232.426,2940.225,22200.324, ,2454.191,12708.297, 
4/30/2015,6114.389,1715.317, ,1047.035,1918.387,1037.087, , ,556.814,2139.79,2948.937,21816.504, ,2447.314,15456.897, 
5/31/2015,6112.789,1672.448, ,1050.576,1868.58,1044.098, , ,556.554,2117.546,2953.579,21276.577, ,2468.046,14139.107, 
6/30/2015,6012.696,1642.772, ,1000.368,1850.569,1043.608, , ,547.543,1137.29,2906.088,21162.846, ,2450.719,13550.817, 
7/31/2015,6052.53,1667.545, ,967.66,1838.58,1044.369, , ,537.708,1150.536,2910.825,21256.304, ,2471.507,13302.099, 
8/31/2015,6054.285,1682.779, ,965.221,1791.546,1027.754, , ,535.773,1152.031,2892.053,21024.391, ,2477.032,12918.206, 
9/30/2015,5983.911,1695.688, ,962.243,1782.119,1037.265, , ,531.137,1161.687,2911.69,20865.002, ,2494.432,12215.672, 
10/31/2015,6102.029,1716.847, ,952.195,1841.865,1040.712, , ,535.189,1170.413,2924.914,20847.557, ,2494.142,13606.677, 
11/30/2015,6085.518,1673.843, ,904.526,1802.471,1057.848, , ,535.419,1142.934,2918.881,21297.535, ,2452.479,14227.115, 
12/31/2015,6040.776,1673.132, ,889.588,1804.195,1057.358, , ,524.343,1142.44,2238.695,21575.666, ,2442.899,13616.188, 
1/31/2016,6034.114,1690.735, ,830.24,1776.672,1080.619, , ,527.928,1162.756,2228.877,21492.702, ,2469.824,11987.299, 
2/29/2016,6041.321,1723.249, ,868.531,1819.938,1091.504, , ,538.273,1162.331,1172.826,21660.19, ,2478.141,12809.815, 
3/31/2016,5971.759,1724.338, ,874.743,1854.763,1116.015, , ,554.887,1178.397,1178.213,20578.181, ,2406.456,12532.25, 
4/30/2016,6040.999,1729.327, ,914.155,1887.562,1117.087, , ,552.439,1167.533,1182.518,21673.837,597.415,2405.995,13303.597, 
5/31/2016,6056.101,1695.803, ,915.656,1865.482,1136.598, , ,554.429,1146.184,1189.568,21573.719,556.693,2410.104,13156.809, 
6/30/2016,6069.566,1715.942, ,926.618,1882.113,1142.858, , ,557.603,1175.4,1185.479,21292.526,526.724,2431.058,14916.407, 
7/31/2016,6133.288,1728.37, ,947.66,1915.909,1166.869, , ,564.158,1186.176,1194.594,21514.291,536.568,2448.563,15565.154, 
8/31/2016,6125.886,1736.044, ,990.151,1941.837,1148.254, , ,570.773,1185.781,1197.708,21590.187,570.315,2445.21,15706.463, 
9/30/2016,6095.73,1732.243, ,986.993,1918.288,1153.515, , ,573.637,1197.707,1201.836,21615.287,632.978,2439.636,18232.717, 
10/31/2016,6065.624,1725.667, ,978.865,1922.189,1144.702, , ,559.334,1199.873,1199.825,20660.444,453.926,2433.231,16215.291, 
11/30/2016,4880.678,1658.513, ,934.526,1830.179,1139.693, , ,544.054,1149.394,1171.102,19906.435,515.136,2392.121,15867.641, 
12/31/2016,4867.387,1635.857, ,954.118,1819.198,1133.443, , ,551.893,1148.72,1162.691,20328.921,486.62,2392.74,17078.534, 
1/31/2017,4933.819,1642.195, ,942.42,1829.952,1151.364, , ,562.928,1140.006,1153.365,20805.506,435.914,2399.332,18148.461, 
2/28/2017,4947.55,1646.914, ,954.951,1853.135,1147.269, , ,566.773,1150.731,1158.226,21100.424,477.69,2115.429,18299.788, 
3/31/2017,4914.588,1657.858, ,972.493,1860.554,2097.479, , ,568.637,1152.317,1162.279,24396.032,496.089,0,16357.454, 
4/30/2017,4969.631,1663.627, ,995.535,1875.422,2066.807, , ,554.314,0,1165.822,24471.042,519.465, ,17514.079, 
5/31/2017,4985.824,1647.728, ,2002.912,1873.849,2080.998, , ,559.679, ,1170.119,24118.465,543.077, ,17012.719, 
6/30/2017,4987.117,1648.292, ,982.868,1890.481,2086.568, , ,563.893, ,1161.523,23241.552,534.14, ,15952.722, 
7/31/2017,5029.549,1651.12, ,960.6,1874.091,2090.619, , ,566.908, ,1154.102,23281.939,553.975, ,13822.448, 
8/31/2017,5013.785,1660.399, ,987.451,1894.122,2101.264, , ,571.023, ,1157.43,23244.16,559.423, ,12734.592, 
9/30/2017,4941.658,1654.948, ,982.463,1908.566,2064.515, , ,574.737, ,1833.522,23149.071,0, ,12618.782, 
10/31/2017,4947.566,1655.917, ,1006.025,1919.288,2066.827, , ,561.834, ,1835.622,22805.301, , ,12276.354, 
11/30/2017,4959.683,1625.153, ,1010.566,1891.033,2073.353, , ,563.529, ,1838.359,21018.238, , ,5004.465, 
12/31/2017,3905.842,1625.612, ,1020.928,1897.334,2071.508, , ,566.643, ,1825.521,21375.072, , ,3576.95, 
1/31/2018,3891.509,1617.16, ,990.76,1869.469,2095.254, , ,556.908, ,1800.246,22868.443, , ,3873, 
2/28/2018,3817.219,1596.799, ,949.951,1833.554,2016.329, , ,560.178, ,1788.763,22193.743, , ,3953.75, 
3/31/2018,3768.231,1599.253, ,960.993,1833.045,2008.95, , ,555.577, ,1131.803,22537.754, , ,3051.965, 
4/30/2018,3763.348,1599.607, ,940.535,1834.484,1984.188, , ,540.059, ,1131.986,21234.914, , ,368.751, 
5/31/2018,3745.325,1564.718, ,934.926,1804.527,1923.058, , ,535.104, ,1131.357,19357.969, , ,0, 
6/30/2018,3768.847,1567.337, ,903.618,1791.057,1882.863, , ,537.638, ,1124.261,21970.374, , , , 
7/31/2018,3794.979,1568.905, ,911.66,1796.511,1964.834, , ,543.708, ,1120.225,23306.22, , , , 
8/31/2018,3760.089,1576.159, ,878.701,1817.337,1954.884, , ,535.333, ,1122.153,22507.72, , , , 
9/30/2018,3704.976,1579.048, ,889.743,1817.264,1981.66, , ,538.677, ,1123.484,22123.424, , , , 
10/31/2018,3696.118,1576.117, ,862.295,1807.133,1924.988, , ,525.104, ,1124.201,24467.526, , , , 
11/30/2018,3698.285,1546.268, ,849.396,1788.435,1858.228, , ,527.874, ,1127.629,21537.689, , , , 
12/31/2018,3728.482,1557.467, ,862.958,1802.672,1858.188, , ,531.593, ,1121.41,22276.382, , , , 
1/31/2019,3772.219,1570.015, ,867.57,1055.29,1932.599, , ,538.108, ,421.63,23198.995, , , , 
2/28/2019,2225.325,1584.139, ,892.951,1058.99,1949.684, , ,539.608, ,422.884,23806.204, , , , 
3/31/2019,2172.408,1591.948, ,880.103,1063.92,1967.525, , ,543.307, ,425.922,21622.144, , , , 
4/30/2019,2187.892,1600.51, ,926.955,1070.435,1969.138, , ,529.939, ,427.963,21511.039, , , , 
5/31/2019,2200.255,1576.313, ,904.326,1052.376,2009.233, , ,530.067, ,430.169,20213.111, , , , 
6/30/2019,1782.786,1588.292, ,952.4,1069.567,2054.378, , ,533.893, ,423.54,20006.64, , , , 
7/31/2019,1787.918,1591.849, ,928.512,1098.176,2073.254, , ,536.702, ,424.638,19864.542, , , , 
8/31/2019,1799.137,1603.609, ,920.001,1100.518,2049.269, , ,541.453, ,427.541,17459.932, , , , 
9/30/2019,1748.967,1606.648, ,903.573,1112.6,2023.275, , ,544.262, ,427.512,17072.151, , , , 
10/31/2019,1756.233,1611.817, ,926.495,1111.558,1992.122, , ,530.009, ,428.627,14551.344, , , , 
11/30/2019,1764.53,1582.313, ,936.928,1091.679,1996.923, , ,530.045, ,429.704,11517.907, , , , 
12/31/2019,1773.327,1589.558, ,956.062,1095.453,2095.613, , ,533.647, ,420.666,11551.06, , , , 
1/31/2020,1775.553,1594.918, ,925.432,1104.6,2056.994, , ,536.033, ,421.638,9661.284, , , , 
2/29/2020,1779.22,1601.719, ,939.401,1108.705,2046.644, , ,535.773, ,423.988,6563.823, , , , 
3/31/2020,1673.043,1597.801, ,804.123,1007.538,1809.91, , ,516.561, ,422.55,4256.247, , , , 
4/30/2020,1686.073,1607.668, ,851.067,1064.049,1770.983, , ,0, ,424.149,0, , , , 
5/31/2020,1721.126,1585.643, ,895.417,1061.6,1846.743, , , , ,426.432, , , , , 
6/30/2020,1732.994,1597.541, ,949.563,1095.583,1832.503, , , , ,0, , , , , 
7/31/2020,1742.385,1615.765, ,917.649,1114.642,1904.494, , , , , , , , , , 
8/31/2020,1747.754,1618.948, ,937.563,1131.1,1875.399, , , , , , , , , , 
9/30/2020,0,1621.21, ,907.154,1130.224,1855.91, , , , , , , , , , 
10/31/2020,,1620.559, ,856.639,1136.514,1862.233, , , , , , , , , , 
11/30/2020,,1588.823, ,922.666,1119.046,1934.243, , , , , , , , , , 
12/31/2020,1188.085,1589.042, ,932.014,1125.629,1989.378, , , , , , , , , , 
1/31/2021,1166.486,1590.28, ,911.526,1134.6,1970.764, , , , , , , , , , 
,,,,,,,,,,,,,,,,
,,,,,,,,,,,,,,,,
, Eff Dur, Eff Dur, Eff Dur, Eff Dur, Eff Dur, Eff Dur, Eff Dur, Eff Dur, Eff Dur, Eff Dur, Eff Dur, Eff Dur, Eff Dur, Eff Dur, Eff Dur, 
Date, GDCS, GDSK, GDTH, GDTN, GDVN, GDBO, GDBG, GDFJ, GDGE, GDIS, GDLV, GDLB, GDMZ, GDES, GDVE, 
12/31/1991,, , , , , , , , , , , , , , , 
1/31/1992,, , , , , , , , , , , , , , , 
2/29/1992,, , , , , , , , , , , , , , , 
3/31/1992,, , , , , , , , , , , , , , , 
4/30/1992,, , , , , , , , , , , , , , , 
5/31/1992,, , , , , , , , , , , , , , , 
6/30/1992,, , , , , , , , , , , , , , , 
7/31/1992,, , , , , , , , , , , , , , , 
8/31/1992,, , , , , , , , , , , , , , , 
9/30/1992,, , , , , , , , , , , , , , , 
10/31/1992,, , , , , , , , , , , , , , , 
11/30/1992,, , , , , , , , , , , , , , , 
12/31/1992,, , , , , , , , , , , , , , , 
1/31/1993,, , , , , , , , , , , , , , , 
2/28/1993,, , , , , , , , , , , , , , , 
3/31/1993,, , , , , , , , , , , , , , , 
4/30/1993,, , , , , , , , , , , , , , , 
5/31/1993,, , , , , , , , , , , , , , , 
6/30/1993,, , , , , , , , , , , , , , , 
7/31/1993,, , , , , , , , , , , , , , , 
8/31/1993,, , , , , , , , , , , , , , , 
9/30/1993,, , , , , , , , , , , , , , , 
10/31/1993,, , , , , , , , , , , , , , , 
11/30/1993,, , , , , , , , , , , , , , , 
12/31/1993,, , , , , , , , , , , , , , , 
1/31/1994,, , , , , , , , , , , , , , , 
2/28/1994,, , , , , , , , , , , , , , , 
3/31/1994,, , , , , , , , , , , , , , , 
4/30/1994,, , , , , , , , , , , , , , , 
5/31/1994,, , , , , , , , , , , , , , , 
6/30/1994,, , , , , , , , , , , , , , , 
7/31/1994,, , , , , , , , , , , , , , , 
8/31/1994,, , , , , , , , , , , , , , , 
9/30/1994,, , , , , , , , , , , , , , , 
10/31/1994,, , , , , , , , , , , , , , , 
11/30/1994,, , , , , , , , , , , , , , , 
12/31/1994,, , , , , , , , , , , , , , , 
1/31/1995,, , , , , , , , , , , , , , , 
2/28/1995,, , , , , , , , , , , , , , , 
3/31/1995,, , , , , , , , , , , , , , , 
4/30/1995,, , , , , , , , , , , , , , , 
5/31/1995,, , , , , , , , , , , , , , , 
6/30/1995,, , , , , , , , , , , , , , , 
7/31/1995,, , , , , , , , , , , , , , , 
8/31/1995,, , , , , , , , , , , , , , , 
9/30/1995,, , , , , , , , , , , , , , , 
10/31/1995,, , , , , , , , , , , , , , , 
11/30/1995,, , , , , , , , , , , , , , , 
12/31/1995,, , , , , , , , , , , , , , , 
1/31/1996,, , , , , , , , , , , , , , , 
2/29/1996,, , , , , , , , , , , , , , , 
3/31/1996,, , , , , , , , , , , , , , , 
4/30/1996,, , , , , , , , , , , , , , , 
5/31/1996,, , , , , , , , , , , , , , , 
6/30/1996,, , , , , , , , , , , , , , , 
7/31/1996,, , , , , , , , , , , , , , , 
8/31/1996,, , , , , , , , , , , , , , , 
9/30/1996,, , , , , , , , , , , , , , , 
10/31/1996,, , , , , , , , , , , , , , , 
11/30/1996,, , , , , , , , , , , , , , , 
12/31/1996,, ,4.145, , , ,0.159, , , , ,2.993, , ,3.907, 
1/31/1997,, ,4.065, , , ,0.605, , , , ,2.916, , ,3.84, 
2/28/1997,, ,3.982, , , ,0.662, , , , ,2.832, , ,3.743, 
3/31/1997,, ,4.037, , , ,0.421, , , , ,2.74, , ,4.008, 
4/30/1997,, ,5.764, , , ,0.499, , , , ,2.677, , ,4.177, 
5/31/1997,, ,5.675, , , ,0.538, , , , ,2.597, , ,3.774, 
6/30/1997,, ,5.616, , , ,0.604, , , , ,2.519, , ,4.013, 
7/31/1997,, ,5.578, , , ,1.254, , , , ,2.658, , ,3.97, 
8/31/1997,, ,5.411, , , ,1.068, , , , ,2.573, , ,3.918, 
9/30/1997,, ,5.387, , , ,1.116, , , , ,2.494, , ,3.759, 
10/31/1997,, ,5.046, , , ,0.862, , , , ,2.411, , ,3.558, 
11/30/1997,, ,5.166, , , ,0.892, , , , ,2.332, , ,3.56, 
12/31/1997,, ,4.991, , , ,0.847, , , , ,2.251, , ,4.166, 
1/31/1998,, ,4.901, , , ,1.257, , , , ,2.168, , ,4.122, 
2/28/1998,, ,4.823, , , ,1.19, , , , ,2.095, , ,4.084, 
3/31/1998,, ,4.828, , , ,1.137, , , , ,2.015, , ,4.223, 
4/30/1998,, ,5.013, , , ,1.041, , , , ,1.936, , ,4.164, 
5/31/1998,, ,5.486, , , ,0.979, , , , ,1.854, , ,3.984, 
6/30/1998,, ,5.385, , , ,0.885, , , , ,1.776, , ,4.031, 
7/31/1998,, ,5.276, , , ,1.28, , , , ,1.845, , ,3.913, 
8/31/1998,, ,5.056, , , ,1.702, , , , ,1.763, , ,2.608, 
9/30/1998,, ,4.395, , , ,1.413, , , , ,1.684, , ,3.232, 
10/31/1998,, ,4.517, , , ,1.071, , , , ,1.603, , ,3.466, 
11/30/1998,, ,4.585, , , ,1.138, , , , ,1.525, , ,3.234, 
12/31/1998,,0,4.589, , , ,0.898, , , , ,2.726, , ,3.699, 
1/31/1999,,0,4.556, , , ,1.381, , , , ,2.642, , ,3.474, 
2/28/1999,,0,4.425, , , ,1.091, , , , ,2.568, , ,3.259, 
3/31/1999,,0,4.508, , , ,0.963, , , , ,3.306, , ,3.513, 
4/30/1999,,0,4.527, , , ,0.888, , , , ,3.346, , ,3.916, 
5/31/1999,,0,4.389, , , ,0.744, , , , ,3.275, , ,3.858, 
6/30/1999,,0,4.309, , , ,0.624, , , , ,3.197, , ,3.708, 
7/31/1999,,0,4.195, , , ,1.049, , , , ,3.581, , ,3.454, 
8/31/1999,,0,4.369, , , ,0.953, , , , ,3.489, , ,3.288, 
9/30/1999,,0,4.344, , , ,0.828, , , , ,3.474, , ,3.63, 
10/31/1999,,0,4.388, , , ,0.78, , , , ,3.48, , ,3.642, 
11/30/1999,,0,4.306, , , ,0.643, , , , ,3.858, , ,3.374, 
12/31/1999,,0,4.205, , , ,0.497, , , , ,3.761, , ,3.673, 
1/31/2000,,0,4.111, , , ,0.915, , , , ,3.671, , ,3.442, 
2/29/2000,,0,4.056, , , ,0.953, , , , ,3.595, , ,3.554, 
3/31/2000,,0,4.039, , , ,0.947, , , , ,3.543, , ,3.702, 
4/30/2000,,0,4.036, , , ,0.794, , , , ,4.379, , ,3.577, 
5/31/2000,,0,3.931, , , ,0.671, , , , ,4.271, , ,3.454, 
6/30/2000,,0,3.881, , , ,0.657, , , , ,4.208, , ,3.79, 
7/31/2000,,0,3.815, , , ,1.103, , , , ,4.315, , ,3.871, 
8/31/2000,,0,3.747, , , ,1.045, , , , ,4.134, , ,3.888, 
9/30/2000,,0,3.729, , , ,0.831, , , , ,4.116, , ,3.915, 
10/31/2000,,0,3.746, , , ,0.779, , , , ,4.13, , ,3.907, 
11/30/2000,,0,3.686, , , ,0.764, , , , ,4.047, , ,3.874, 
12/31/2000,,0,3.635, , , ,0.716, , , , ,3.902, , ,4.085, 
1/31/2001,,0,3.569, , , ,1.213, , , , ,3.834, , ,4.163, 
2/28/2001,,0,3.513, , , ,1.192, , , , ,3.72, , ,4.158, 
3/31/2001,,0,4.684, , , ,1.06, , , , ,3.641, , ,4.234, 
4/30/2001,,0,4.754, , , ,0.833, , , , ,3.727, , ,4.558, 
5/31/2001,,0,4.682, , , ,0.718, , , , ,3.94, , ,4.098, 
6/30/2001,,0,4.623, , , ,0.71, , , , ,3.904, , ,4.365, 
7/31/2001,,0,4.571, , , ,1.049, , , , ,3.812, , ,4.291, 
8/31/2001,,0,4.487, , , ,1.208, , , , ,3.886, , ,4.299, 
9/30/2001,,0,4.45, , , ,1.18, , , , ,3.684, , ,4.341, 
10/31/2001,,0,4.538, , , ,1.197, , , , ,3.719, , ,4.473, 
11/30/2001,,0,4.441, , , ,0.804, , , , ,3.643, , ,4.231, 
12/31/2001,,0,4.353, , , ,0.662, , , , ,3.625, , ,4.39, 
1/31/2002,,0,4.265, , , ,1.149, , , , ,3.448, , ,4.634, 
2/28/2002,,0,4.195, , , ,1.061, , , , ,3.341, , ,4.316, 
3/31/2002,,0,4.078, , , ,0.812, , , , ,3.121, , ,4.405, 
4/30/2002,,0,4.175,7.08, , ,1.675, , , , ,3.215, , ,4.613, 
5/31/2002,,0,4.095,7.009, , ,1.602, , , , ,3.154, , ,4.467, 
6/30/2002,,0,4.024,6.895, , ,1.583, , , , ,3.12, , ,4.583, 
7/31/2002,,0,3.949,6.893, , ,1.856, , , , ,3.022, , ,4.495, 
8/31/2002,,0,3.871,6.802, , ,2.061, , , , ,2.931, , ,4.727, 
9/30/2002,,0,3.813,6.725, , ,2.045, , , , ,2.909, , ,4.864, 
10/31/2002,,0,3.853,6.96, , ,3.444, , , , ,2.907, , ,4.888, 
11/30/2002,,0,3.769,6.891, , ,3.354, , , , ,2.997, , ,4.892, 
12/31/2002,,0,3.694,6.852, , ,3.324, , , , ,3.006, , ,5.055, 
1/31/2003,,0,3.606,6.768, , ,3.607, , , , ,2.957, , ,4.777, 
2/28/2003,,0,3.532,6.706, , ,3.693, , , , ,2.946, , ,4.772, 
3/31/2003,,0,3.442,6.637, , ,3.584, , , , ,2.906, , ,4.843, 
4/30/2003,,0,3.48,6.848, , ,3.495, , , , ,2.885, , ,5.063, 
5/31/2003,, ,3.821,6.851, , ,3.606, , , , ,2.837, , ,5.14, 
6/30/2003,, ,3.738,6.75, , ,3.5, , , , ,2.793, , ,5.45, 
7/31/2003,, ,3.666,6.586, , ,3.652, , , , ,2.698, , ,5.107, 
8/31/2003,, ,3.581,6.468, , ,3.561, , , , ,2.628, , ,5.892, 
9/30/2003,, ,3.495,6.456, , ,3.589, , , , ,2.594, , ,6.018, 
10/31/2003,, ,3.492,6.535, , ,3.44, , , , ,2.563, , ,6.075, 
11/30/2003,, ,3.416,6.486, , ,3.42, , , , ,2.496, , ,6.014, 
12/31/2003,, ,2.159,6.398, , ,3.376, , , , ,2.675, , ,6.269, 
1/31/2004,, ,3.23,6.319, , ,3.095, , , , ,2.61, , ,6.399, 
2/29/2004,, ,2.002,6.264, , ,3.628, , , , ,2.558, , ,6.264, 
3/31/2004,, ,1.921,6.199, , ,3.581, , , , ,2.83, , ,6.477, 
4/30/2004,, ,1.872,6.217, , ,3.303, , , , ,2.799, , ,6.38, 
5/31/2004,, ,1.202,6.103, , ,3.173, , , , ,3.14, , ,6.304, 
6/30/2004,, ,1.108,6.026, , ,3.517, , , , ,3.436, , ,6.639, 
7/31/2004,, ,1.023,5.95, , ,3.895, , , , ,3.385, , ,6.367, 
8/31/2004,, ,0.96,5.894, , ,3.922, , , , ,3.307, , ,6.85, 
9/30/2004,, ,0.871,5.821, , ,3.859, , , , ,3.672, , ,7.113, 
10/31/2004,, ,0.803,5.933, , ,3.822, , , , ,3.672, , ,7.553, 
11/30/2004,, ,1.045,5.841, , ,3.715, , , , ,3.618, , ,7.501, 
12/31/2004,, ,0.957,4.853,-0.125, ,3.65, , , , ,3.793, , ,7.299, 
1/31/2005,, ,0.876,4.771,-0.127, ,5.448, , , , ,3.708, , ,7.17, 
2/28/2005,, ,0.797,4.693,-0.136, ,5.354, , , , ,3.63, , ,7.068, 
3/31/2005,, ,0.706,4.6,4.694, ,5.162, , , , ,3.565, , ,6.969, 
4/30/2005,8.437, ,0.639,4.661,4.628, ,5.138, , , , ,4.008, , ,7.015, 
5/31/2005,8.56, ,0.896,4.596,4.586, ,5.089, , , , ,3.984, , ,7.199, 
6/30/2005,8.481, ,0.809,4.511,0.01, ,5.018, , , , ,3.948, , ,7.288, 
7/31/2005,6.709, ,0.728,4.407,-0.064, ,6.903, , , , ,3.888, , ,7.183, 
8/31/2005,6.369, ,0.64,4.339,-0.143, ,6.824, , , , ,3.816, , ,7.28, 
9/30/2005,6.001, ,0.557,4.281,0.339, ,6.72, , , , ,3.778, , ,7.578, 
10/31/2005,6.391, ,0.481,4.273,0.287, ,6.583, , , , ,4.036, , ,7.538, 
11/30/2005,6.332, ,0.734,4.197,5.482, ,6.509, , , , ,4.004, , ,7.43, 
12/31/2005,5.911, ,0.651,4.115,5.416, ,6.426, , , , ,3.978, , ,7.615, 
1/31/2006,5.655, ,0.57,4.021,5.335, ,6.549, , , , ,3.938, , ,7.728, 
2/28/2006,5.047, ,0.495,3.931,5.267, ,6.461, , , , ,3.877, , ,7.777, 
3/31/2006,5.494, ,0.407,3.873,5.408, ,6.358, , , , ,3.825, , ,7.813, 
4/30/2006,5.735, ,0.064,3.874,5.334, ,6.268, , , , ,4.422, , ,7.785, 
5/31/2006,6.369, ,0.46,3.791,5.217, ,6.165, , , , ,4.406, , ,7.468, 
6/30/2006,6.755, ,0.376,3.681,5.069, ,6.052, , , , ,4.606, , ,7.589, 
7/31/2006,6.108, ,0.304,3.62,5.175, ,6.227, , , , ,4.371, , ,7.758, 
8/31/2006,7.623, ,0.216,3.556,5.143, ,6.167, , , , ,4.416, , ,7.771, 
9/30/2006,7.705, ,0.143,4.444,6.782, ,6.1, , , , ,4.365, , ,7.729, 
10/31/2006,7.64, ,0.063,4.507,6.703, ,6.027, , , , ,4.384, , ,7.763, 
11/30/2006,7.602, ,0.463,4.43,6.646, ,5.963, , , , ,4.422, , ,7.719, 
12/31/2006,7.567, ,0.397,4.349,6.594, ,5.87, , , , ,4.349, , ,7.78, 
1/31/2007,7.497, ,0.296,4.258,6.696, ,5.971, , , , ,4.361, , ,7.613, 
2/28/2007,7.441, ,0.224,4.194,6.635, ,5.924, , , , ,4.274, , ,7.623, 
3/31/2007,7.491, ,0.144,4.116,6.567, ,5.843, , , , ,4.25, , ,7.684, 
4/30/2007,7.438, ,0.067,4.172,6.489, ,5.768, , , , ,4.194, , ,7.594, 
5/31/2007,7.343, ,0.468,4.09,6.378, ,5.658, , , , ,4.165, , ,7.27, 
6/30/2007,7.229, , ,4.005,6.275, ,5.565, , , , ,4.16, , ,6.84, 
7/31/2007,7.093, , ,3.924,6.36, ,5.689, , , , ,4.111, , ,6.848, 
8/31/2007,6.86, , ,3.846,6.303, ,5.632, , , , ,4.277, , ,6.598, 
9/30/2007,7.107, , ,3.772,6.273, ,5.561, , , , ,4.238, , ,6.804, 
10/31/2007,7.071, , ,3.827,6.22, ,5.498, , , , ,4.038, , ,7.002, 
11/30/2007,6.946, , ,3.753,6.151, ,5.442, , , , ,4.051, , ,6.528, 
12/31/2007,6.788, , ,3.669,6.081, ,5.336, , , , ,4.015, , ,6.705, 
1/31/2008,6.744, , ,3.596,6.224, ,5.496, , , , ,3.988, , ,6.758, 
2/29/2008,6.689, , ,3.523,6.159, ,5.426, , , , ,3.925, , ,6.657, 
3/31/2008,6.677, , ,3.435,6.073, ,5.322, , , , ,3.846, , ,6.489, 
4/30/2008,6.55, , ,3.472,5.962, ,5.245, ,4.103, , ,3.831, , ,6.337, 
5/31/2008,6.537, , ,3.387,5.733, ,5.153, ,4.006, , ,3.814, , ,6.304, 
6/30/2008,6.392, , ,3.292,5.632, ,5.02, ,3.925, , ,3.839, , ,6.59, 
7/31/2008,6.342, , ,3.211,5.778, ,5.113, ,3.81, , ,3.788, , ,6.372, 
8/31/2008,6.235, , ,3.127,5.703, ,5.028, ,3.644, , ,3.768, , ,6.38, 
9/30/2008,6.027, , ,3.037,5.598, ,4.939, ,3.511, , ,3.674, , ,5.565, 
10/31/2008,5.455, , ,3.007,5.126, ,4.697, ,3.452, , ,3.486, , ,4.465, 
11/30/2008,4.949, , ,2.93,5.165, ,4.594, ,3.215, , ,3.652, , ,4.566, 
12/31/2008,4.628, , ,2.852,5.164, ,4.538, ,3.141, , ,3.969, , ,3.992, 
1/31/2009,4.993, , ,2.796,5.374, ,4.716, ,3.088, , ,4.009, , ,4.016, 
2/28/2009,4.907, , ,2.728,5.279, ,4.608, ,2.942, , ,3.978, , ,4.169, 
3/31/2009,5.006, , ,2.634,5.266, ,4.52, ,3.007, , ,4.357, , ,4.378, 
4/30/2009,4.968, , ,2.667,5.225, ,4.497, ,3.143, , ,4.43, , ,4.832, 
5/31/2009,5.397, , ,2.605,5.21, ,4.447, ,3.106, , ,4.428, , ,4.744, 
6/30/2009,5.295, , ,2.53,5.136, ,4.34, ,3.083, , ,4.401, , ,4.895, 
7/31/2009,5.361, , ,2.453,5.255, ,4.449, ,3.003, , ,4.383, , ,5.004, 
8/31/2009,5.263, , ,2.373,5.177, ,4.39, ,3.012, , ,4.319, , ,5.528, 
9/30/2009,5.59, , ,2.3,5.119, ,4.362, ,2.969, , ,4.32, , ,6.077, 
10/31/2009,5.525, , ,2.293,5.047, ,4.291, ,3.008, , ,4.316, , ,5.858, 
11/30/2009,3.881, , ,2.207,4.943, ,4.202, ,2.931, , ,4.285, , ,5.65, 
12/31/2009,3.743, , ,2.122,4.855, ,4.131, ,2.853, , ,4.227, , ,5.692, 
1/31/2010,3.802, , ,2.044,6.339, ,4.178, ,2.782, , ,4.304, , ,5.754, 
2/28/2010,3.833, , ,1.973,6.268, ,4.102, ,2.704, , ,4.24, , ,5.723, 
3/31/2010,4.013, , ,1.891,6.205, ,4.044, ,2.632, , ,4.5, , ,5.895, 
4/30/2010,4.123, , ,1.871,6.154, ,3.953, ,2.639, , ,4.463, , ,6.141, 
5/31/2010,4.911, , ,1.78,6.009, ,3.824, ,2.553, , ,4.695, , ,5.509, 
6/30/2010,4.125, , ,1.7,5.947, ,3.742, ,2.458, , ,4.627, , ,5.492, 
7/31/2010,3.983, , ,1.623,6.161, ,3.813, ,2.384, , ,4.564, , ,5.772, 
8/31/2010,3.588, , ,1.536,6.03, ,3.73, ,2.275, , ,4.516, , ,5.529, 
9/30/2010,3.952, , ,1.455,5.982, ,3.661, ,2.208, , ,4.521, , ,5.672, 
10/31/2010,3.762, , ,1.417,5.956, ,3.578, ,2.226, , ,4.488, , ,5.679, 
11/30/2010,3.913, , ,1.337,5.831, ,3.491, ,2.138, , ,4.611, , ,5.438, 
12/31/2010,4.059, , ,1.251,5.627, ,3.422, ,2.056, , ,4.548, , ,5.642, 
1/31/2011,2.827, , ,1.154,5.677, ,3.449, ,1.981, , ,4.563, , ,5.527, 
2/28/2011,2.004, , ,1.081,5.609, ,3.38, ,1.906, , ,4.52, , ,5.46, 
3/31/2011,2.869, , ,1.002,5.587, ,3.297,3.956,1.842, , ,4.667, , ,5.535, 
4/30/2011,2.584, , ,0.955,5.521, ,3.219,3.886,7.313, , ,4.639, , ,5.529, 
5/31/2011,2.096, , , ,5.431, ,3.135,3.805,7.305, , ,4.756, , ,5.482, 
6/30/2011,2.718, , , ,5.348, ,3.051,3.711,7.218, ,7.922,4.707, , ,5.597, 
7/31/2011,0.94, , , ,5.454, ,3.064,3.634,7.14,4.325,7.847,4.66, , ,5.513, 
8/31/2011,4.067, , , ,5.32, ,2.978,3.562,7.033,4.212,7.72,4.729, , ,5.448, 
9/30/2011,5.788, , , ,5.141, ,2.877,3.634,6.725,4.119,7.507,4.842, , ,5.135, 
10/31/2011,5.6, , , ,5.106, ,2.802,3.483,7.044,4.045,7.462,4.82, , ,5.498, 
11/30/2011,5.918, , , ,5.008, ,2.706,3.403,6.961,3.951,7.285,4.955, , ,5.429, 
12/31/2011,5.861, , , ,4.924, ,2.628,3.32,6.869,3.961,7.396,4.88, , ,5.471, 
1/31/2012,5.816, , , ,5.026, ,2.646,3.281,6.79,3.895,7.328,4.828, , ,5.637, 
2/29/2012,5.697, , , ,5.023, ,2.577,3.204,6.718,3.814,5.332,4.762, , ,6.195, 
3/31/2012,5.295, , , ,4.953, ,2.494,3.265,6.674,3.737,5.298,4.969, , ,6.077, 
4/30/2012,5.689, , , ,4.856, ,2.411,3.185,6.848,3.654,5.197,5.01, , ,6.139, 
5/31/2012,5.802,8.103, , ,4.716, ,2.325,3.101,6.695,5.501,5.057,4.94, , ,5.552, 
6/30/2012,5.765,8.078, , ,4.659, ,2.239,3.025,6.636,5.476,5.072,5.061, , ,5.644, 
7/31/2012,5.657,8.059, , ,4.743, ,2.25,2.946,6.583,5.483,5.024,5.068, , ,5.681, 
8/31/2012,5.569,7.989, , ,4.665, ,2.173,2.89,6.549,5.453,5.058,4.976, , ,5.914, 
9/30/2012,5.648,7.939, , ,4.607, ,2.095,2.935,6.506,5.431,5.024,4.987, , ,6.265, 
10/31/2012,5.906,7.87, , ,4.592,8.016,2.017,2.853,6.618,5.339,4.95,4.928, , ,6.279, 
11/30/2012,4.856,7.953, , ,4.494,7.906,1.934,2.774,6.553,5.333,4.889,5.118, , ,6.377, 
12/31/2012,4.807,7.899, , ,4.4,7.802,1.85,2.681,6.468,5.357,5.514,5.057, , ,6.539, 
1/31/2013,5.142,7.805, , ,4.465,7.763,1.831,2.599,6.432,5.297,5.418,5.021, , ,6.527, 
2/28/2013,4.978,7.71, , ,4.381,7.672,1.754,2.525,6.322,5.222,5.383,4.984, ,4.571,6.595, 
3/31/2013,5.057,7.61, , ,4.318,7.604,1.671,2.553,6.217,5.159,5.277,4.913, ,4.489,6.434, 
4/30/2013,5.183,7.569, , ,4.261,7.722,1.593,2.475,6.327,5.085,5.23,5.167, ,4.426,6.412, 
5/31/2013,5.364,7.624, , ,4.123,7.615,1.507,2.393,6.271,5.039,5.121,5.361, ,4.346,6.12, 
6/30/2013,5.294,7.497, , ,3.975,7.46,1.422,2.314,6.083,4.92,5.016,5.116, ,4.254,5.807, 
7/31/2013,5.376,7.425, , ,4.058,7.412,1.392,2.253,6.04,4.802,4.997,5.157, ,4.173,5.706, 
8/31/2013,5.311,7.302, , ,3.927,7.394,1.308,2.173,5.898,4.681,4.94,5.042, ,4.095,5.59, 
9/30/2013,5.346,7.27, , ,3.861,7.321,1.227,2.184,5.836,4.62,4.88,4.969, ,4.027,5.611, 
10/31/2013,5.296,7.206, , ,3.804,7.44,1.144,2.102,5.966,4.564,4.799,4.963, ,3.948,5.917, 
11/30/2013,5.248,7.272, , ,3.712,7.333,1.061,2.028,5.87,4.535,4.72,4.943, ,3.869,5.529, 
12/31/2013,5.001,7.189, , ,3.64,7.253,0.977,1.948,5.796,4.491,4.66,4.887, ,3.781,5.582, 
1/31/2014,4.888,7.085, , ,3.662,7.162, ,1.866,5.706,4.439,4.591,4.86, ,3.713,5.042, 
2/28/2014,4.672,7.044, , ,3.6,7.207, ,1.792,5.649,4.393,4.577,4.807, ,3.639,5.372, 
3/31/2014,4.827,6.931, , ,3.543,7.151, ,1.786,5.552,4.332,4.48,4.746, ,3.701,5.464, 
4/30/2014,4.663,6.837, , ,3.475,7.159, ,1.707,5.629,4.261,4.406,4.844,3.28,3.626,5.753, 
5/31/2014,4.6,6.897, , ,3.389,7.073, ,1.625,5.605,4.24,4.336,4.855,3.249,3.538,5.668, 
6/30/2014,4.519,6.806, , ,3.312,6.982, ,1.546,5.518,4.219,4.272,4.892,3.176,3.456,5.789, 
7/31/2014,4.448,6.715, , ,3.331,6.914, ,1.465,5.434,4.135,4.2,4.823,3.09,3.371,5.63, 
8/31/2014,4.382,6.623, , ,3.245,6.921, ,1.383,5.333,4.104,4.161,4.834,3.009,3.287,5.432, 
9/30/2014,4.324,6.533, , ,3.165,6.829, ,1.362,5.243,4.01,4.072,4.782,3.015,3.206,5.017, 
10/31/2014,4.336,6.471, , ,3.074,6.829, ,1.28,5.33,3.924,3.994,4.735,2.924,3.118,4.919, 
11/30/2014,4.248,6.509, , ,5.483,6.748, ,1.201,5.236,3.887,3.917,4.716,2.84,3.031,4.402, 
12/31/2014,4.218,6.401, , ,5.402,6.605, ,1.12,5.07,3.832,3.838,4.633,2.728,2.943,3.785, 
1/31/2015,4.082,6.334, , ,6.295,6.483, ,1.018,5.016,3.774,3.803,4.699,2.574,4.517,2.975, 
2/28/2015,4.063,6.269, ,7.579,6.218,6.523, ,0.945,4.969,3.706,3.754,4.633, ,4.334,3.548, 
3/31/2015,4.065,6.187, ,7.487,6.123,6.43, , ,4.886,3.649,3.678,4.982, ,4.432,3.412, 
4/30/2015,3.987,6.116, ,7.457,6.049,6.452, , ,4.962,3.699,3.599,5.087, ,4.307,4.039, 
5/31/2015,3.908,6.142, ,7.375,6.007,6.376, , ,4.874,3.673,3.514,5.147, ,4.365,3.738, 
6/30/2015,3.822,6.053, ,7.205,5.908,6.303, , ,4.779,5.765,3.428,5.073, ,4.195,3.525, 
7/31/2015,3.739,5.97, ,7.298,5.891,6.2, , ,4.664,5.681,3.371,4.989, ,4.188,3.383, 
8/31/2015,3.684,5.885, ,7.2,5.74,6.189, , ,4.567,5.588,3.317,4.894, ,4.12,3.433, 
9/30/2015,3.641,5.806, ,7.104,5.631,6.113, , ,4.469,5.51,3.244,4.822, ,4.103,3.241, 
10/31/2015,3.609,5.73, ,6.989,5.601,6.117, , ,4.568,5.43,3.162,4.773, ,4.015,3.619, 
11/30/2015,3.546,5.744, ,6.796,5.554,6.039, , ,4.479,5.48,3.073,5.069, ,3.784,3.687, 
12/31/2015,3.469,5.654, ,6.664,5.466,5.949, , ,4.369,5.39,2.721,5.032, ,3.647,3.475, 
1/31/2016,3.375,5.57, ,6.73,5.449,5.885, , ,4.282,5.315,2.644,4.936, ,3.653,3.053, 
2/29/2016,3.318,5.499, ,6.707,5.396,5.902, , ,4.214,5.225,4.05,4.885, ,3.627,3.324, 
3/31/2016,3.294,5.418, ,6.629,5.354,5.846, , ,4.159,5.157,3.97,5.199, ,3.708,3.205, 
4/30/2016,3.233,5.336, ,6.612,5.304,5.835, , ,4.23,5.062,3.89,5.254,4.455,3.594,3.425, 
5/31/2016,3.178,5.347, ,6.514,5.277,5.763, , ,4.145,5.108,3.805,5.242,4.246,3.525,3.361, 
6/30/2016,3.116,5.269, ,6.44,5.208,5.68, , ,4.062,5.045,3.757,5.131,4.059,3.527,3.614, 
7/31/2016,3.047,5.185, ,6.625,5.241,5.611, , ,3.984,4.963,3.712,5.075,3.984,3.507,3.592, 
8/31/2016,2.991,5.102, ,6.595,5.181,5.589, , ,3.908,4.876,3.63,5.02,3.981,3.409,3.673, 
9/30/2016,2.942,5.017, ,6.508,5.072,5.514, , ,3.828,4.802,3.549,4.949,4.052,3.281,3.975, 
10/31/2016,2.904,4.933, ,6.414,4.988,5.494, , ,3.866,4.722,3.464,5.049,3.386,3.084,3.788, 
11/30/2016,3.232,4.941, ,6.268,4.892,5.421, , ,3.767,4.752,3.37,4.949,3.513,2.886,3.662, 
12/31/2016,3.169,4.843, ,6.209,4.797,5.329, , ,3.692,4.665,3.314,4.954,3.3,2.792,3.711, 
1/31/2017,3.095,4.758, ,6.332,4.811,5.257, , ,3.621,4.57,3.255,4.911,3.685,2.722,3.734, 
2/28/2017,3.047,4.678, ,6.26,4.746,5.248, , ,3.546,4.496,3.179,4.87,3.738,0.965,3.775, 
3/31/2017,3.011,4.595, ,6.194,4.66,6.468, , ,3.46,4.408,3.094,5.296,3.706, ,3.493, 
4/30/2017,2.938,4.509, ,6.134,4.586,6.423, , ,3.484, ,3.011,5.266,3.687, ,3.744, 
5/31/2017,2.852,4.515, ,5.232,4.583,6.342, , ,3.402, ,2.926,5.24,3.661, ,3.666, 
6/30/2017,2.794,4.432, ,5.93,4.514,6.256, , ,3.324, ,2.871,5.279,3.559, ,3.435, 
7/31/2017,2.715,4.346, ,6.026,4.49,6.166, , ,3.242, ,2.81,5.21,3.771, ,3.041, 
8/31/2017,2.651,4.26, ,5.963,4.414,6.13, , ,3.159, ,2.725,5.113,3.697, ,3.001, 
9/30/2017,2.608,4.176, ,5.871,4.344,6.095, , ,3.082, ,2.549,5.039, , ,2.909, 
10/31/2017,2.523,4.089, ,5.807,4.265,6.048, , ,3.095, ,2.465,4.941, , ,2.887, 
11/30/2017,2.44,4.085, ,5.719,4.225,5.964, , ,3.013, ,2.383,5.079, , ,1.931, 
12/31/2017,2.761,3.998, ,5.638,4.143,5.868, , ,2.93, ,2.314,5.008, , ,1.77, 
1/31/2018,2.674,3.911, ,5.71,4.119,5.812, , ,2.834, ,2.248,5.126, , ,2.334, 
2/28/2018,2.611,3.824, ,5.581,3.993,5.718, , ,2.76, ,2.165,4.979, , ,2.498, 
3/31/2018,2.578,3.736, ,5.499,3.897,5.691, , ,2.667, ,2.177,4.965, , ,3.285, 
4/30/2018,2.495,3.654, ,5.386,3.813,5.63, , ,2.671, ,2.096,4.899, , ,4.322, 
5/31/2018,2.403,3.64, ,5.287,3.767,5.486, , ,2.579, ,2.009,4.847, , , , 
6/30/2018,2.324,3.558, ,5.154,3.668,5.367, , ,2.499, ,1.947,5.132, , , , 
7/31/2018,2.244,3.473, ,5.274,3.659,5.346, , ,2.421, ,1.882,5.264, , , , 
8/31/2018,2.179,3.388, ,5.14,3.588,5.301, , ,2.324, ,1.798,5.046, , , , 
9/30/2018,2.142,3.307, ,5.068,3.502,5.332, , ,2.245, ,1.715,4.98, , , , 
10/31/2018,2.054,3.22, ,4.945,3.408,5.258, , ,2.237, ,1.629,5.005, , , , 
11/30/2018,1.969,3.203, ,4.836,3.36,5.085, , ,2.156, ,1.548,5.134, , , , 
12/31/2018,1.889,3.119, ,4.764,3.287,4.992, , ,2.073, ,1.479,5.143, , , , 
1/31/2019,1.812,3.038, ,4.874,5.009,4.966, , ,1.995, ,2.211,5.22, , , , 
2/28/2019,2.296,2.968, ,4.825,4.936,4.944, , ,1.92, ,2.137,5.204, , , , 
3/31/2019,2.289,2.884, ,4.717,4.85,4.944, , ,1.838, ,2.055,5.247, , , , 
4/30/2019,2.211,2.805, ,4.688,4.776,4.899, , ,1.819, ,1.975,5.408, , , , 
5/31/2019,2.128,2.778, ,4.571,4.799,4.84, , ,1.733, ,1.892,5.316, , , , 
6/30/2019,2.054,2.702, ,4.541,4.731,4.777, , ,1.655, ,1.862,5.44, , , , 
7/31/2019,1.971,2.618, ,4.592,4.664,4.683, , ,1.573, ,1.779,5.336, , , , 
8/31/2019,1.889,2.536, ,4.492,4.575,4.617, , ,1.493, ,1.697,4.961, , , , 
9/30/2019,1.871,2.456, ,4.392,4.504,4.574, , ,1.414, ,1.616,4.88, , , , 
10/31/2019,1.789,2.375, ,4.331,4.421,4.502, , ,1.378, ,1.533,4.533, , , , 
11/30/2019,1.71,2.342, ,4.258,4.438,4.462, , ,1.296, ,1.452,4.197, , , , 
12/31/2019,1.627,2.26, ,4.193,4.359,4.448, , ,1.214, ,1.405,4.087, , , , 
1/31/2020,1.542,2.175, ,4.226,4.275,4.311, , ,1.131, ,1.321,3.541, , , , 
2/29/2020,1.464,2.098, ,4.158,4.198,4.262, , ,1.052, ,1.244,2.676, , , , 
3/31/2020,1.413,2.015, ,3.944,4.045,4.043, , ,0.948, ,1.158,2.016, , , , 
4/30/2020,1.334,1.936, ,3.907,4.005,4.003, , , , ,1.078, , , , , 
5/31/2020,1.26,1.893, ,3.863,4.023,3.979, , , , ,0.996, , , , , 
6/30/2020,1.181,1.814, ,3.829,3.963,3.869, , , , , , , , , , 
7/31/2020,1.099,1.736, ,3.854,3.888,3.834, , , , , , , , , , 
8/31/2020,1.016,1.652, ,3.784,3.814,3.763, , , , , , , , , , 
9/30/2020,,1.571, ,3.674,3.73,3.704, , , , , , , , , , 
10/31/2020,,1.486, ,3.543,3.651,3.658, , , , , , , , , , 
11/30/2020,,1.434, ,3.518,3.65,3.624, , , , , , , , , , 
12/31/2020,8.99,1.349, ,3.438,3.567,3.581, , , , , , , , , , 
1/31/2021,8.909,1.264, ,3.465,3.489,3.452, , , , , , , , , , 
,,,,,,,,,,,,,,,,
,,,,,,,,,,,,,,,,
, Maturity / WAL, Maturity / WAL, Maturity / WAL, Maturity / WAL, Maturity / WAL, Maturity / WAL, Maturity / WAL, Maturity / WAL, Maturity / WAL, Maturity / WAL, Maturity / WAL, Maturity / WAL, Maturity / WAL, Maturity / WAL, Maturity / WAL, 
Date, GDCS, GDSK, GDTH, GDTN, GDVN, GDBO, GDBG, GDFJ, GDGE, GDIS, GDLV, GDLB, GDMZ, GDES, GDVE, 
12/31/1991,, , , , , , , , , , , , , , , 
1/31/1992,, , , , , , , , , , , , , ,21.779, 
2/29/1992,, , , , , , , , , , , , , ,21.703, 
3/31/1992,, , , , , , , , , , , , , ,21.683, 
4/30/1992,, , , , , , , , , , , , , ,21.401, 
5/31/1992,, , , , , , , , , , , , , ,21.483, 
6/30/1992,, , , , , , , , , , , , , ,21.522, 
7/31/1992,, , , , , , , , , , , , , ,21.456, 
8/31/1992,, , , , , , , , , , , , , ,21.401, 
9/30/1992,, , , , , , , , , , , , , ,21.377, 
10/31/1992,, , , , , , , , , , , , , ,21.181, 
11/30/1992,, , , , , , , , , , , , , ,21.176, 
12/31/1992,, , , , , , , , , , , , , ,21.263, 
1/31/1993,, , , , , , , , , , , , , ,21.23, 
2/28/1993,, , , , , , , , , , , , , ,21.221, 
3/31/1993,, , , , , , , , , , , , , ,20.993, 
4/30/1993,, , , , , , , , , , , , , ,20.699, 
5/31/1993,, , , , , , , , , , , , , ,20.485, 
6/30/1993,, , , , , , , , , , , , , ,20.481, 
7/31/1993,, , , , , , , , , , , , , ,20.386, 
8/31/1993,, , , , , , , , , , , , , ,20.483, 
9/30/1993,, , , , , , , , , , , , , ,20.435, 
10/31/1993,, , , , , , , , , , , , , ,20.029, 
11/30/1993,, , , , , , , , , , , , , ,20.077, 
12/31/1993,, , , , , , , , , , , , , ,20.016, 
1/31/1994,, , , , , , , , , , , , , ,19.961, 
2/28/1994,, , , , , , , , , , , , , ,19.807, 
3/31/1994,, , , , , , , , , , , , , ,19.772, 
4/30/1994,, , , , , , , , , , , , , ,19.584, 
5/31/1994,, , , , , , , , , , , , , ,19.5, 
6/30/1994,, , , , , , , , , , , , , ,19.817, 
7/31/1994,, , , , , , , , , , , , , ,19.848, 
8/31/1994,, , , , , ,22.325, , , , , , , ,19.381, 
9/30/1994,, , , , , ,22.242, , , , , , , ,19.285, 
10/31/1994,, , , , , ,22.164, , , , , , , ,19.034, 
11/30/1994,, , , , , ,22.088, , , , , , , ,18.893, 
12/31/1994,, , , , , ,21.935, , , , , , , ,19.062, 
1/31/1995,, , , , , ,21.98, , , , , , , ,18.867, 
2/28/1995,, , , , , ,21.916, , , , , , , ,18.803, 
3/31/1995,, , , , , ,22.046, , , , , , , ,18.903, 
4/30/1995,, , , , , ,21.86, , , , , , , ,18.552, 
5/31/1995,, , , , , ,21.615, , , , , , , ,18.507, 
6/30/1995,, , , , , ,21.522, , , , , , , ,18.557, 
7/31/1995,, , , , , ,21.347, , , , , , , ,18.448, 
8/31/1995,, , , , , ,21.255, , , , ,4.907, , ,18.394, 
9/30/1995,, , , , , ,21.168, , , , ,4.825, , ,18.36, 
10/31/1995,, , , , , ,21.063, , , , ,4.74, , ,18.149, 
11/30/1995,, , , , , ,20.976, , , , ,4.658, , ,18.193, 
12/31/1995,, , , , , ,20.883, , , , ,4.574, , ,18.097, 
1/31/1996,, , , , , ,20.465, , , , ,4.489, , ,17.894, 
2/29/1996,, , , , , ,20.512, , , , ,4.41, , ,17.798, 
3/31/1996,, , , , , ,20.544, , , , ,4.325, , ,17.618, 
4/30/1996,, , , , , ,20.429, , , , ,4.243, , ,17.242, 
5/31/1996,, , , , , ,20.311, , , , ,4.158, , ,17.065, 
6/30/1996,, , , , , ,20.188, , , , ,4.077, , ,17.062, 
7/31/1996,, , , , , ,20.085, , , , ,3.992, , ,16.945, 
8/31/1996,, , , , , ,20.074, , , , ,3.907, , ,16.819, 
9/30/1996,, , , , , ,19.962, , , , ,3.825, , ,16.778, 
10/31/1996,, , , , , ,19.965, , , , ,3.74, , ,16.634, 
11/30/1996,, , , , , ,19.746, , , , ,3.658, , ,16.626, 
12/31/1996,, ,5.203, , , ,19.644, , , , ,3.574, , ,16.572, 
1/31/1997,, ,5.118, , , ,19.531, , , , ,3.489, , ,16.45, 
2/28/1997,, ,5.041, , , ,19.277, , , , ,3.413, , ,16.396, 
3/31/1997,, ,4.956, , , ,19.203, , , , ,3.325, , ,16.271, 
4/30/1997,, ,8.003, , , ,19.086, , , , ,3.243, , ,16.065, 
5/31/1997,, ,7.911, , , ,18.95, , , , ,3.158, , ,16.042, 
6/30/1997,, ,7.838, , , ,18.869, , , , ,3.077, , ,15.725, 
7/31/1997,, ,7.764, , , ,18.749, , , , ,2.992, , ,16.011, 
8/31/1997,, ,7.641, , , ,18.655, , , , ,2.907, , ,15.873, 
9/30/1997,, ,7.617, , , ,18.607, , , , ,2.825, , ,10.793, 
10/31/1997,, ,7.239, , , ,18.598, , , , ,2.74, , ,16.823, 
11/30/1997,, ,7.317, , , ,18.482, , , , ,2.658, , ,16.817, 
12/31/1997,, ,7.201, , , ,18.4, , , , ,2.574, , ,17.855, 
1/31/1998,, ,7.052, , , ,18.303, , , , ,2.489, , ,17.753, 
2/28/1998,, ,6.976, , , ,18.213, , , , ,2.413, , ,17.684, 
3/31/1998,, ,6.944, , , ,18.118, , , , ,2.325, , ,17.561, 
4/30/1998,, ,6.871, , , ,18.01, , , , ,2.243, , ,17.408, 
5/31/1998,, ,7.705, , , ,17.934, , , , ,2.158, , ,17.269, 
6/30/1998,, ,7.616, , , ,17.923, , , , ,2.077, , ,17.392, 
7/31/1998,, ,7.518, , , ,17.774, , , , ,1.992, , ,17.101, 
8/31/1998,, ,7.349, , , ,18.188, , , , ,1.907, , ,17.282, 
9/30/1998,, ,6.266, , , ,17.729, , , , ,1.825, , ,17.496, 
10/31/1998,, ,6.185, , , ,17.571, , , , ,1.74, , ,17.365, 
11/30/1998,, ,6.222, , , ,17.332, , , , ,1.658, , ,17.246, 
12/31/1998,,0,6.199, , , ,17.334, , , , ,0, , ,17.382, 
1/31/1999,,4.321,6.146, , , ,17.247, , , , ,3.225, , ,17.43, 
2/28/1999,,4.244,6.044, , , ,17.113, , , , ,3.148, , ,17.136, 
3/31/1999,,4.159,6.063, , , ,17.013, , , , ,1.383, , ,16.734, 
4/30/1999,,4.077,5.891, , , ,16.887, , , , ,4.332, , ,16.643, 
5/31/1999,,3.992,5.776, , , ,16.797, , , , ,4.253, , ,16.511, 
6/30/1999,,3.91,5.697, , , ,16.708, , , , ,4.169, , ,16.421, 
7/31/1999,,3.825,5.594, , , ,16.597, , , , ,4.757, , ,16.4, 
8/31/1999,,3.74,5.875, , , ,16.477, , , , ,4.669, , ,16.46, 
9/30/1999,,3.658,5.832, , , ,16.358, , , , ,4.567, , ,16.301, 
10/31/1999,,3.573,5.713, , , ,16.299, , , , ,4.43, , ,16.073, 
11/30/1999,,3.49,5.637, , , ,16.275, , , , ,5.315, , ,15.915, 
12/31/1999,,3.405,5.543, , , ,16.208, , , , ,5.221, , ,16.076, 
1/31/2000,,3.321,5.461, , , ,16.077, , , , ,5.13, , ,15.864, 
2/29/2000,,3.241,5.396, , , ,16.002, , , , ,5.046, , ,15.77, 
3/31/2000,,3.159,5.372, , , ,15.952, , , , ,4.995, , ,15.661, 
4/30/2000,,3.077,5.23, , , ,15.857, , , , ,6.11, , ,15.532, 
5/31/2000,,2.992,5.13, , , ,15.79, , , , ,6.022, , ,15.586, 
6/30/2000,,2.91,5.063, , , ,15.653, , , , ,5.951, , ,15.644, 
7/31/2000,,2.825,4.987, , , ,15.534, , , , ,6.282, , ,15.749, 
8/31/2000,,2.74,4.91, , , ,15.443, , , , ,5.922, , ,15.661, 
9/30/2000,,2.658,4.876, , , ,15.374, , , , ,5.857, , ,15.415, 
10/31/2000,,2.573,4.752, , , ,15.305, , , , ,5.723, , ,15.397, 
11/30/2000,,2.49,4.682, , , ,15.267, , , , ,5.637, , ,15.366, 
12/31/2000,,2.405,4.612, , , ,15.141, , , , ,5.331, , ,15.62, 
1/31/2001,,2.321,4.526, , , ,14.979, , , , ,5.252, , ,15.54, 
2/28/2001,,2.244,4.461, , , ,14.906, , , , ,5.084, , ,15.525, 
3/31/2001,,2.159,6.041, , , ,14.816, , , , ,5.004, , ,15.341, 
4/30/2001,,2.077,5.959, , , ,14.688, , , , ,4.943, , ,15.273, 
5/31/2001,,1.992,5.874, , , ,14.612, , , , ,5.712, , ,15.172, 
6/30/2001,,1.91,5.792, , , ,14.743, , , , ,5.662, , ,15.462, 
7/31/2001,,1.825,5.707, , , ,14.654, , , , ,5.578, , ,15.432, 
8/31/2001,,1.74,5.622, , , ,14.926, , , , ,5.689, , ,15.386, 
9/30/2001,,1.658,5.54, , , ,14.819, , , , ,5.458, , ,15.183, 
10/31/2001,,1.573,5.455, , , ,14.759, , , , ,5.364, , ,15.218, 
11/30/2001,,1.49,5.373, , , ,14.583, , , , ,5.201, , ,15.153, 
12/31/2001,,1.405,5.288, , , ,14.52, , , , ,5.162, , ,15.464, 
1/31/2002,,1.321,5.203, , , ,14.439, , , , ,4.979, , ,15.323, 
2/28/2002,,1.244,5.126, , , ,14.379, , , , ,4.876, , ,15.31, 
3/31/2002,,1.159,5.041, , , ,14.185, , , , ,4.062, , ,14.984, 
4/30/2002,,1.077,4.959,0, , ,11.66, , , , ,4.697, , ,15.077, 
5/31/2002,,0,4.874,9.902, , ,13.321, , , , ,4.557, , ,14.98, 
6/30/2002,,0,4.792,9.82, , ,13.227, , , , ,4.512, , ,15.285, 
7/31/2002,,0,4.707,9.735, , ,13.193, , , , ,4.417, , ,15.266, 
8/31/2002,,0,4.622,9.65, , ,13.104, , , , ,4.297, , ,15.189, 
9/30/2002,,0,4.54,9.568, , ,13.054, , , , ,4.242, , ,15.136, 
10/31/2002,,0,4.455,9.484, , ,12.504, , , , ,4.147, , ,15.031, 
11/30/2002,,0,4.373,9.402, , ,12.423, , , , ,4.12, , ,14.921, 
12/31/2002,,0,4.288,9.317, , ,12.34, , , , ,4.083, , ,15.232, 
1/31/2003,,0,4.203,9.232, , ,12.293, , , , ,4.012, , ,15.114, 
2/28/2003,,0,4.126,9.156, , ,12.163, , , , ,3.98, , ,15.131, 
3/31/2003,,0,4.041,9.068, , ,12.072, , , , ,3.914, , ,14.919, 
4/30/2003,,0,3.959,8.986, , ,11.994, , , , ,3.831, , ,14.859, 
5/31/2003,, ,3.183,8.902, , ,11.899, , , , ,3.735, , ,14.847, 
6/30/2003,, ,4.124,8.82, , ,11.816, , , , ,3.674, , ,15.152, 
7/31/2003,, ,4.038,8.735, , ,11.781, , , , ,3.582, , ,14.774, 
8/31/2003,, ,3.958,8.65, , ,11.682, , , , ,3.5, , ,16.355, 
9/30/2003,, ,3.871,8.568, , ,11.607, , , , ,3.449, , ,14.854, 
10/31/2003,, ,3.796,8.484, , ,11.525, , , , ,3.353, , ,14.435, 
11/30/2003,, ,3.712,8.402, , ,11.43, , , , ,3.245, , ,14.401, 
12/31/2003,, ,3.627,8.317, , ,11.345, , , , ,3.515, , ,14.587, 
1/31/2004,, ,3.542,8.232, , ,11.297, , , , ,3.449, , ,15.526, 
2/29/2004,, ,3.459,8.153, , ,11.214, , , , ,3.369, , ,15.404, 
3/31/2004,, ,3.376,8.068, , ,11.139, , , , ,3.797, , ,15.366, 
4/30/2004,, ,3.305,7.986, , ,11.075, , , , ,3.726, , ,15.219, 
5/31/2004,, ,3.102,7.902, , ,10.99, , , , ,4.13, , ,15.188, 
6/30/2004,, ,3.02,7.82, , ,8.962, , , , ,4.593, , ,14.77, 
7/31/2004,, ,2.935,7.735, , ,8.905, , , , ,4.511, , ,14.681, 
8/31/2004,, ,2.848,7.65, , ,8.848, , , , ,4.44, , ,14.671, 
9/30/2004,, ,2.767,7.568, , ,8.776, , , , ,4.868, , ,14.706, 
10/31/2004,, ,2.684,7.484, , ,8.703, , , , ,4.825, , ,14.886, 
11/30/2004,, ,2.602,7.402, , ,8.615, , , , ,4.702, , ,14.805, 
12/31/2004,, ,2.518,6.077,11.197, ,8.539, , , , ,4.903, , ,15.26, 
1/31/2005,, ,2.434,6.002,11.112, ,9.304, , , , ,4.825, , ,15.121, 
2/28/2005,, ,2.358,5.93,11.036, ,9.226, , , , ,4.748, , ,15.059, 
3/31/2005,, ,2.272,5.855,10.948, ,9.123, , , , ,4.656, , ,14.911, 
4/30/2005,19.505, ,2.193,5.761,10.866, ,9.051, , , , ,5.287, , ,14.832, 
5/31/2005,19.421, ,2.106,5.688,10.781, ,8.975, , , , ,5.184, , ,15.173, 
6/30/2005,19.339, ,2.023,5.607,10.699, ,8.897, , , , ,5.134, , ,15.219, 
7/31/2005,19.254, ,1.938,5.511,10.615, ,9.46, , , , ,5.049, , ,15.071, 
8/31/2005,19.169, ,1.853,5.438,10.53, ,9.375, , , , ,4.977, , ,15.085, 
9/30/2005,19.087, ,1.771,5.38,10.448, ,9.293, , , , ,4.894, , ,15.133, 
10/31/2005,19.003, ,1.688,5.256,10.363, ,9.208, , , , ,5.365, , ,15.042, 
11/30/2005,18.921, ,1.604,5.176,10.165, ,9.126, , , , ,5.276, , ,14.977, 
12/31/2005,18.836, ,1.519,5.094,10.08, ,9.041, , , , ,5.22, , ,14.721, 
1/31/2006,18.751, ,1.434,5.004,9.997, ,8.956, , , , ,5.147, , ,14.699, 
2/28/2006,18.675, ,1.358,4.922,9.92, ,8.879, , , , ,5.082, , ,14.715, 
3/31/2006,18.587, ,1.272,4.859,9.832, ,8.795, , , , ,4.995, , ,14.681, 
4/30/2006,18.505, ,1.302,4.737,9.75, ,8.712, , , , ,6.625, , ,14.588, 
5/31/2006,18.421, ,1.995,4.655,9.665, ,8.627, , , , ,6.555, , ,14.4, 
6/30/2006,18.339, ,1.913,4.559,9.584, ,8.545, , , , ,7.063, , ,14.747, 
7/31/2006,18.254, ,1.828,4.485,9.499, ,8.46, , , , ,6.913, , ,14.714, 
8/31/2006,18.169, ,1.743,4.411,9.414, ,8.375, , , , ,6.904, , ,14.669, 
9/30/2006,18.087, ,1.661,5.568,9.293, ,8.293, , , , ,6.84, , ,14.527, 
10/31/2006,18.003, ,1.577,5.484,9.208, ,8.208, , , , ,6.717, , ,14.485, 
11/30/2006,17.921, ,1.495,5.402,9.126, ,8.126, , , , ,6.832, , ,14.43, 
12/31/2006,17.836, ,1.41,5.317,9.041, ,8.041, , , , ,6.751, , ,14.408, 
1/31/2007,17.751, ,1.325,5.232,8.956, ,7.956, , , , ,6.706, , ,14.273, 
2/28/2007,17.675, ,1.249,5.156,8.879, ,7.879, , , , ,6.629, , ,14.225, 
3/31/2007,17.587, ,1.161,5.068,8.795, ,7.795, , , , ,6.578, , ,14.109, 
4/30/2007,17.505, ,1.079,4.986,8.712, ,7.712, , , , ,6.411, , ,13.983, 
5/31/2007,17.421, ,0.995,4.902,8.627, ,7.627, , , , ,6.307, , ,13.781, 
6/30/2007,17.339, , ,4.82,8.545, ,7.545, , , , ,6.346, , ,13.502, 
7/31/2007,17.254, , ,4.735,8.46, ,7.46, , , , ,6.32, , ,13.406, 
8/31/2007,17.169, , ,4.65,8.375, ,7.375, , , , ,6.662, , ,13.282, 
9/30/2007,17.087, , ,4.568,8.293, ,7.293, , , , ,6.613, , ,13.227, 
10/31/2007,17.003, , ,4.484,8.208, ,7.208, , , , ,6.048, , ,13.294, 
11/30/2007,16.921, , ,4.402,8.126, ,7.126, , , , ,5.989, , ,13.046, 
12/31/2007,16.836, , ,4.317,8.041, ,7.041, , , , ,5.933, , ,13.887, 
1/31/2008,16.751, , ,4.232,7.956, ,6.956, , , , ,5.856, , ,13.745, 
2/29/2008,16.672, , ,4.153,7.877, ,6.877, , , , ,5.78, , ,13.718, 
3/31/2008,16.587, , ,4.068,7.795, ,6.795, , , , ,5.622, , ,13.535, 
4/30/2008,16.505, , ,3.986,7.712, ,6.712, ,4.956, , ,5.512, , ,13.345, 
5/31/2008,16.421, , ,3.902,7.627, ,6.627, ,4.874, , ,5.436, , ,13.248, 
6/30/2008,16.339, , ,3.82,7.545, ,6.545, ,4.792, , ,5.426, , ,13.973, 
7/31/2008,16.254, , ,3.735,7.46, ,6.46, ,4.707, , ,5.352, , ,13.764, 
8/31/2008,16.169, , ,3.65,7.375, ,6.375, ,4.622, , ,5.332, , ,13.751, 
9/30/2008,16.087, , ,3.568,7.293, ,6.293, ,4.54, , ,5.222, , ,13.302, 
10/31/2008,16.003, , ,3.484,7.208, ,6.208, ,4.455, , ,5.159, , ,13.141, 
11/30/2008,15.921, , ,3.402,7.126, ,6.126, ,4.373, , ,5.197, , ,13.019, 
12/31/2008,15.836, , ,3.317,7.041, ,6.041, ,4.288, , ,5.636, , ,12.72, 
1/31/2009,15.751, , ,3.232,6.956, ,5.956, ,4.203, , ,5.599, , ,12.496, 
2/28/2009,15.675, , ,3.156,6.879, ,5.879, ,4.126, , ,5.548, , ,12.551, 
3/31/2009,15.587, , ,3.068,6.795, ,5.795, ,4.041, , ,6.091, , ,12.45, 
4/30/2009,15.505, , ,2.986,6.712, ,5.712, ,3.959, , ,6.067, , ,12.557, 
5/31/2009,15.421, , ,2.902,6.627, ,5.627, ,3.874, , ,6.019, , ,12.382, 
6/30/2009,15.339, , ,2.82,6.545, ,5.545, ,3.792, , ,5.973, , ,12.373, 
7/31/2009,15.254, , ,2.735,6.46, ,5.46, ,3.707, , ,5.907, , ,12.286, 
8/31/2009,15.169, , ,2.65,6.375, ,5.375, ,3.622, , ,5.823, , ,13.227, 
9/30/2009,15.087, , ,2.568,6.293, ,5.293, ,3.54, , ,5.769, , ,13.315, 
10/31/2009,15.003, , ,2.484,6.208, ,5.208, ,3.455, , ,5.669, , ,13.251, 
11/30/2009,14.921, , ,2.402,6.126, ,5.126, ,3.373, , ,5.615, , ,12.926, 
12/31/2009,14.836, , ,2.317,6.041, ,5.041, ,3.288, , ,5.538, , ,12.904, 
1/31/2010,14.751, , ,2.232,8.214, ,4.956, ,3.203, , ,5.656, , ,12.708, 
2/28/2010,14.675, , ,2.156,8.132, ,4.879, ,3.126, , ,5.587, , ,12.645, 
3/31/2010,14.587, , ,2.068,8.062, ,4.795, ,3.041, , ,5.927, , ,12.535, 
4/30/2010,14.505, , ,1.986,7.991, ,4.712, ,2.959, , ,5.815, , ,13.039, 
5/31/2010,14.421, , ,1.902,7.892, ,4.627, ,2.874, , ,6.152, , ,12.901, 
6/30/2010,14.339, , ,1.82,7.831, ,4.545, ,2.792, , ,6.076, , ,12.855, 
7/31/2010,14.254, , ,1.735,7.757, ,4.46, ,2.707, , ,5.996, , ,12.749, 
8/31/2010,14.169, , ,1.65,7.664, ,4.375, ,2.622, , ,5.941, , ,12.594, 
9/30/2010,14.087, , ,1.568,7.592, ,4.293, ,2.54, , ,5.879, , ,12.454, 
10/31/2010,14.003, , ,1.484,7.514, ,4.208, ,2.455, , ,5.778, , ,12.342, 
11/30/2010,13.921, , ,1.402,7.414, ,4.126, ,2.373, , ,5.962, , ,12.236, 
12/31/2010,13.836, , ,1.317,7.325, ,4.041, ,2.288, , ,5.88, , ,12.22, 
1/31/2011,13.751, , ,1.232,7.221, ,3.956, ,2.203, , ,5.988, , ,12.068, 
2/28/2011,13.675, , ,1.156,7.141, ,3.879, ,2.126, , ,5.935, , ,11.964, 
3/31/2011,13.587, , ,1.068,7.062, ,3.795,4.954,2.041, , ,6.101, , ,11.836, 
4/30/2011,13.505, , ,0.986,6.985, ,3.712,4.874,9.948, , ,6.003, , ,11.725, 
5/31/2011,13.421, , , ,6.905, ,3.627,4.79,9.866, , ,6.14, , ,11.675, 
6/30/2011,13.339, , , ,6.827, ,3.545,4.708,9.784, ,9.959,6.07, , ,11.657, 
7/31/2011,13.254, , , ,6.756, ,3.46,4.623,9.699,4.877,9.877,6.009, , ,11.512, 
8/31/2011,13.169, , , ,6.666, ,3.375,4.538,9.614,4.792,9.792,6.143, , ,12.573, 
9/30/2011,11.561, , , ,6.578, ,3.293,4.456,9.532,4.71,9.71,6.297, , ,12.397, 
10/31/2011,11.407, , , ,6.48, ,3.208,4.372,9.447,4.626,9.625,6.208, , ,12.651, 
11/30/2011,11.313, , , ,6.404, ,3.126,4.29,9.364,4.544,9.542,6.394, , ,12.575, 
12/31/2011,11.21, , , ,6.322, ,3.041,4.205,9.279,4.459,9.458,6.322, , ,12.525, 
1/31/2012,11.108, , , ,6.24, ,2.956,4.12,9.195,4.374,9.373,6.259, , ,12.475, 
2/29/2012,11.037, , , ,6.184, ,2.877,4.041,9.115,4.295,6.376,6.186, , ,12.571, 
3/31/2012,10.966, , , ,6.1, ,2.795,3.956,9.033,4.21,6.32,6.44, , ,12.433, 
4/30/2012,10.847, , , ,6.018, ,2.712,3.874,8.951,4.128,6.233,6.507, , ,12.366, 
5/31/2012,10.753,9.97, , ,5.934, ,2.627,3.79,8.866,6.919,6.143,6.405, , ,12.116, 
6/30/2012,10.654,9.89, , ,5.854, ,2.545,3.708,8.784,6.875,6.049,6.586, , ,12.122, 
7/31/2012,10.571,9.805, , ,5.772, ,2.46,3.623,8.699,6.856,5.981,6.657, , ,12.054, 
8/31/2012,10.501,9.721, , ,5.701, ,2.375,3.538,8.614,6.778,5.926,6.564, , ,12.022, 
9/30/2012,10.417,9.638, , ,5.616, ,2.293,3.456,8.532,6.739,5.864,6.522, , ,12.532, 
10/31/2012,9.815,9.553, , ,5.567,9.992,2.208,3.372,8.447,6.641,5.783,6.422, , ,12.456, 
11/30/2012,8.768,9.471, , ,5.477,9.912,2.126,3.29,8.364,6.526,5.711,6.668, , ,12.397, 
12/31/2012,8.673,9.386, , ,5.387,9.827,2.041,3.205,8.279,6.506,6.2,6.575, , ,12.415, 
1/31/2013,8.574,9.301, , ,5.305,9.742,1.956,3.12,8.195,6.416,6.111,6.523, , ,12.299, 
2/28/2013,8.104,9.225, , ,5.226,9.666,1.879,3.044,8.118,6.345,6.051,6.474, ,5.016,12.248, 
3/31/2013,8.006,9.14, , ,5.149,9.581,1.795,2.956,8.033,6.278,5.955,6.391, ,4.932,12.097, 
4/30/2013,7.898,9.058, , ,5.085,9.499,1.712,2.874,7.951,6.208,5.891,6.811, ,4.849,12.031, 
5/31/2013,7.519,8.973, , ,4.972,9.414,1.627,2.79,7.866,6.056,5.795,7.011, ,4.764,11.867, 
6/30/2013,7.447,8.89, , ,4.854,9.332,1.545,2.708,7.784,5.942,5.671,6.714, ,4.682,11.745, 
7/31/2013,7.343,8.805, , ,4.784,9.247,1.46,2.623,7.699,5.823,5.593,6.695, ,4.597,11.599, 
8/31/2013,7.263,8.721, , ,4.676,9.575,1.375,2.538,7.614,5.717,5.517,6.593, ,4.512,11.449, 
9/30/2013,7.171,8.638, , ,4.602,9.495,1.293,2.456,7.532,5.647,5.446,6.496, ,4.43,11.357, 
10/31/2013,7.073,8.553, , ,4.525,9.41,1.208,2.372,7.447,5.588,5.363,6.437, ,4.345,11.9, 
11/30/2013,6.993,8.471, , ,4.44,9.328,1.126,2.29,7.364,5.451,5.279,6.335, ,4.263,11.794, 
12/31/2013,6.557,8.386, , ,4.359,9.244,1.041,2.205,7.279,5.393,5.182,6.25, ,4.178,11.771, 
1/31/2014,6.471,8.301, , ,4.277,9.163, ,2.12,7.195,5.337,5.093,6.233, ,4.093,11.579, 
2/28/2014,6.398,8.223, , ,4.199,9.077, ,2.039,7.117,5.276,5.042,6.169, ,4.015,11.556, 
3/31/2014,6.301,8.139, , ,4.131,8.993, ,1.956,7.031,5.213,4.951,6.097, ,3.932,11.421, 
4/30/2014,6.217,8.056, , ,4.057,8.915, ,1.873,6.951,5.144,4.879,6.265,6.365,3.848,11.408, 
5/31/2014,6.127,7.973, , ,3.976,8.833, ,1.789,6.865,5.031,4.803,6.198,6.279,3.765,11.284, 
6/30/2014,6.055,7.889, , ,3.897,8.748, ,1.706,6.784,4.993,4.711,6.241,6.198,3.682,11.283, 
7/31/2014,5.976,7.806, , ,3.817,8.665, ,1.623,6.701,4.915,4.616,6.164,6.115,3.598,11.147, 
8/31/2014,5.894,7.723, , ,3.736,8.575, ,1.539,6.615,4.88,4.557,6.219,6.029,3.515,11.017, 
9/30/2014,5.802,7.639, , ,3.655,8.492, ,1.456,6.534,4.788,4.472,6.15,5.948,3.432,10.879, 
10/31/2014,5.709,7.556, , ,3.568,8.413, ,1.373,6.448,4.696,4.391,6.077,5.862,3.348,10.843, 
11/30/2014,5.621,7.473, , ,6.679,8.331, ,1.289,6.367,4.576,4.318,5.985,5.781,3.265,10.675, 
12/31/2014,5.545,7.389, , ,6.616,8.245, ,1.206,6.284,4.521,4.223,5.899,5.698,3.182,10.731, 
1/31/2015,5.463,7.306, , ,7.676,8.159, ,1.123,6.198,4.465,4.154,6.016,5.612,6.437,10.5, 
2/28/2015,5.384,7.223, ,9.919,7.588,8.076, ,1.039,6.117,4.385,4.086,5.939, ,6.227,11.027, 
3/31/2015,5.287,7.139, ,9.831,7.495,7.99, , ,6.031,4.323,4.004,6.588, ,6.297,10.89, 
4/30/2015,5.201,7.056, ,9.753,7.412,7.912, , ,5.951,4.4,3.926,6.696, ,6.163,10.836, 
5/31/2015,5.107,6.973, ,9.664,7.285,7.832, , ,5.865,4.285,3.838,6.716, ,6.254,10.735, 
6/30/2015,5.028,6.889, ,9.586,7.191,7.75, , ,5.784,6.862,3.733,6.626, ,6.07,10.705, 
7/31/2015,4.946,6.806, ,9.503,7.138,7.663, , ,5.701,6.779,3.654,6.54, ,6.078,10.619, 
8/31/2015,4.868,6.723, ,9.414,7.023,7.572, , ,5.615,6.695,3.588,6.42, ,6.018,10.59, 
9/30/2015,4.78,6.639, ,9.336,6.926,7.489, , ,5.534,6.612,3.516,6.353, ,6.004,10.415, 
10/31/2015,4.677,6.556, ,9.247,6.862,7.416, , ,5.448,6.529,3.43,6.282, ,5.923,10.425, 
11/30/2015,4.594,6.473, ,9.169,6.732,7.327, , ,5.367,6.445,3.349,6.878, ,5.504,10.306, 
12/31/2015,4.516,6.389, ,9.086,6.652,7.247, , ,5.284,6.362,2.954,6.818, ,5.365,10.287, 
1/31/2016,4.43,6.306, ,8.997,6.603,7.166, , ,5.198,6.279,2.862,6.72, ,5.386,10.199, 
2/29/2016,4.362,6.223, ,8.919,6.534,7.078, , ,5.117,6.195,4.426,6.631, ,5.37,10.07, 
3/31/2016,4.256,6.139, ,8.831,6.471,6.994, , ,5.031,6.112,4.342,7.117, ,5.454,9.865, 
4/30/2016,4.17,6.056, ,8.753,6.407,6.914, , ,4.951,6.029,4.26,7.195,6.714,5.336,9.824, 
5/31/2016,4.082,5.973, ,8.664,6.292,6.833, , ,4.865,5.945,4.174,7.096,6.631,5.276,9.75, 
6/30/2016,4.011,5.889, ,8.586,6.221,6.749, , ,4.784,5.862,4.086,6.991,6.548,5.288,9.749, 
7/31/2016,3.935,5.806, ,8.503,6.199,6.665, , ,4.701,5.779,4.007,6.926,6.464,5.287,9.564, 
8/31/2016,3.855,5.723, ,8.414,6.13,6.574, , ,4.615,5.695,3.925,6.838,6.381,5.202,9.451, 
9/30/2016,3.752,5.639, ,8.336,6.033,6.495, , ,4.534,5.612,3.842,6.762,6.298,5.067,9.262, 
10/31/2016,3.655,5.556, ,8.247,5.942,6.416, , ,4.448,5.529,3.757,6.903,6.214,4.846,9.33, 
11/30/2016,3.702,5.473, ,8.169,5.781,6.333, , ,4.367,5.445,3.674,6.738,6.131,4.469,9.194, 
12/31/2016,3.63,5.389, ,8.086,5.696,6.251, , ,4.284,5.362,3.581,6.714,6.048,4.379,9.068, 
1/31/2017,3.547,5.306, ,7.997,5.666,6.167, , ,4.198,5.279,3.501,6.635,5.964,4.316,8.9, 
2/28/2017,3.472,5.223, ,7.919,5.592,6.077, , ,4.117,5.195,3.419,6.543,5.881,1.015,8.729, 
3/31/2017,3.372,5.139, ,7.831,5.506,8.31, , ,4.031,5.112,3.336,7.414,5.798, ,8.642, 
4/30/2017,3.296,5.056, ,7.753,5.432,8.273, , ,3.951, ,3.254,7.364,5.714, ,8.678, 
5/31/2017,3.21,4.973, ,6.249,5.339,8.194, , ,3.865, ,3.17,7.29,5.631, ,8.651, 
6/30/2017,3.144,4.889, ,7.586,5.265,8.108, , ,3.784, ,3.081,7.398,5.548, ,8.618, 
7/31/2017,3.062,4.806, ,7.503,5.218,8.017, , ,3.701, ,3.002,7.327,5.464, ,8.558, 
8/31/2017,2.98,4.723, ,7.414,5.139,7.951, , ,3.615, ,2.918,7.209,5.381, ,8.585, 
9/30/2017,2.885,4.639, ,7.336,5.064,7.829, , ,3.534, ,2.718,7.08, , ,8.359, 
10/31/2017,2.799,4.556, ,7.247,4.985,7.765, , ,3.448, ,2.634,6.983, , ,8.308, 
11/30/2017,2.718,4.473, ,7.169,4.872,7.691, , ,3.367, ,2.552,7.204, , ,9.302, 
12/31/2017,3.101,4.389, ,7.086,4.795,7.606, , ,3.284, ,2.461,7.102, , ,10.348, 
1/31/2018,3.012,4.306, ,6.997,4.755,7.546, , ,3.198, ,2.38,7.325, , ,11.256, 
2/28/2018,2.939,4.223, ,6.919,4.638,7.451, , ,3.117, ,2.296,7.186, , ,11.15, 
3/31/2018,2.84,4.139, ,6.831,4.547,7.331, , ,3.031, ,2.327,7.102, , ,12.544, 
4/30/2018,2.761,4.056, ,6.753,4.465,7.264, , ,2.951, ,2.245,7.119, , ,19.919, 
5/31/2018,2.672,3.973, ,6.664,4.346,7.154, , ,2.865, ,2.16,7.113, , , , 
6/30/2018,2.592,3.889, ,6.586,4.258,7.064, , ,2.784, ,2.07,8.239, , , , 
7/31/2018,2.509,3.806, ,6.503,4.227,7.007, , ,2.701, ,1.992,8.301, , , , 
8/31/2018,2.431,3.723, ,6.414,4.151,6.944, , ,2.615, ,1.908,8.112, , , , 
9/30/2018,2.34,3.639, ,6.336,4.066,6.868, , ,2.534, ,1.825,8.044, , , , 
10/31/2018,2.252,3.556, ,6.247,3.976,6.808, , ,2.448, ,1.739,7.96, , , , 
11/30/2018,2.171,3.473, ,6.169,3.857,6.66, , ,2.367, ,1.657,8.189, , , , 
12/31/2018,2.089,3.389, ,6.086,3.781,6.57, , ,2.284, ,1.566,8.149, , , , 
1/31/2019,2.004,3.306, ,5.997,5.8,6.514, , ,2.198, ,2.376,8.182, , , , 
2/28/2019,2.578,3.223, ,5.919,5.72,6.448, , ,2.117, ,2.295,8.096, , , , 
3/31/2019,2.492,3.139, ,5.831,5.634,6.352, , ,2.031, ,2.209,8.329, , , , 
4/30/2019,2.411,3.056, ,5.753,5.553,6.284, , ,1.951, ,2.128,8.534, , , , 
5/31/2019,2.325,2.973, ,5.664,5.467,6.215, , ,1.865, ,2.042,8.359, , , , 
6/30/2019,2.245,2.889, ,5.586,5.387,6.128, , ,1.784, ,1.962,8.546, , , , 
7/31/2019,2.161,2.806, ,5.503,5.303,6.029, , ,1.701, ,1.878,8.474, , , , 
8/31/2019,2.075,2.723, ,5.414,5.217,5.955, , ,1.615, ,1.792,8.342, , , , 
9/30/2019,1.995,2.639, ,5.336,5.137,5.829, , ,1.534, ,1.712,8.273, , , , 
10/31/2019,1.908,2.556, ,5.247,5.05,5.753, , ,1.448, ,1.626,8.287, , , , 
11/30/2019,1.828,2.473, ,5.169,4.97,5.725, , ,1.367, ,1.545,8.199, , , , 
12/31/2019,1.745,2.389, ,5.086,4.887,5.672, , ,1.284, ,1.462,8.087, , , , 
1/31/2020,1.658,2.306, ,4.997,4.8,5.552, , ,1.198, ,1.376,7.923, , , , 
2/29/2020,1.578,2.223, ,4.919,4.72,5.481, , ,1.117, ,1.295,7.862, , , , 
3/31/2020,1.492,2.139, ,4.831,4.634,5.247, , ,1.031, ,1.209,7.786, , , , 
4/30/2020,1.411,2.056, ,4.753,4.553,5.227, , , , ,1.128, , , , , 
5/31/2020,1.325,1.973, ,4.664,4.467,5.179, , , , ,1.042, , , , , 
6/30/2020,1.245,1.889, ,4.586,4.387,5.07, , , , , , , , , , 
7/31/2020,1.161,1.806, ,4.503,4.303,5.014, , , , , , , , , , 
8/31/2020,1.075,1.723, ,4.414,4.217,4.934, , , , , , , , , , 
9/30/2020,,1.639, ,4.336,4.137,4.791, , , , , , , , , , 
10/31/2020,,1.556, ,4.247,4.05,4.733, , , , , , , , , , 
11/30/2020,,1.473, ,4.169,3.97,4.676, , , , , , , , , , 
12/31/2020,9.918,1.389, ,4.086,3.887,4.619, , , , , , , , , , 
1/31/2021,9.834,1.306, ,3.997,3.8,4.486, , , , , , , , , , 
