, Full Market Value LOC U, Full Market Value LOC U, Full Market Value LOC U, Full Market Value LOC U, Full Market Value LOC U, Full Market Value LOC U, Full Market Value LOC U, Full Market Value LOC U, Full Market Value LOC U, Full Market Value LOC U, Full Market Value LOC U, Full Market Value LOC U, Full Market Value LOC U, Full Market Value LOC U, Full Market Value LOC U, Full Market Value LOC U, Full Market Value LOC U, Full Market Value LOC U, Full Market Value LOC U, Full Market Value LOC U, Full Market Value LOC U, 
Date, GDPL, GDAZ, GDEC, GDGA, GDHN, GDCI, GDSN, GDTT, GDZM, GDAM, GDHR, GDIQ, GDSI, GDDZ, GDAW, GDBB, GDBZ, GDGR, GDLT, GDNA, GDRW, 
10/31/1994,3979.544, , , , , , , , , , , , , , , , , , , , , 
11/30/1994,3892.861, , , , , , , , , , , , , , , , , , , , , 
12/31/1994,3844.417, , , , , , , , , , , , , , , , , , , , , 
1/31/1995,3656.413, , , , , , , , , , , , , , , , , , , , , 
2/28/1995,3602.427, ,1826.165, , , , , , , , , , , , , , , , , , , 
3/31/1995,3542.812, ,1737.277, , , , , , , , , , , , , , , , , , , 
4/30/1995,3810.281, ,2043.38, , , , , , , , , , , , , , , , , , , 
5/31/1995,4102.031, ,2227.065, , , , , , , , , , , , , , , , , , , 
6/30/1995,4533.865, ,2200.037, , , , , , , , , , , , , , , , , , , 
7/31/1995,4455.375, ,2216.825, , , , , , , , , , , , , , , , , , , 
8/31/1995,4599.304, ,2154.373, , , , , , , , , , , , , , , , , , , 
9/30/1995,4765.298, ,2169.017, , , , , , , , , , , , , , , , , , , 
10/31/1995,4619.866, ,2219.213, , , , , , , , , , , , , , , , , , , 
11/30/1995,4648.103, ,2218.846, , , , , , , , , , , , , , , , , , , 
12/31/1995,4728.739, ,2327.356, , , , , , , , , , , , , , , , , , , 
1/31/1996,5525.207, ,2744.138, , , , , , , , , , , , , , , , , , , 
2/29/1996,5374.678, ,2476.146, , , , , , , , , , , , , , , , , , , 
3/31/1996,5488.287, ,2478.673, , , , , , , , , , , , , , , , , , , 
4/30/1996,5529.819, ,2638.78, , , , , , , , , , , , , , , , , , , 
5/31/1996,5474.113, ,2612.362, , , , , , , , , , , , , , , , , , , 
6/30/1996,5598.877, ,2699.422, , , , , , , , , , , , , , , , , , , 
7/31/1996,5684.074, ,2771.135, , , , , , , ,1351.718, , , , , , , , , , , 
8/31/1996,5801.102, ,2711.076, , , , , , , ,1345.835, , , , , , , , , , , 
9/30/1996,5814.661, ,2988.556, , , , , , , ,1364.962, , ,420.628, , , , , , , , 
10/31/1996,5811.397, ,3261.287, , , , , , , ,1400.384, , ,438.79, , , , , , , , 
11/30/1996,6070.47, ,3494.383, , , , , , , ,1426.535, , ,447.749, , , , , , , , 
12/31/1996,6019.947, ,3512.838, , , , , , , ,1465.612, , ,485.886, , , ,526.801, , , , 
1/31/1997,6067.706, ,3616.857, , , , , , , ,1173.441, , ,511.476, , , ,529.648, , , , 
2/28/1997,6048.361, ,3473.729, , , , , , , ,1166.766, , ,493.435, , , ,531.49, , , , 
3/31/1997,5932.239, ,3198.899, , , , , , , ,1446.076, , ,490.123, , , ,530.332, , , , 
4/30/1997,4194.838, ,3672.344, , , , , , , ,1468.865, , ,488.927, , , ,538.79, , , , 
5/31/1997,4312.409, ,3868.299, , , , , , , ,1486.209, , ,523.956, , , ,518.923, , , , 
6/30/1997,4392.565, ,3955.236, , , , , , , ,1497.883, , ,546.701, , , ,523.695, , , , 
7/31/1997,4833.526, ,4424.879, , , , , , , ,1441.619, , ,568.211, , , ,531.873, , , , 
8/31/1997,4726.54, ,4264.941, , , , , , , ,1429.675, , ,557.577, , , ,532.51, , , , 
9/30/1997,4866.318, ,4473.698, , , , , , , ,1437.839, , ,563.04, , , ,537.387, , , , 
10/31/1997,4568.931, ,3867.443, , , , , , , ,1314.064, , ,525.591, , , ,542.675, , , , 
11/30/1997,4699.595, ,4001.041, , , , , , , ,1357.406, , ,535.864, , , ,520.188, , , , 
12/31/1997,4797.26, ,4232.902, , , , , , , ,1381.108, , ,530.082, , , ,524.776, , , , 
1/31/1998,5911.831, ,4071.232, , , , , , , ,1524.733, , ,943.194, , , ,530.768, , , , 
2/28/1998,5970.775, ,4117.278, , , , , , , ,1570.845, , ,930.269, , , ,532.03, , , , 
3/31/1998,6025.838, ,4150.431, , ,485.295, , , , ,1587.019, , ,978.267, , , ,541.042, , , , 
4/30/1998,6004.994, ,4130.31, , ,483.494, , , , ,1602.973, , ,1003.462, , , ,1830.941, , , , 
5/31/1998,6036.716, ,3993.266, , ,477.232, , , , ,1593.08, , ,990.527, , , ,2351.121, , , , 
6/30/1998,6046.942, ,3906.324, , ,430.197, , , , ,1593.926, , ,998.609, , , ,2373.933, , , , 
7/31/1998,6099.812, ,4016.533, , ,443.894, , , , ,1562.218, , ,990.257, , , ,2400.495, , , , 
8/31/1998,5571.708, ,2421.211, , ,272.285, , , , ,1409.242, , ,682.395, , , ,2383.059, , , , 
9/30/1998,5984.065, ,2637.945, , ,333.445, , , , ,1270.814, , ,595.184, , , ,2426.109, , , , 
10/31/1998,6023.154, ,3050.023, , ,354.35, , , , ,1423.607, , ,623.899, , , ,2416.612, , , , 
11/30/1998,6119.728, ,3435.28, , ,420.924, , , , ,1491.416, , ,658.657, , , ,1912.298, , , , 
12/31/1998,8162.667, ,3039.139, , ,311.082, , , , ,1433.195, , ,615.975, , , ,1919.685, , , , 
1/31/1999,8101.407, ,2691.337, , ,354.636, , , , ,1468.683, , ,602.592, , , ,1934.885, , , , 
2/28/1999,8056.267, ,2320.048, , ,333.902, , , , ,1479.635, , ,542.385, , , ,1810.568, , , , 
3/31/1999,8146.263, ,2577.599, , ,344.273, , , , ,1438.862, , ,572.554, , , ,1832.246, , , , 
4/30/1999,7987.52, ,2947.218, , ,317.31, , , , ,1409.108, , ,655.577, , , ,1834.151, , , , 
5/31/1999,7873.832, ,2704.468, , ,319.385, , , , ,1436.187, , ,728.924, , , ,1803.331, , , , 
6/30/1999,7800.647, ,2562.768, , ,340.127, , , , ,1446.463, , ,775.542, , , ,1793.142, , , , 
7/31/1999,6813.041, ,2387.378, , ,331.83, , , , ,1383.304, , ,876.821, , , ,1776.585, , , , 
8/31/1999,4924.416, ,1865.769, , ,306.424, , , , ,1379.13, , ,824.56, , , ,1777.697, , , , 
9/30/1999,4256.324, ,1606.773, , ,249.65, , , , ,1394.365, , ,916.012, , , ,1739.281, , , , 
10/31/1999,4188.809, ,1764.723, , ,309.552, , , , ,1448.5, , ,911.256, , , ,1736.881, , , , 
11/30/1999,4208.094, ,1973.684, , ,276.529, , , , ,1513.952, , ,951.892, , , ,1733.133, , , , 
12/31/1999,4221.686, ,1920.703, , ,231.115, , , , ,1573.271, , ,969.753, , , ,1724.3, , , , 
1/31/2000,4198.602, ,1792.316, , ,247.652, , , , ,1576.855, , ,1032.28, , , ,1712.001, , , , 
2/29/2000,4279.907, ,1912.091, , ,237.335, , , , ,1592.461, , ,974.563, , , ,1736.848, , , , 
3/31/2000,4276.743, ,2071.421, , ,238.408, , , , ,1602.486, , ,1005.955, , , ,1709.609, , , , 
4/30/2000,4237.11, ,1990.278, , ,216.775, , , , ,1568.775, , ,1002.347, , , ,1707.757, , , , 
5/31/2000,4136.697, ,1752.972, , ,203.458, , , , ,1522.096, , ,1025.915, , , ,1700.97, , , , 
6/30/2000,4221.513, ,1928.881, , ,198.352, , , , ,1564.982, , ,1044.656, , , ,1740.68, , , , 
7/31/2000,4304.523, ,2390.808, , ,209.678, , , , ,1546.558, , ,1109.159, , , ,1752.023, , , , 
8/31/2000,4422.254, ,1782.465, , ,227.172, , , , ,1480.97, , ,1067.968, , , ,1778.661, , , , 
9/30/2000,4426.502, ,1889.167, , ,215.846, , , , ,1473.998, , ,1002.587, , , ,1736.087, , , , 
10/31/2000,3504.569, ,1840.486, , ,165.967, , , , ,1492.995, , ,992.515, , , ,1758.122, , , , 
11/30/2000,3562.71, ,1798.958, , ,164.425, , , , ,1503.169, , ,1002.807, , , ,1803.765, , , , 
12/31/2000,3727.694, ,1847.917, , ,158.257, , , , ,1531.86, , ,995.557, , , ,1853.765, , , , 
1/31/2001,3789.433, ,2111.25, , ,131.561, , , , ,1513.177, , ,1024.816, , , ,1885.356, , , , 
2/28/2001,3827.436, ,2069.306, , ,145.919, , , , ,1155.445, , ,999.061, , , ,1899.698, , , , 
3/31/2001,3887.842, ,1993.889, , ,182.93, , , , ,1151.987, , ,931.919, , , ,1849.329, , , , 
4/30/2001,3553.272, ,1825.833, , ,182.93, , , , ,1156.832, , ,940.652, , , ,1821.629, , , , 
5/31/2001,3577.127, ,1926.389, , ,180.908, , , , ,1175.055, , ,977.599, , , ,1826.462, , , , 
6/30/2001,3608.076, ,2032.292, , ,197.392, , , , ,1187.109, , ,963.833, , , ,1838.243, , , , 
7/31/2001,3627.909, ,1913.542, , ,209.729, , , , ,1082.596, , ,951.651, , , ,1885.846, , , , 
8/31/2001,3668.556, ,1953.542, , ,174.74, , , , ,1088.398, , ,939.127, , , ,1947.746, , , , 
9/30/2001,3676.307, ,1903.056, , ,191.223, , , , ,1081.956, , ,816.794, , , ,1945.019, , , , 
10/31/2001,3610.096, ,1939.236, , ,176.762, , , , ,1085.748, , ,871.023, , , ,1980.092, , , , 
11/30/2001,3656.316, ,2009.028, , ,175.751, , , , ,1095.989, , ,893.902, , , ,1940.247, , , , 
12/31/2001,3637.068, ,2212.431, , ,174.689, , , , ,1113.438, , ,932.612, , , ,1922.75, , , , 
1/31/2002,3665.026, ,2332.986, , ,211.751, , , , ,1091.873, , ,940.732, , , ,1923.366, , , , 
2/28/2002,3680.953, ,2323.09, , ,240.367, , , , ,1094.346, , ,931.088, , , ,1948.12, , , , 
3/31/2002,3678.116, ,2424.167, , ,243.451, , , , ,1096.996, , ,872.693, , , ,1839.424, , , , 
4/30/2002,3615.223, ,2559.583, , ,271.209, , , , ,1099.557, , ,897.733, , , ,1901.814, , , , 
5/31/2002,3627.755, ,2274.653, , ,272.22, , , , ,1102.472, , ,891.176, , , ,1925.722, , , , 
6/30/2002,3649.578, ,2225.694, , ,250.63, , , , ,1105.122, , ,871.644, , , ,1960.305, , , , 
7/31/2002,4686.414, ,1786.111, , ,243.451, , , , ,1091.844, , ,865.633, , , ,2017.936, , , , 
8/31/2002,4756.42, ,1848.75, , ,237.282, , , , ,1106.29, , ,846.7, , , ,2042.141, , , , 
9/30/2002,5278.43, ,1661.875, , ,202.581, , , , ,956.617, , ,786.963, , , ,2056.284, , , , 
10/31/2002,5239.719, ,1804.167, , ,196.73, , , , ,958.974, , ,797.727, , , ,2046.417, , , , 
11/30/2002,3908.94, ,1854.167, , ,181.641, , , , ,960.265, , ,806.92, , , ,2007.045, , , , 
12/31/2002,3993.106, ,1817.5, , ,144.484, , , , ,962.177, , ,809.44, , , ,2059.915, , , , 
1/31/2003,3957.11, ,2097.917, , ,168.81, , , , ,581.422, , ,821.928, , , ,2051.238, , , , 
2/28/2003,4024.127, ,2088.542, , ,178.807, , , , ,582.417, , ,822.576, , , ,2081.646, , , , 
3/31/2003,3990.092, ,2303.75, , ,185.857, , , , ,584.179, , ,751.642, , , ,2030.157, , , , 
4/30/2003,2893.236, ,2710.417, , ,190.004, , , , ,586.048, , ,761.084, , , ,2033.467, , , , 
5/31/2003,3053.241, ,2707.917, , ,216.113, , , , ,586.675, , ,767.398, , , ,2080.807, , , , 
6/30/2003,3049.575, ,2627.5, , ,229.994, , , , ,587.413, , ,772.162, , , ,2102.808, , , , 
7/31/2003,2515.795, ,2560.417, , , , , , , ,544.138, , ,768.843, , , ,2041.526, , , , 
8/31/2003,2514.732, ,2517.153, , , , , , , ,545.597, , ,763.42, , , ,2035.894, , , , 
9/30/2003,2579.675, ,2689.583, , , , , , , ,546.476, , ,431.86, , , ,2029.352, , , , 
10/31/2003,3495.777, ,2900.347, , , , , , , ,547.477, , ,436.096, , , ,2017.245, , , , 
11/30/2003,3541.621, ,2957.778, , , , , , , ,548.326, , ,442.945, , , ,2015.41, , , , 
12/31/2003,3552.919, ,3243.75, , , , , , , ,549.175, , ,445.127, , , ,2030.06, , , , 
1/31/2004,3540.494, ,3468.333, , , , , , , ,506.266, , ,447.031, , , ,2041.193, , , , 
2/29/2004,3614.487, ,3382.639, , , , , , , ,505.154, , ,448.882, , , ,2060.983, , , , 
3/31/2004,3691.533, ,3570, , , , , , , ,506.717, , ,408.697, , , ,2016.997, , , , 
4/30/2004,3501.297, ,2961.458, , , , , , , ,507.562, , ,408.35, , , ,1965.952, , , , 
5/31/2004,3462.948, ,2926.042, , , , , , , ,508.984, , ,407.956, , , ,1960.355, , , , 
6/30/2004,3469.435, ,2903.125, , , , , , , ,511.18, , ,410.802, , , ,1965.818, , , , 
7/31/2004,4184.024, ,3139.583, , , , , , , ,467.9, , ,414.619, , , ,1979.768, , , , 
8/31/2004,4326.163, ,3225.208, , , , , , , ,469.064, , ,414.318, , , ,2008.874, , , , 
9/30/2004,4351.071, ,3352.5, , , , , , , ,470.155, , ,376.663, , , ,1964.479, , , , 
10/31/2004,4360.041, ,3477.292, , , , , , , ,471.21, , ,377.531, , , ,1975.017, , , , 
11/30/2004,4296.59, ,3471.458, , , , , , , ,472.386, , ,378.488, , , ,1953.512, , , , 
12/31/2004,4349.16, ,3525, , , , ,330.98, , ,473.519, , ,379.404, , , ,1961.478, , , , 
1/31/2005,4349.237, ,3741.667, , , , ,349.089, , ,428.9, , ,382.237, , , ,1958.401, , , , 
2/28/2005,4327.844, ,3823.994, , , , ,350.734, , ,430.172, , ,383.072, , , ,1947.368, , , , 
3/31/2005,4269.372, ,3754.727, , , , ,343.594, , ,431.58, , ,344.574, , , ,1884.382, , , , 
4/30/2005,4336.932, ,3471.419, , , , ,345.557, , ,432.897, , ,345.69, , , ,1901.884, , , , 
5/31/2005,4388.599, ,3336.903, , , , ,357.656, , ,434.35, , ,346.925, , , ,1911.355, , , , 
6/30/2005,4423.337, ,3544.114, , , , ,364.62, , ,435.986, , ,348.661, , , ,1916.415, , , , 
7/31/2005,4288.817, ,3662.18, , , , ,354.531, , ,390.157, , ,349.741, , , ,1905.918, , , , 
8/31/2005,4361.107, ,3671.688, , , , ,354.063, , ,391.906, , ,344.816, , , ,1922.126, , , , 
9/30/2005,4329.581, ,3879.949, , , , ,360.401, , ,394.116, , ,310.959, , , ,1853.722, , , , 
10/31/2005,5255.353, ,3776.398, , , , ,353.75, , ,394.736, , ,313.033, , , ,1851.799, , , , 
11/30/2005,5251.697, ,3798.545, , , , ,360.714, , ,396.279, , ,314.287, , , ,1858.837, , , , 
12/31/2005,5297.751, ,4426.467, , , , ,368.188, , ,397.822, , ,315.539, , , ,1867.8, , , , 
1/31/2006,5219.787, ,4689.213, , , , ,357.031, , ,350.461,1959.314, ,317.656, , , ,1871.058, , , , 
2/28/2006,5219.701, ,4674.905, , , , ,353.547, , ,351.558,1951.919, ,318.825, , , ,1871.96, , , , 
3/31/2006,5141.445, ,4766.491, , , , ,344.844, , ,353.433,1863.375, ,278.026, , , ,1813.944, , , , 
4/30/2006,5043.962, ,4889.716, , , , ,342.057, , ,354.968,1897.155, ,279.281, , , ,1820.194, , , , 
5/31/2006,5038.675, ,3910.065, , , , ,338.406, , ,356.778,1897.441, ,280.76, , , ,1823.505, , , , 
6/30/2006,5015.909, ,3866.233, , , , ,337.41, , ,358.423,1886.865, ,282.105, , , ,1828.74, , , , 
7/31/2006,5009.979, ,4054.004, , , , ,332.001, , ,311.276,1812.151, ,283.495, , , ,1842.743, , , , 
8/31/2006,5089.132, ,3895.238, , , , ,337.938, , ,313.607,1754.325, ,284.884, , , ,1856.029, , , , 
9/30/2006,5178.338, ,3672.071, , , , ,341.651, , ,316.462,1800.689, ,278.059, , , ,1805.107, , , , 
10/31/2006,5170.939, ,4017.572, , , , ,341.875, , ,318.229,1854.676, , , , , ,1812.512, , , , 
11/30/2006,5211.949, ,3769.57, , , , ,350.714, , ,319.886,1813.725, , , , , ,1822.245, , , , 
12/31/2006,5186.255, ,3010.787, , , , ,351.875, , ,321.488,1819.589, , , , , ,1824.943, , , , 
1/31/2007,5113.751, ,3205.171, , , , ,334.531, , ,313.148,1761.526, , , ,258.934, ,1830.371, , , , 
2/28/2007,5173.722, ,3400.159, , , , ,338.234, , ,274.219,1773.706, , , ,269.136, ,1842.928, , , , 
3/31/2007,5203.335, ,3577.941, , , , ,344.219, , ,276.723,1787.624, , , ,266.214, ,1790.389, , , , 
4/30/2007,5195.561, ,3736.063, , , , ,342.745, , ,278.183,1776.916, , , ,268.825, , , , , , 
5/31/2007,5137.238, ,3611.964, , , , ,345.656, , ,276.846,1773.225, , , ,267.882, , , , , , 
6/30/2007,5104.856, ,3370.738, , , , ,344.62, , ,281.009,1718.339, , , ,259.185, , , , , , 
7/31/2007,5109.417, ,3467.247, , , , ,341.031, , ,273.391,1538.776, , , ,264.898, , , , , , 
8/31/2007,5178.396, ,3506.703, , , , ,329.063, , , ,1558.575, , , ,257.289, , , , , , 
9/30/2007,5190.108, ,3636.543, , , , ,341.026, , , ,1645.005, , , ,261.266, , , , , , 
10/31/2007,5229.791, ,3838.261, , , , ,340.625, , , ,1679.176, , , ,261.744, , , , , , 
11/30/2007,5321.473, ,3870.354, , , , ,345.764, , , ,1773.225, , , ,267.042, , , , , , 
12/31/2007,5350.735, ,3882.425,1039.328, , , ,335, , , ,1840.274, , , ,258.263, , , , , , 
1/31/2008,5390.904, ,3915.582,1054.911, , , ,341.656, , , ,1815.526, , , ,251.686, , , , , , 
2/29/2008,5429.933, ,3859.927,1063.789, , , ,338.813, , , ,1976.64, , , ,248.54, , , , , , 
3/31/2008,5478.246, ,3849.955,1073.578, , , ,344.819, , , ,1936.124, , , ,249.588, , , , , , 
4/30/2008,5361.992, ,4023.742,1078.933, , , ,345.625, , , ,1888.048, , , ,247.791, , , , , , 
5/31/2008,4646.421, ,4047.553,1093.494, , , ,347.656, , , ,2056.725, , , ,245.84, , , , , , 
6/30/2008,4639.438, ,3920.679,1044.1, , , ,325, , , ,2015.774, , , ,238.37, , , , , , 
7/31/2008,4580.214, ,3771.23,1028.661, , , ,321.081, , , ,2011.276, , , ,234.071, , , , , , 
8/31/2008,4627.061, ,3569.114,1037.994, , , ,332.938, , , ,2000.13, , , ,249.598, , , , , , 
9/30/2008,4589.2, ,3028.619,984.828, , , ,333.594, , , ,1760.624, , , ,232.536, , , , , , 
10/31/2008,4148.195, ,1276.559,681.661, , , ,277.275, , , ,1395.676, , , ,197.002, , , , , , 
11/30/2008,4413.361, ,1221.074,565.936, , , ,293.506, , , ,1137.856, , , ,222.791, , , , , , 
12/31/2008,4522.872, ,1006.772,632.649, , , ,291.25, , , ,1205.774, , , ,244.75, , , , , , 
1/31/2009,4466.592, ,0,662.737, , , ,294.081, , , ,1194.526, , , ,215.425, , , , , , 
2/28/2009,4480.973, , ,631.388, , , ,281.087, , , ,1192.771, , , ,204.624, , , , , , 
3/31/2009,4526, , ,718.189, , , ,286.544, , , ,1382.624, , , ,195.342, , , , , , 
4/30/2009,4291.075, , ,786.086, , , ,294.5, , , ,1503.676, , , ,193.055, , , , , , 
5/31/2009,4439.698, , ,872.887, , , ,302.656, , , ,1752.54, , , ,205.629, , , , , , 
6/30/2009,4391.622, , ,831.445, , , ,316.95, , , ,1779.524, , , ,208.535, ,1512.016, , , , 
7/31/2009,7257.886, ,514.786,910.735, , , ,320.781, , , ,1795.851, , , ,216.461, ,1532.288, , , , 
8/31/2009,7366.308, ,540.99,936.043, , , ,324.063, , , ,1869.075, , , ,218.236, ,1562.114, , , , 
9/30/2009,7680.264, ,583.443,996.866, , , ,333.594, , , ,2058.06, , , ,224.198, ,1573.445, , , , 
10/31/2009,7587.859, ,624.271,957.789, , , ,340.625, , , ,2118.36, , , ,228.987, ,1584.326,1513.47, , , 
11/30/2009,7690.293, ,642.349,951.557, , , ,338.906, , ,1625.213,2057.16, , , ,222.459, ,1616.672,1519.463, , , 
12/31/2009,7621.254, ,613.708,947.802, , , ,328.75, , ,1631.355,2137.71, , , ,216.629, ,1542.414,1548.54, , , 
1/31/2010,7459.6, ,628.536,985.498, , , ,330.781, , ,1613.093,2072.46, , , ,223.04, ,1509.17,1569.045, , , 
2/28/2010,7437.249, ,622.24,979.265, , , ,331.563, , ,1587.045,2115.21, , , ,228.479, ,1521.533,3687.172, , , 
3/31/2010,7590.312, ,624.068,1005.698, , , ,338.594, , ,1691.708,2206.56, , , ,228.472, ,1499.43,3868.331, , , 
4/30/2010,7628.96, ,629.146,1029.877, ,1453.57, ,341.875, , ,1668.255,2307.36, , , ,238.233, ,1293.431,3860.17, , , 
5/31/2010,7607.579, ,643.974,968.325, ,1324.225, ,335.781, , ,1571.618,2259.66, , , ,243.41, ,1332.709,3688.339, , , 
6/30/2010,7688.026, ,597.458,935.118, ,1271.265, ,332.5, , ,1586.01,2245.71, , , ,234.137, ,1201.755,3794.574, , , 
7/31/2010,9201.254, ,592.786,965.284, ,1287.786, ,340.156, , ,2985.78,2254.71, , , ,239.778, ,1242.744,3894.893, , , 
8/31/2010,9418.638, ,597.865,1020.928, ,1280.983, ,341.563, , ,3102.469,2328.51, , , ,246.153, ,1303.193,3901.347, , , 
9/30/2010,9499.434, ,609.443,1043.186, ,1367.473, ,349.219, , ,3049.088,2355.06, , , ,253.334, ,1326.959,4644.571, , , 
10/31/2010,9675.227, ,614.521,1083.236, ,1448.132, ,355.625, , ,3204.221,2557.11, , , ,251.848, ,1343.452,4849.963, , , 
11/30/2010,9168.828, ,622.849,1066.176, ,1353.868, ,352.656, , ,2963.29,2435.16, , , ,246.812, ,1283.882,4685.998, , , 
12/31/2010,9267.216, ,607.208,1031.764, ,956.405, ,343.438, , ,2914.466,2529.21, , , ,239.023, ,1291.78,4683.746, , , 
1/31/2011,9060.617, ,630.161,985.052, ,839.628, ,347.031, , ,2886.098,2450.46, , , ,232.225, ,1324.946,4629.598, , , 
2/28/2011,9108.85, ,653.115,977.877, ,839.628, ,346.563, , ,2888.462,2389.26, , , ,235.907, ,1332.203,4578.148, , , 
3/31/2011,9139.213, ,654.943,1049.776, , , ,347.344, , ,4423.76,2510.31, , , ,239.279, ,1342.518,5424.064, , , 
4/30/2011,10195.585, ,663.271,1040.404, , , ,351.25, , ,4516.132,2503.11, , , ,244.241, ,1179.62,5549.621, , , 
5/31/2011,10390.757, ,671.599,1061.783, , ,526.563,359.531, , ,4534.329,2529.66, , , ,245.409, ,1197.09,5698.439, , , 
6/30/2011,11480.919, ,651.083,1033.961, , ,520.183,350.625, , ,4583.369,2508.96, , , ,238.37, ,1115.044,5672.39, , , 
7/31/2011,9854.761, ,667.536,1041.063, , ,533.229,352.656, , ,4464.97,2460.585, , , ,239.778, ,1164.249,5663.15, , , 
8/31/2011,9918.032, ,651.49,1045.09, , ,539.375,354.063, , ,4335.765,2409.51, , , ,241.186, ,1137.54,5608.723, , , 
9/30/2011,9611.102, ,654.943,979.488, , ,505.521,348.594, , ,4085.51,2193.06, , , ,234.944, ,723.203,5220.859, , , 
10/31/2011,9734.823, ,663.271,1038.207, , ,535.417,354.375, , ,4296.834,2334.36, , , ,240.176, ,680.561,5458.094, , , 
11/30/2011,11448.422, ,674.849,1040.916, , ,502.188,357.656, , ,3830.999,2252.91, , , ,236.484, ,544.027,5963.718,504.639, , 
12/31/2011,11739.276, ,654.333,886.74, , ,500.833,347.5, , ,4039.306,2286.21, , , ,230.72, ,510.358,6095.306,514.431, , 
1/31/2012,11761.63, ,669.161,897.846, , ,505.729,352.031, , ,4051.832,2099.46, , , ,228.303, ,494.329,6080.02,519.222, , 
2/29/2012,13294.398, ,675.865,930.263, , ,514.375,357.813, , ,4196.322,2112.51, , , ,233.536, ,562.055,7886.99,525.264, , 
3/31/2012,13226.446, ,677.693,961.711, , ,559.271,359.844, , ,4243.76,2307.81, , , ,233.669, ,461.332,8072.103,535.056, , 
4/30/2012,13328.582, ,686.833,948.602, , ,560.117,365, , ,5833.448,2290.485, , , ,237.626, ,472.238,8167.088,534.847, , 
5/31/2012,13116.893, ,655.349,932.588, , ,545.337,365.781, , ,5508.658,2178.66, , , ,235.209, ,412.642,8002.718,514.639, , 
6/30/2012,13567.458, ,657.583,902.238, , ,555.833,358.125, , ,5808.618,2272.71, , , ,230.083, ,382.716,8323.733,524.431, , 
7/31/2012,13882.094, ,659.411,915.282, , ,566.379,360.781, , ,6031.387,2362.71, , , ,232.128, , ,8514.22,534.222, , 
8/31/2012,14009.54, ,677.49,943.824, ,1912.486,587.5,361.563, , ,6226.697,2463.51, , , ,233.536, , ,8480.765,559.014, , 
9/30/2012,16002.639, ,690.693,964.617, ,2005.778,621.771,364.219,753.107, ,6480.714,2510.31, , ,255.168,229.844, , ,8740.853,570.056, , 
10/31/2012,16071.85, ,687.646,964.1, ,2087.408,625.417,368.125,758.341, ,6584.451,2557.11, , ,254.625,233.801, , ,8792.123,573.597, , 
11/30/2012,16248.091, ,681.349,966.49, ,2178.785,594.688,372.656,752.326, ,6615.266,2597.16, , ,255.094,236.484, , ,8970.848,557.139, , 
12/31/2012,16285.101, ,652.708,942.923, ,2133.916,598.333,362.5,757.56, ,6595.098,2623.71, , ,258.093,228.808,261.024, ,9049.663,564.431, , 
1/31/2013,14878, ,678.911,948.219, ,2148.391,616.979,360.781,779.669, ,6583.062,2598.96, , ,266.911,244.24,304.528, ,8821.27,564.222, , 
2/28/2013,14887.69, ,689.677,951.577, ,2162.399,600.625,365.938,766.154, ,6423.414,2477.01,2326.719, ,266.622,243.098,354.829, ,8738.94,556.514, , 
3/31/2013,14798.226, ,695.568,956.872, ,2176.406,609.271,366.719,745.607, ,6322.724,2503.56,2207.656, ,262.408,245.781,361.496, ,8650.978,563.806, , 
4/30/2013,14983.636, ,705.521,966.041, ,2190.414,624.167,370.625,738.654, ,8169.291,2509.86,2229.219, ,263.762,247.189,372.642, ,8921.058,572.347, , 
5/31/2013,14615.003, ,704.099,938.403,497.917,2204.422,587.188,367.656,712.951, ,7921.061,2421.66,5666.283, ,258.665,244.134,354.978, ,8625.905,539.639,377.135, 
6/30/2013,14148.154, ,677.083,875.119,441.042,2134.383,525.833,354.375,678.81, ,7640.306,2313.21,5394.792, ,241.298,230.72,312.142, ,8356.538,509.431,352.343, 
7/31/2013,14102.289, ,683.786,888.164,419.167,2148.391,531.979,357.031,676.544, ,7763.399,2274.96,5535.895, ,246.068,221.928,324.949, ,8425.32,521.722,363.551, 
8/31/2013,13896.54, ,683.99,883.927,418.542,2162.399,528.775,354.063,649.904, ,7559.456,2166.51,5493.333, ,241.351,215.686,313.467, ,8228.39,514.014,348.76, 
9/30/2013,14100.836, ,693.943,891.005,422.917,2176.406,543.021,357.344,657.482, ,7627.281,2321.31,5559.167, ,240.903,214.544,320.974, ,8379.403,516.306,359.968, 
10/31/2013,14239.556, ,715.271,925.359,449.792,2190.414,569.167,361.875,681.466, ,7757.176,2395.11,5670.313, ,239.348,210.851,331.131, ,8453.598,539.847,380.176, 
11/30/2013,14140.327, ,718.724,1052.63,469.167,2204.422,558.438,363.906,664.201, ,9323.786,2320.41,5771.771, ,241.588,207.159,335.989, ,8442.008,515.889,378.135, 
12/31/2013,14151.248, ,688.458,1508.797,974.115,2134.41,563.333,918.078,660.06, ,9452.431,2367.21,5856.667, ,243.195,193.745,342.172, ,8443.975,514.431,382.343, 
1/31/2014,16047.419, ,684.599,1554.266,1008.385,2325.975,549.479,917.659,642.794, ,9321.582,2274.96,5895.9, ,242.905,188.778,354.978, ,6756.908,507.972,389.551, 
2/28/2014,16406.681, ,692.115,1558.484,1046.406,2369.725,565.625,925.945,644.279, ,9772.077,2348.76,9792.539, ,245.778,190.823,371.759, ,6853.127,522.764,398.76, 
3/31/2014,16241.144,1257.144,705.643,1615.203,1059.427,2410.974,584.896,936.407,641.544, ,9759.76,2409.06,9968.572, ,240.903,196.184,371.98, ,6758.976,535.056,402.968, 
4/30/2014,16248.072,1266.717,717.708,1635.922,1065.573,2434.093,585.417,951.406,1714.855,720.242,9703.567,2455.86,9921.339, ,245.356,210.533,371.406, ,6825.473,537.972,413.176, 
5/31/2014,16632.039,1313.54,722.786,1693.016,1084.219,2538.07,574.787,964.28,1789.673,747.36,9951.569,2630.91,10113.203, ,251.202,216.339,377.058, ,6962.443,547.139,408.135, 
6/30/2014,16610.707,1304.488,2749.004,1643.557,1084.115,2440.732,583.373,957.779,1840.165,749.117,9965.799,2502.21,10189.118, ,250.406,206.495,380.591, ,6979.972,540.046,418.263, 
7/31/2014,14916.222,1312.561,2758.395,1644.566,1074.635,3224.836,1093.416,950.534,1888.478,749.117,9849.583,2409.96,10161.347, ,259.983,209.178,389.423, ,6951.77,542.972,422.551, 
8/31/2014,15093.086,1312.821,2948.098,1659.734,1111.406,3287.232,1119.041,953.82,1943.501,745.617,9929.652,2412.885,10255.109, ,260.958,210.586,395.606, ,6930.692,550.264,420.76, 
9/30/2014,14804.79,1277.144,2847.551,1626.453,1113.177,3171.684,1103.316,956.482,1889.412,724.617,9821.197,2449.56,10135.036, ,254.818,211.994,393.84, ,6790.416,541.356,423.968, 
10/31/2014,13978.157,1308.655,2846.879,1626.922,1127.448,3225.139,1095.176,959.893,1868.93,735.117,9885.772,2428.86,10210.736, ,255.16,212.636,405.321, ,6872.46,553.597,427.256, 
11/30/2014,14069.363,1271.415,2818.707,1592.321,1127.204,3273.756,1082.691,964.905,1858.898,724.617,9920.724,2441.91,10285.398, ,256.768,223.607,409.517, ,6947.708,541.514,415.215, 
12/31/2014,14035.716,1245.113,1724.858,1430.047,1086.615,3127.454,1044.141,939.029,1816.565,689.617,9843.149,2326.71,10271.535, ,255.213,216.695,388.54, ,6920.73,529.431,407.607, 
1/31/2015,14203.605,1240.086,1748.108,1423.016,1099.635,3098.732,1073.626,926.857,1762.633,691.367,9885.785,2163.207,10668.463, ,247.333,213.64,396.307, ,7046.885,544.222,406.551, 
2/28/2015,14129.407,1289.684,1901.358,1460.984,1103.281,3139.4,1088.616,933.883,1828.438,696.617,10075.603,2264.385,10567.329, ,257.163,220.021,388.187, ,6981.202,547.714,416.16, 
3/31/2015,14223.384,1246.832,2564.89,1435.203,1100.052,4153.595,1067.796,938.232,1785.225,975.65,9984.838,2287.56,10651.284, ,252.604,215.564,390.528, ,6970.781,553.806,411.968, 
4/30/2015,14136.702,1310.217,2811.89,1551.172,1133.073,4198.121,1083.166,945.018,1784.972,1008.631,9933.205,2374.86,10643.558, ,255.476,228.701,400.022, ,6941.301,564.157,419.292, 
5/31/2015,14026.174,1300.79,3562.921,1520.891,1139.219,4211.533,1064.621,949.18,1787.173,1023.996,9870.674,2289.684,10448.974, ,254.238,234.426,405.94, ,6943.988,548.389,407.215, 
6/30/2015,13861.266,1290.488,3343.546,1953.995,1122.445,4081.592,1053.041,940.054,1682.303,1000.539,9778.294,2255.43,10237.785, ,256.162,235.82,407.088, ,6837.663,539.971,405.343, 
7/31/2015,13868.471,1254.336,3181.171,1906.079,1130.885,4005.503,1049.886,944.034,2826.03,1009.994,9712.365,2149.95,10389.807, ,256.188,235.315,406.646, ,6859.727,543.672,411.999, 
8/31/2015,13888.103,1220.634,2741.296,1781.844,1108.906,3936.659,1015.541,940.633,2711.671,982.596,9771.322,2082.621,10328.207, ,257.796,228.849,393.619, ,6818.132,536.269,409.84, 
9/30/2015,13881.37,1170.894,2578.921,1696.528,1084.427,3770.481,991.306,943.232,2378.536,945.508,9712.952,1891.875,10378.549, ,252.288,229.28,392.78, ,6812.711,524.636,387.048, 
10/31/2015,13967.042,1205.155,2831.546,1776.778,1108.698,3904.251,1029.191,941.293,2482.333,995.321,9691.184,2023.86,10463.757, ,253.263,223.283,393.398, ,6861.038,1278.356,399.056, 
11/30/2015,13883.219,1200.265,2882.921,1769.943,1118.754,3962.599,1010.376,939.93,2576.414,994.735,9676.474,2009.91,10330.586, ,254.238,222.14,395.606, ,6825.455,1248.219,387.643, 
12/31/2015,13851.896,1182.963,2729.796,1594.465,1089.115,3853.535,986.441,926.404,2396.496,984.958,9600.914,1889.418,10316.648, ,254.58,208.408,391.19, ,6824.585,1211.312,384.543, 
1/31/2016,13667.256,1137.561,2568.671,1556.799,1065.885,3750.985,978.721,915.659,2140.782,980.867,9743.145,1713.09,10413.295, ,252.393,210.973,361.602, ,6831.38,1212.615,375.903, 
2/29/2016,13948.127,1174.434,2723.796,1643.484,1104.491,3837.402,997.761,908.82,2252.354,993.047,9774.079,1717.068,10355.799, ,253.368,211.351,260.474, ,6784.335,1243.203,386.9, 
3/31/2016,13817.49,1189.644,3057.671,1700.339,1098.177,4006.133,1025.816,918.982,2485.286,987.021,9862.83,1887.96,10443.999, ,248.746,212.759,262.682, ,6755.791,1271.681,395.968, 
4/30/2016,15601.586,1219.842,3226.546,1797.553,1118.698,4008.257,1040.966,913.668,2451.113,1001.806,8280.75,1963.38,10442.385, ,249.784,214.676,307.285, ,6784.098,1276.531,403.256, 
5/31/2016,15642.248,1215.415,3394.171,1734.868,1129.219,3991.313,1006.541,896.217,2456.359,989.385,8198.473,2023.41,10380.678, ,250.443,215.447,317.442, ,6805.288,1260.076,391.135, 
6/30/2016,15794.607,1281.113,3277.296,1734.775,1117.865,4055.453,1041.541,891.404,2611.871,1027.701,8275.802,2127.72,9009.437, ,251.418,207.77,307.726, ,6842.34,1302.212,391.423, 
7/31/2016,15978.339,1285.561,3310.921,1818.359,1163.385,4170.061,1050.541,895.471,2610.195,1061.152,8311.709,2031.96,9103.442, ,270.103,213.003,309.934, ,6852.505,1334.222,400.999, 
8/31/2016,16027.766,1311.259,4437.4,1886.684,1165.156,4358.025,1094.666,1938.945,2923.456,1083.287,8443.005,2203.77,9139.59, ,269.813,215.048,298.894, ,6840.555,1358.675,415.168, 
9/30/2016,15903.747,1297.782,5441.546,1870.534,1155.677,4326.055,1107.256,1947.482,2933.671,1048.979,8551.891,2232.885,8637.146, ,269.998,219.006,293.153, ,6041.883,1358.931,414.968, 
10/31/2016,15778.157,1298.242,5712.087,1886.308,1147.448,4337.108,1106.856,1925.043,2887.568,1050.509,8426.753,2216.154,8227.64, ,269.075,221.689,292.712, ,5986.392,1329.623,413.244, 
11/30/2016,15263.969,1249.14,5676.379,1811.233,1092.969,4099.505,1063.506,1840.838,2812.869,1031.962,8191.94,2198.91,7278.272, ,261.772,213.534,206.157, ,5591.215,1260.324,391.551, 
12/31/2016,14510.682,1257.613,6591.665,1867.27,1102.065,4063.253,1074.916,1859.394,2963.993,1056.903,8242.645,2313.075,7256.802, ,262.666,195.02,226.912, ,5594.619,1266.787,399.687, 
1/31/2017,14465.755,1266.186,7919.854,1857.579,1819.479,4007.796,1054.816,1867.333,2959.832,1063.252,8241.126,2246.286,7316.233, ,264.661,196.428,238.169, ,5570.432,1288.87,402.439, 
2/28/2017,14647.551,1296.959,8041.344,1946.624,1857.614,4097.739,1086.796,1877.086,3108.453,1070.782,8326.418,2407.971,7303.717, ,267.997,198.473,234.293, ,5558.567,1319.67,413.14, 
3/31/2017,14573.882,1260.244,7465.75,1976.464,1847.451,4030.128,1092.426,1862.288,3079.366,1060.215,8336.858,2413.758,6667.519, ,263.154,171.194,345.187, ,5541.865,1313.731,414, 
4/30/2017,14584.46,1279.767,7624.115,2013.868,1881.934,4171.917,1111.041,1828.713,3127.148,1076.815,8363.03,2459.235,6718.184, ,264.316,203.201,347.353, ,5573.449,1303.816,420.032, 
5/31/2017,14760.085,1281.94,7598.729,2057.213,1899.09,4217.872,2227.912,1844.985,3185.624,1082.294,8388.834,2537.49,4400.812, ,265.499,202.059,328.833, ,5598.445,1307.879,415.635, 
6/30/2017,14795.303,1268.788,9441.083,1964.915,1876.362,4623.892,2239.161,1849.896,3152.948,1087.674,8423.935,2467.515,4413.101, ,265.606,200.12,334.575, ,5614.494,1321.009,415.823, 
7/31/2017,14707.727,1294.461,9686.01,1979.039,1890.25,4716.344,2258.527,1863.076,3169.592,1099.764,8434.933,2480.187,4433.491, ,267.36,0,336.741, ,5576.927,1331.622,418.023, 
8/31/2017,14872.014,1325.246,9929.375,2213.13,1925.924,4817.523,2273.381,1878.851,3244.556,1115.374,8476.071,3602.91,4405.886, ,268.566, ,327.226, ,5534.402,1330.108,426.76, 
9/30/2017,15424.049,2540.234,7370.397,2202.335,1914.46,4757.361,2287.969,1877.54,3198.701,1087.716,8448.953,3558.531,2981.204, ,264.53, ,328.556, ,5730.378,1324.046,428, 
10/31/2017,15340.194,2538.908,12719.522,2226.26,1924.393,4801.037,2311.225,1885.306,3186.298,1090.86,8408.685,3604.623,2958.63, ,267.436, ,328.556, ,5739.537,1310.041,428.204, 
11/30/2017,15357.273,2546.822,13172.264,2275.736,1907.354,5169.122,2274.356,1904.62,3240.804,1102.295,8382.31,3667.272,3989.08, ,268.158, ,322.594, ,5743.247,1296.354,416.135, 
12/31/2017,14132.154,2568.906,13297.635,2253.051,1898.497,5119.327,2303.198,1906.608,3317.273,1117.475,8413.529,3725.681,4003.564, ,268.903, ,314.645, ,5741.416,1306.622,422.931, 
1/31/2018,13898.581,2619.201,16350.569,2257.091,1898.715,5128.314,2272.604,1899.564,3252.577,1122.824,8281.051,3750.193,3967.292, ,270.728, ,315.308, ,5646.468,1311.175,426.551, 
2/28/2018,13798.714,2511.889,16038.988,2205.59,1854.921,4960.945,2213.261,1888.515,3159.486,1097.252,8197.42,3686.862,2344.951, ,267.895, ,313.983, ,5547.992,1290.535,422.748, 
3/31/2018,13753.597,2478.165,16111.425,2241.882,1866.416,4915.722,2964.202,1884.553,3134.811,1070.384,8211.838,3632.386,1692.619, ,263.501, ,314.645, ,5520.728,1287.511,423.548, 
4/30/2018,13594.783,2448.265,15168.501,2214.678,1843.652,4919.988,2908.574,1886.711,2989.328,1051.178,8132.7,3601.817,1680.154, ,262.874, ,312.658, ,5283.982,1263.008,422.356, 
5/31/2018,13549.817,2462.662,15207.879,2188.387,1819.337,4799.871,2779.215,1821.202,2789.711,1058.188,8009.402,3632.66,1675.425, ,261.524, ,312.658, ,5273.002,1224.219,405.935, 
6/30/2018,13603.019,2456.391,14467.354,1978.676,1806.657,4589.46,2684.732,1804.118,2691.691,1050.442,8068.427,3470.576,1677.113, ,260.116, ,313.983, ,5299.269,1204.704,401.183, 
7/31/2018,11094.668,2516.029,15511.492,2084.254,1828.731,4751.459,2821.902,1822.24,2692.617,1077.342,8072.193,3572.94,1684.67, ,261.008, ,315.308, ,5284.142,1251.775,415.747, 
8/31/2018,11127.3,2459.242,14858.723,2037.264,1828.251,4529.61,2729.498,1800.642,2217.056,1063.561,8076.783,3500.575,1653.609, ,260.827, ,315.308, ,5234.375,1231.448,410.08, 
9/30/2018,11039.379,2493.625,15337.448,2129.447,1825.412,4733.03,2791.342,1776.04,2183.951,1036.378,8063.833,3591.337,1654.991, ,254.542, ,259.665, ,5192.488,1242.306,416.168, 
10/31/2018,10911.999,2425.74,14515.006,2061.962,1786.888,4559.83,2639.29,1751.442,2071.31,1032.022,8000.73,3502.469,1643.362, ,251.385, ,299.41, ,5184.144,1188.626,415.516, 
11/30/2018,10956.881,2386.445,16478.443,1995.981,1776.885,4420.939,2575.441,1758.628,2271.264,1035.491,6404.725,3479.664,1643.408, ,253.426, ,302.059, ,5197.584,1155.629,397.167, 
12/31/2018,11100.557,2468.68,15931.579,1980.212,1779.552,4331.65,2620.041,1749.003,2288.921,1045.521,6461.51,3457.44,1660.571, ,255.213, ,299.41, ,5224.795,1177.632,400.343, 
1/31/2019,11188.453,2539.565,16991.503,2124.497,1813.867,4582.491,2784.673,1762.94,2480.465,1074.097,6479.618,3583.376,1684.881, ,258.645, ,294.11, ,5200.136,1235.785,410.347, 
2/28/2019,11243.736,2544.748,19021.879,2153.515,1833.279,4738.674,2855.681,1787.546,2464.406,1090.111,6517.926,3676.11,1671.028, ,262.203, ,304.709, ,3273.187,1243.34,417.84, 
3/31/2019,11249.298,2552.978,17473.089,2152.626,1847.552,4719.561,2864.247,1824.312,2241.116,1064.813,6561.211,3636.067,1696.69, ,258.296, ,317.963, ,3251.407,1252.556,421.764, 
4/30/2019,11234.774,2581.734,17694.294,2180.696,1846.094,4716.662,2884.197,1841.331,2111.157,1072.986,6539.822,3687.612,1696.768, ,260.22, ,317.957, ,3271.692,1250.966,427.696, 
5/31/2019,11306.513,2613.755,17654.32,2172.67,1856.153,4257.922,2743.499,1846.198,1998.094,1086.613,6572.798,3601.633,1703.843, ,260.563, ,324.587, ,3288.412,1245.388,418.343, 
6/30/2019,11506.199,2687.548,20071.783,2190.61,1868.569,4422.109,2909.362,1852.091,2080.496,1105.589,6684.487,3773.95,1727.772, ,262.347, ,320.448, ,3318.192,1282.192,426.688, 
7/31/2019,11474.057,2734.257,19791.789,2207.497,1860.861,4477.981,2965.14,1586.628,2175.982,1113.875,5296.896,3748.463,1732.602, ,265.675, ,323.919, ,3279.108,1301.543,432.807, 
8/31/2019,11620.103,2756.166,20585.373,2158.355,1880.153,4528.361,2967.076,1605.086,2051.447,1114.765,5364.771,3717.811,1722.948, ,268.551, ,320.607, ,3301.72,1291.373,439.235, 
9/30/2019,11500.526,2706.495,20689.837,2214,1866.944,4542.353,2980.255,1617.648,2181.316,1072.861,5322.055,3688.175,1730.204, ,263.043, ,317.957, ,3261.547,1300.678,442.552, 
10/31/2019,11149.147,2719.493,21617.468,2253.341,1862.611,3319.477,3033.222,1628.221,2130.93,1073.686,5295.766,3655.823,1727.767, ,264.018, ,323.257, ,3270.165,1291.561,438.176, 
11/30/2019,11163.013,2760.6,18472.526,2270.314,1874.765,3326.973,2999.731,1646.158,1980.044,1084.9,5308.478,3687.71,1729.808, ,265.117, ,319.282, ,3272.896,1288.144,425.215, 
12/31/2019,11187.006,2768.49,21034.235,2310.249,1350.854,3350.436,3082.469,1676.169,2132.305,1095.825,5328.556,3752.547,1736.683, ,267.233,542.709,327.231, ,3285.669,1307.226,430.603, 
1/31/2020,11221.177,2815.885,19687.984,2384.891,1350.675,3411.954,3119.083,1686.803,2095.267,1114.763,5302.365,3636.106,1742.762, ,268.522,562.784,329.881, ,3244.74,1323.847,437.247, 
2/29/2020,11292.432,2774.137,16874.108,2530.823,1360.778,3390.441,3078.48,1626.836,2027.821,1118.679,5302.313,3600.961,1718.363, ,269.813,592.441,339.154, ,3259.177,1311.657,436.06, 
3/31/2020,11196.034,2400.191,6476.066,1626.871,1104.429,2956.83,2608.52,1440.898,1262.041,958.556,5050.527,2892.846,1715.038, ,252.606,490.013,268.939, ,3192.532,1149.788,368.76, 
4/30/2020,9436.731,2538.099,6013.871,1779.649,1154.688,2911.903,2605.343,1462.393,1013.788,1008.435,3597.547,2769.103,1718.666, ,245.991,468.341,233.169, ,1653.094,1172.476,385.488, 
5/31/2020,9530.486,2684.158,7417.303,2181.349,1290.72,3186.161,2458.371,1553.873,1407.702,1088.391,3676.108,3419.5,1738.45, ,247.915,484.994,201.373, ,1667.021,1232.219,382.135, 
6/30/2020,9620.129,2741.371,8428.628,2273.719,1927.29,3284.367,2648.452,2083.347,1644.761,1065.386,3716.708,3442.336,1763.539, ,251.737,502.797,214.621, ,1674.378,1271.744,398.611, 
7/31/2020,9649.888,2794.184,10024.855,2401.145,1954.844,3259.143,2601.823,2102.565,1726.265,1091.466,3725.521,3333.645,1775.635, ,255.239,527.717,225.22, ,1630.76,1268.375,410.631, 
8/31/2020,9666.627,2822.169,9187.468,2416.329,2015.577,3349.002,2704.929,2105.295,1625.488,1114.101,3738.592,3401.119,1747.391, ,257.163,547.819,232.506, ,1631.515,1289.279,418.256, 
9/30/2020,9574.848,2675.768,8877.662,2279.253,1970.76,3146.96,2576.739,2080.576,1525.528,1027.021,3744.54,3243.09,1748.944, ,252.606,531.787,230.519, ,1635.249,1276.383,422.588, 
10/31/2020,9563.793,2716.435,8779.91,2303.623,2025.656,3358.665,2668.623,2146.226,1319.229,1010.686,3705.068,3159.724,1753.19, ,253.265,528.566,231.661, ,1638.694,1279.079,431.963, 
11/30/2020,9569.008,2841.837,8599.729,2496.733,2062.682,3534.013,2866.416,2205.736,1473.137,1053.346,3715.177,3358.517,1754.482, ,258.984,534.269,243.507, ,1640.642,788.84,426.744, 
12/31/2020,9582.725,2891.378,8700.637,2575.685,2084.64,3017.343,2923.714,2250.351,1634.573,1094.186,3728.646,3429.615,1758.669, ,263.754,563.241,239.558, ,1641.057,811.926,426.823, 
1/31/2021,9539.792,2888.646,7300.371,2548.459,2046.744,2984.275,2863.908,2230.89,1577.394,1102.06,3698.896,3232.459,1760.927, ,265.362,562.1,227.449, ,1592.461,815.578,429.988, 
,,,,,,,,,,,,,,,,,,,,,,
,,,,,,,,,,,,,,,,,,,,,,
, Eff Dur, Eff Dur, Eff Dur, Eff Dur, Eff Dur, Eff Dur, Eff Dur, Eff Dur, Eff Dur, Eff Dur, Eff Dur, Eff Dur, Eff Dur, Eff Dur, Eff Dur, Eff Dur, Eff Dur, Eff Dur, Eff Dur, Eff Dur, Eff Dur, 
Date, GDPL, GDAZ, GDEC, GDGA, GDHN, GDCI, GDSN, GDTT, GDZM, GDAM, GDHR, GDIQ, GDSI, GDDZ, GDAW, GDBB, GDBZ, GDGR, GDLT, GDNA, GDRW, 
10/31/1994,, , , , , , , , , , , , , , , , , , , , , 
11/30/1994,, , , , , , , , , , , , , , , , , , , , , 
12/31/1994,, , , , , , , , , , , , , , , , , , , , , 
1/31/1995,, , , , , , , , , , , , , , , , , , , , , 
2/28/1995,, , , , , , , , , , , , , , , , , , , , , 
3/31/1995,, , , , , , , , , , , , , , , , , , , , , 
4/30/1995,, , , , , , , , , , , , , , , , , , , , , 
5/31/1995,, , , , , , , , , , , , , , , , , , , , , 
6/30/1995,, , , , , , , , , , , , , , , , , , , , , 
7/31/1995,, , , , , , , , , , , , , , , , , , , , , 
8/31/1995,, , , , , , , , , , , , , , , , , , , , , 
9/30/1995,, , , , , , , , , , , , , , , , , , , , , 
10/31/1995,, , , , , , , , , , , , , , , , , , , , , 
11/30/1995,, , , , , , , , , , , , , , , , , , , , , 
12/31/1995,, , , , , , , , , , , , , , , , , , , , , 
1/31/1996,, , , , , , , , , , , , , , , , , , , , , 
2/29/1996,, , , , , , , , , , , , , , , , , , , , , 
3/31/1996,, , , , , , , , , , , , , , , , , , , , , 
4/30/1996,, , , , , , , , , , , , , , , , , , , , , 
5/31/1996,, , , , , , , , , , , , , , , , , , , , , 
6/30/1996,, , , , , , , , , , , , , , , , , , , , , 
7/31/1996,, , , , , , , , , , , , , , , , , , , , , 
8/31/1996,, , , , , , , , , , , , , , , , , , , , , 
9/30/1996,, , , , , , , , , , , , , , , , , , , , , 
10/31/1996,, , , , , , , , , , , , , , , , , , , , , 
11/30/1996,, , , , , , , , , , , , , , , , , , , , , 
12/31/1996,6.322, ,9.672, , , , , , , ,-0.03, , ,-1.406, , , ,2.493, , , , 
1/31/1997,6.152, ,9.706, , , , , , , ,0.641, , ,-1.312, , , ,2.41, , , , 
2/28/1997,6.065, ,9.8, , , , , , , ,0.532, , ,-1.443, , , ,2.335, , , , 
3/31/1997,5.713, ,3.222, , , , , , , ,1.14, , ,-0.894, , , ,2.248, , , , 
4/30/1997,8.046, ,3.062, , , , , , , ,1.081, , ,-1.04, , , ,2.174, , , , 
5/31/1997,8.053, ,9.174, , , , , , , ,1.016, , ,-0.895, , , ,2.193, , , , 
6/30/1997,8.078, ,9.214, , , , , , , ,0.946, , ,-0.848, , , ,2.115, , , , 
7/31/1997,8.06, ,9.62, , , , , , , ,1.255, , ,-0.834, , , ,2.036, , , , 
8/31/1997,7.761, ,9.685, , , , , , , ,1.168, , ,-0.885, , , ,1.952, , , , 
9/30/1997,7.85, ,9.747, , , , , , , ,1.09, , ,-0.375, , , ,1.874, , , , 
10/31/1997,8.055, ,9.181, , , , , , , ,0.767, , ,-0.748, , , ,1.793, , , , 
11/30/1997,8.056, ,9.41, , , , , , , ,0.754, , ,-0.776, , , ,1.793, , , , 
12/31/1997,8.006, ,9.498, , , , , , , ,0.684, , ,-0.953, , , ,1.712, , , , 
1/31/1998,7.736, ,9.284, , , , , , , ,0.663, , ,-0.825, , , ,1.633, , , , 
2/28/1998,7.644, ,9.597, , , , , , , ,0.673, , ,-0.505, , , ,1.557, , , , 
3/31/1998,7.567, ,9.512, , ,0, , , , ,0.603, , ,-0.471, , , ,1.482, , , , 
4/30/1998,7.779, ,9.447, , ,0, , , , ,0.527, , ,-0.499, , , ,5.36, , , , 
5/31/1998,7.746, ,9.284, , ,0, , , , ,0.415, , ,-0.641, , , ,5.716, , , , 
6/30/1998,7.712, ,9.047, , ,0, , , , ,0.309, , ,-0.729, , , ,5.644, , , , 
7/31/1998,7.671, ,3.686, , ,0, , , , ,0.701, , ,-0.875, , , ,5.583, , , , 
8/31/1998,7.458, ,6.903, , ,0, , , , ,0.379, , ,-2.192, , , ,5.472, , , , 
9/30/1998,7.627, ,7.127, , ,0, , , , ,-0.009, , ,-1.91, , , ,5.65, , , , 
10/31/1998,7.796, ,7.709, , ,0, , , , ,0.166, , ,-1.911, , , ,5.559, , , , 
11/30/1998,7.743, ,8.351, , ,0, , , , ,0.201, , ,-1.855, , , ,6.805, , , , 
12/31/1998,6.19, ,7.468, , ,0, , , , ,0.014, , ,-2.201, , , ,6.718, , , , 
1/31/1999,6.153, ,6.805, , ,0, , , , ,0.059, , ,-2.403, , , ,6.644, , , , 
2/28/1999,5.823, ,6.513, , ,0, , , , ,0.462, , ,-1.751, , , ,6.494, , , , 
3/31/1999,5.732, ,6.88, , ,0, , , , ,0.286, , ,-1.772, , , ,6.654, , , , 
4/30/1999,5.984, ,7.423, , ,0, , , , ,0.142, , ,-1.546, , , ,6.562, , , , 
5/31/1999,5.725, ,4.399, , ,0, , , , ,0.098, , ,-1.373, , , ,6.432, , , , 
6/30/1999,5.568, ,6.595, , ,0, , , , ,0.007, , ,-1.323, , , ,6.342, , , , 
7/31/1999,5.729, ,6.095, , ,0, , , , ,-0.111, , ,-1.091, , , ,6.231, , , , 
8/31/1999,6.604, ,5.262, , ,0, , , , ,0.275, , ,-1.313, , , ,6.138, , , , 
9/30/1999,6.977, ,4.654, , ,0, , , , ,0.215, , ,-0.424, , , ,6.298, , , , 
10/31/1999,7.143, ,5.531, , ,0, , , , ,0.179, , ,-0.601, , , ,6.197, , , , 
11/30/1999,7.035, ,5.985, , ,0, , , , ,0.182, , ,-0.596, , , ,6.094, , , , 
12/31/1999,6.9, ,5.767, , ,0, , , , ,0.168, , ,-0.655, , , ,5.992, , , , 
1/31/2000,6.869, ,5.625, , ,0, , , , ,0.582, , ,-0.593, , , ,5.866, , , , 
2/29/2000,6.886, ,6.205, , ,0, , , , ,0.525, , ,-0.763, , , ,5.801, , , , 
3/31/2000,6.862, ,6.445, , ,0, , , , ,0.436, , ,-0.184, , , ,5.93, , , , 
4/30/2000,6.984, ,6.139, , ,0, , , , ,0.295, , ,-0.287, , , ,5.839, , , , 
5/31/2000,6.864, ,5.629, , ,0, , , , ,0.204, , ,-0.339, , , ,5.744, , , , 
6/30/2000,6.877, ,5.861, , ,0, , , , ,0.163, , ,3.36, , , ,5.694, , , , 
7/31/2000,6.894, ,6.479, , ,0, , , , ,0.538, , ,3.381, , , ,5.613, , , , 
8/31/2000,6.918, ,5.818, , ,0, , , , ,0.464, , ,3.288, , , ,5.545, , , , 
9/30/2000,6.738, ,5.875, , ,0, , , , ,0.359, , ,3.518, , , ,5.68, , , , 
10/31/2000,8.034, ,5.62, , ,0, , , , ,0.295, , ,3.399, , , ,5.605, , , , 
11/30/2000,7.715, ,5.38, , ,0, , , , ,1.144, , ,3.317, , , ,5.55, , , , 
12/31/2000,8.135, ,5.362, , ,0, , , , ,0.15, , ,3.192, , , ,5.508, , , , 
1/31/2001,8.113, ,5.828, , ,0, , , , ,0.502, , ,3.145, , , ,5.463, , , , 
2/28/2001,8.091, ,5.833, , ,0, , , , ,0.326, , ,3.088, , , ,5.393, , , , 
3/31/2001,8.039, ,5.539, , ,0, , , , ,0.221, , ,3.328, , , ,5.503, , , , 
4/30/2001,7.713, ,5.037, , ,0, , , , ,0.141, , ,-0.111, , , ,5.407, , , , 
5/31/2001,7.593, ,5.634, , ,0, , , , ,0.079, , ,3.224, , , ,5.327, , , , 
6/30/2001,7.54, ,5.732, , ,0, , , , ,0.008, , ,3.1, , , ,5.246, , , , 
7/31/2001,7.547, ,5.323, , ,0, , , , ,0.441, , ,2.97, , , ,5.192, , , , 
8/31/2001,7.514, ,5.528, , ,0, , , , ,0.349, , ,2.919, , , ,5.145, , , , 
9/30/2001,8.356, ,5.264, , ,0, , , , ,0.247, , ,3.058, , , ,5.28, , , , 
10/31/2001,7.74, ,5.199, , ,0, , , , ,0.155, , ,3.058, , , ,5.214, , , , 
11/30/2001,7.581, ,5.581, , ,0, , , , ,0.085, , ,3, , , ,5.112, , , , 
12/31/2001,7.381, ,5.893, , ,0, , , , ,0.037, , ,2.988, , , ,5.015, , , , 
1/31/2002,7.382, ,5.984, , ,0, , , , ,0.454, , ,-0.226, , , ,4.92, , , , 
2/28/2002,7.315, ,6.113, , ,0, , , , ,0.37, , ,2.855, , , ,4.852, , , , 
3/31/2002,7.111, ,6.2, , ,0, , , , ,0.291, , ,3.099, , , ,4.888, , , , 
4/30/2002,7.205, ,6.331, , ,0, , , , ,0.208, , ,3.069, , , ,4.843, , , , 
5/31/2002,7.107, ,5.976, , ,0, , , , ,0.118, , ,2.962, , , ,4.765, , , , 
6/30/2002,7.031, ,5.777, , ,0, , , , ,0.034, , ,2.834, , , ,4.699, , , , 
7/31/2002,7.106, ,4.673, , ,0, , , , ,0.458, , ,2.722, , , ,4.646, , , , 
8/31/2002,7.108, ,4.989, , ,0, , , , ,0.394, , ,2.618, , , ,4.561, , , , 
9/30/2002,7.368, ,4.409, , ,0, , , , ,0.313, , ,2.873, , , ,4.643, , , , 
10/31/2002,7.227, ,4.63, , ,0, , , , ,0.223, , ,2.804, , , ,4.559, , , , 
11/30/2002,7.939, ,4.973, , ,0, , , , ,0.138, , ,2.739, , , ,4.456, , , , 
12/31/2002,6.273, ,4.715, , ,0, , , , ,0.052, , ,2.655, , , ,4.391, , , , 
1/31/2003,6.353, ,5.141, , ,0, , , , ,0.468, , ,2.587, , , ,4.3, , , , 
2/28/2003,6.317, ,5.337, , ,0, , , , ,0.384, , ,2.525, , , ,4.23, , , , 
3/31/2003,6.197, ,5.597, , ,0, , , , ,0.308, , ,2.755, , , ,4.276, , , , 
4/30/2003,6.131, ,6.225, , ,0, , , , ,0.222, , ,2.688, , , ,4.194, , , , 
5/31/2003,9.069, ,6.419, , ,0, , , , ,0.137, , ,2.615, , , ,4.114, , , , 
6/30/2003,8.948, ,6.123, , ,0, , , , ,0.057, , ,2.54, , , ,4.044, , , , 
7/31/2003,9.699, ,5.857, , , , , , , ,0.478, , ,2.448, , , ,3.944, , , , 
8/31/2003,9.605, ,5.963, , , , , , , ,0.398, , ,2.366, , , ,3.852, , , , 
9/30/2003,9.642, ,6.136, , , , , , , ,0.317, , ,3.2, , , ,3.899, , , , 
10/31/2003,9.114, ,6.339, , , , , , , ,0.228, , ,3.064, , , ,3.81, , , , 
11/30/2003,8.999, ,6.561, , , , , , , ,0.147, , ,2.841, , , ,3.722, , , , 
12/31/2003,8.944, ,6.447, , , , , , , ,0.074, , ,0.09, , , ,3.642, , , , 
1/31/2004,8.987, ,6.316, , , , , , , ,0, , ,2.544, , , ,3.556, , , , 
2/29/2004,8.972, ,6.17, , , , , , , ,0.394, , ,-0.055, , , ,3.48, , , , 
3/31/2004,8.93, ,5.464, , , , , , , ,0.308, , ,0.356, , , ,3.502, , , , 
4/30/2004,8.69, ,6.316, , , , , , , ,0.228, , ,0.273, , , ,3.405, , , , 
5/31/2004,8.556, ,6.406, , , , , , , ,0.151, , ,0.183, , , ,3.323, , , , 
6/30/2004,8.458, ,6.211, , , , , , , ,0.067, , ,0.108, , , ,3.227, , , , 
7/31/2004,7.874, ,6.396, , , , , , , ,0.473, , ,0.024, , , ,3.147, , , , 
8/31/2004,7.873, ,6.395, , , , , , , ,0.406, , ,-0.053, , , ,3.064, , , , 
9/30/2004,7.788, ,6.154, , , , , , , ,0.32, , ,0.353, , , ,3.079, , , , 
10/31/2004,7.761, ,5.813, , , , , , , ,0.241, , ,0.268, , , ,2.994, , , , 
11/30/2004,7.656, ,5.573, , , , , , , ,0.159, , ,0.189, , , ,2.904, , , , 
12/31/2004,7.591, ,4.992, , , , ,8.649, , ,0.067, , ,0.094, , , ,2.818, , , , 
1/31/2005,7.676, ,4.245, , , , ,9.177, , ,0.472, , ,0.029, , , ,2.729, , , , 
2/28/2005,7.541, ,4.297, , , , ,9.082, , ,0.397, , ,-0.047, , , ,2.648, , , , 
3/31/2005,7.408, ,5.362, , , , ,8.895, , ,0.309, , ,0.373, , , ,2.647, , , , 
4/30/2005,7.435, ,6.524, , , , ,8.821, , ,0.232, , ,0.296, , , ,2.57, , , , 
5/31/2005,7.439, ,6.567, , , , ,8.834, , ,0.151, , ,0.209, , , ,2.483, , , , 
6/30/2005,7.372, ,6.433, , , , ,8.793, , ,0.062, , ,0.126, , , ,2.401, , , , 
7/31/2005,7.34, ,5.932, , , , ,9.009, , ,0.484, , ,0.05, , , ,2.318, , , , 
8/31/2005,7.312, ,5.119, , , , ,8.898, , ,0.393, , ,-0.038, , , ,2.231, , , , 
9/30/2005,7.182, ,3.871, , , , ,8.86, , ,0.32, , ,0.364, , , ,2.219, , , , 
10/31/2005,7.215, ,4.971, , , , ,8.691, , ,0.239, , ,0.29, , , ,2.133, , , , 
11/30/2005,7.163, ,4.562, , , , ,8.666, , ,0.153, , ,0.213, , , ,2.052, , , , 
12/31/2005,7.093, ,4.645, , , , ,8.62, , ,0.07, , ,0.122, , , ,1.969, , , , 
1/31/2006,7.079, ,3.545, , , , ,8.823, , ,0.473,9.647, ,0.05, , , ,1.884, , , , 
2/28/2006,6.994, ,2.759, , , , ,8.68, , ,0.396,9.502, ,-0.026, , , ,1.808, , , , 
3/31/2006,6.849, ,1.378, , , , ,8.522, , ,0.309,9.177, ,0.372, , , ,1.784, , , , 
4/30/2006,6.793, ,1.233, , , , ,8.417, , ,0.235,9.174, ,0.306, , , ,1.704, , , , 
5/31/2006,6.71, ,3.894, , , , ,8.272, , ,0.147,9.04, ,0.218, , , ,1.619, , , , 
6/30/2006,6.626, ,4.329, , , , ,8.15, , ,0.065,8.881, ,0.131, , , ,1.538, , , , 
7/31/2006,6.66, ,1.608, , , , ,8.427, , ,0.478,9.213, ,0.055, , , ,1.457, , , , 
8/31/2006,6.599, ,3.149, , , , ,8.382, , ,0.39,8.937, ,-0.031, , , ,1.376, , , , 
9/30/2006,6.572, ,5.748, , , , ,8.318, , ,0.32,8.95, , , , , ,1.343, , , , 
10/31/2006,6.557, ,2.12, , , , ,8.22, , ,0.241,8.968, , , , , ,1.26, , , , 
11/30/2006,6.522, ,5.543, , , , ,8.205, , ,0.156,8.74, , , , , ,1.18, , , , 
12/31/2006,6.428, ,6.076, , , , ,8.116, , ,0.092,8.66, , , , , ,1.097, , , , 
1/31/2007,6.406, ,6.235, , , , ,8.263, , ,0.471,8.951, , , ,12.643, ,1.013, , , , 
2/28/2007,6.357, ,6.616, , , , ,8.213, , ,0.393,8.881, , , ,12.83, ,0.94, , , , 
3/31/2007,6.273, ,6.42, , , , ,8.183, , ,0.317,8.817, , , ,12.639, , , , , , 
4/30/2007,6.267, ,5.927, , , , ,8.071, , ,0.24,8.669, , , ,12.598, , , , , , 
5/31/2007,6.181, ,6.284, , , , ,7.989, , ,0.141,8.527, , , ,12.442, , , , , , 
6/30/2007,6.069, ,6.341, , , , ,7.889, , ,0.073,8.258, , , ,12.72, , , , , , 
7/31/2007,6.114, ,6.283, , , , ,8.166, , , ,8.261, , , ,12.736, , , , , , 
8/31/2007,6.036, ,6.22, , , , ,7.989, , , ,8.188, , , ,12.468, , , , , , 
9/30/2007,5.966, ,5.954, , , , ,8.012, , , ,8.34, , , ,12.456, , , , , , 
10/31/2007,5.98, ,5.037, , , , ,7.906, , , ,8.301, , , ,12.352, , , , , , 
11/30/2007,5.993, ,4.661, , , , ,7.892, , , ,8.454, , , ,12.397, , , , , , 
12/31/2007,5.914, ,4.479,6.859, , , ,8.096, , , ,8.514, , , ,12.662, , , , , , 
1/31/2008,5.979, ,4.7,6.828, , , ,8.098, , , ,8.943, , , ,12.397, , , , , , 
2/29/2008,5.909, ,4.243,6.784, , , ,8.017, , , ,9.226, , , ,12.216, , , , , , 
3/31/2008,5.852, ,4.885,6.711, , , ,7.992, , , ,9.051, , , ,12.083, , , , , , 
4/30/2008,5.764, ,2.194,6.594, , , ,7.856, , , ,8.781, , , ,11.901, , , , , , 
5/31/2008,6.3, ,1.296,6.512, , , ,7.756, , , ,9.057, , , ,11.707, , , , , , 
6/30/2008,6.214, ,4.435,6.651, , , ,7.846, , , ,8.822, , , ,12.015, , , , , , 
7/31/2008,6.233, ,5.931,6.532, , , ,7.727, , , ,9.224, , , ,11.77, , , , , , 
8/31/2008,6.161, ,6.078,6.453, , , ,7.727, , , ,9.098, , , ,12.12, , , , , , 
9/30/2008,6.095, ,5.737,6.272, , , ,7.659, , , ,8.446, , , ,11.425, , , , , , 
10/31/2008,6.148, ,2.474,5.371, , , ,7.087, , , ,7.311, , , ,9.96, , , , , , 
11/30/2008,6.096, ,2.511,4.899, , , ,7.127, , , ,6.228, , , ,10.809, , , , , , 
12/31/2008,6.071, , ,5.53, , , ,7.387, , , ,6.341, , , ,12.002, , , , , , 
1/31/2009,6.009, , ,5.545, , , ,7.348, , , ,6.924, , , ,11.019, , , , , , 
2/28/2009,5.894, , ,5.334, , , ,7.124, , , ,6.792, , , ,10.527, , , , , , 
3/31/2009,5.861, , ,5.5, , , ,7.059, , , ,7.308, , , ,10.082, , , , , , 
4/30/2009,5.609, , ,5.609, , , ,7.057, , , ,7.562, , , ,9.855, , , , , , 
5/31/2009,5.52, , ,5.746, , , ,7.045, , , ,8.104, , , ,10.209, , , , , , 
6/30/2009,5.404, , ,5.904, , , ,7.434, , , ,8.025, , , ,10.93, ,3.691, , , , 
7/31/2009,5.766, ,4.403,5.973, , , ,7.364, , , ,8.688, , , ,11.079, ,3.611, , , , 
8/31/2009,5.703, ,4.377,5.93, , , ,7.291, , , ,8.532, , , ,11.006, ,3.535, , , , 
9/30/2009,5.691, ,4.39,5.959, , , ,7.261, , , ,8.867, , , ,11.075, ,3.455, , , , 
10/31/2009,5.596, ,4.393,5.855, , , ,7.225, , , ,8.878, , , ,11.127, ,3.372,4.388, , , 
11/30/2009,5.535, ,4.342,5.755, , , ,7.127, , ,7.502,8.67, , , ,10.816, ,3.297,4.303, , , 
12/31/2009,5.413, ,4.47,5.952, , , ,7.309, , ,7.417,8.69, , , ,11.179, ,3.185,4.237, , , 
1/31/2010,5.451, ,4.407,5.927, , , ,7.234, , ,7.306,8.936, , , ,11.281, ,3.087,4.249, , , 
2/28/2010,5.365, ,4.308,5.831, , , ,7.161, , ,7.189,8.912, , , ,11.349, ,3.007,5.921, , , 
3/31/2010,5.311, ,4.218,5.779, , , ,7.104, , ,7.219,8.915, , , ,11.228, ,2.912,5.919, , , 
4/30/2010,5.25, ,4.134,5.721, ,9.233, ,7.024, , ,7.087,8.79, , , ,11.411, ,2.724,5.824, , , 
5/31/2010,5.137, ,4.064,5.535, ,8.736, ,6.885, , ,7.148,8.677, , , ,11.431, ,2.662,5.648, , , 
6/30/2010,5.083, ,4.137,5.673, ,8.727, ,7.087, , ,7.061,8.641, , , ,11.688, ,2.68,5.599, , , 
7/31/2010,5.066, ,4.034,5.631, ,8.663, ,7.055, , ,7.275,8.994, , , ,11.771, ,2.61,5.662, , , 
8/31/2010,5.023, ,3.942,5.601, ,8.499, ,6.935, , ,7.214,8.936, , , ,11.817, ,2.548,5.701, , , 
9/30/2010,4.944, ,3.875,5.55, ,8.631, ,6.904, , ,7.103,8.766, , , ,11.932, ,2.473,5.656, , , 
10/31/2010,4.924, ,3.793,5.523, ,8.77, ,6.871, , ,7.129,8.027, , , ,11.822, ,2.393,5.654, , , 
11/30/2010,4.708, ,3.719,5.405, ,8.387, ,6.753, , ,7.027,8.578, , , ,11.532, ,2.287,5.496, , , 
12/31/2010,4.654, ,3.852,5.521, ,7.236, ,6.926, , ,6.913,7.943, , , ,11.808, ,2.207,5.41, , , 
1/31/2011,4.673, ,3.799,5.371, ,6.655, ,6.867, , ,6.941,8.265, , , ,11.515, ,2.135,5.383, , , 
2/28/2011,4.586, ,3.754,5.273, ,6.556, ,6.763, , ,6.839,8.524, , , ,11.5, ,2.061,5.382, , , 
3/31/2011,4.501, ,3.666,5.276, , , ,6.668, , ,7.022,7.849, , , ,11.47, ,1.98,5.665, , , 
4/30/2011,4.797, ,3.589,5.177, , , ,6.609, , ,6.98,8.121, , , ,11.499, ,1.82,5.612, , , 
5/31/2011,4.747, ,3.505,5.106, , ,6.814,6.558, , ,6.986,8.018, , , ,11.41, ,1.74,5.579, , , 
6/30/2011,4.968, ,3.597,5.208, , ,6.698,6.719, , ,6.923,8.072, , , ,11.749, ,1.754,5.486, , , 
7/31/2011,5.58, ,3.523,5.117, , ,6.649,6.629, , ,6.85,8.24, , , ,11.672, ,1.693,5.451, , , 
8/31/2011,5.478, ,3.404,5.01, , ,6.546,6.511, , ,6.665,8.493, , , ,11.564, ,1.591,5.415, , , 
9/30/2011,5.311, ,3.32,4.829, , ,6.265,6.361, , ,6.521,8.289, , , ,11.18, ,1.307,5.237, , , 
10/31/2011,5.317, ,3.245,4.822, , ,6.32,6.32, , ,6.544,8.386, , , ,11.22, ,1.197,5.226, , , 
11/30/2011,5.682, ,3.173,4.733, , ,6.436,6.239, , ,6.339,8.199, , , ,10.98, ,1.028,5.305,7.753, , 
12/31/2011,5.638, ,3.243,4.805, , ,6.319,6.36, , ,6.321,8.11, , , ,11.339, ,0.921,5.245,7.674, , 
1/31/2012,5.648, ,3.17,4.726, , ,6.244,6.291, , ,6.317,8.146, , , ,11.158, ,0.827,5.189,7.603, , 
2/29/2012,5.835, ,3.098,4.684, , ,6.187,6.234, , ,6.286,8.056, , , ,11.201, ,0.798,5.705,7.536, , 
3/31/2012,5.777, ,3.014,4.639, , ,6.28,6.164, , ,6.313,8.194, , , ,11.088, ,0.664,5.737,7.495, , 
4/30/2012,5.74, ,2.937,4.53, , ,6.178,6.089, , ,5.724,8.066, , , ,11.083, ,0.591,5.66,7.386, , 
5/31/2012,5.596, ,2.807,4.411, , ,6.329,5.977, , ,5.586,7.816, , , ,10.868, ,0.547,5.5,7.424, , 
6/30/2012,5.582, ,2.894,4.482, , ,6.276,6.115, , ,5.587,7.85, , , ,11.249, ,0.558,5.505,7.372, , 
7/31/2012,5.64, ,2.808,4.407, , ,6.214,6.034, , ,5.596,8.212, , , ,11.173, , ,5.547,7.307, , 
8/31/2012,5.569, ,2.741,4.351, ,8.328,6.193,5.951, , ,5.556,8.15, , , ,11.099, , ,5.513,7.296, , 
9/30/2012,5.982, ,2.671,4.289, ,8.425,6.213,5.878,7.814, ,5.59,7.981, , ,8.081,10.885, , ,5.55,7.247, , 
10/31/2012,5.93, ,2.581,4.202, ,8.482,6.129,5.804,7.721, ,5.573,7.677, , ,7.972,10.874, , ,5.469,7.161, , 
11/30/2012,5.866, ,2.489,4.117, ,8.475,6.231,5.734,7.611, ,5.545,7.434, , ,7.88,10.836, , ,5.423,7.237, , 
12/31/2012,5.789, ,2.52,4.18, ,8.56,6.156,5.849,7.542, ,5.456,7.24, , ,7.821,11.136,10.903, ,5.358,7.176, , 
1/31/2013,6.071, ,2.461,4.103, ,8.484,6.129,5.764,7.52, ,5.414,6.715, , ,7.808,11.439,11.015, ,5.304,7.103, , 
2/28/2013,5.99, ,2.392,4.025, ,8.407,5.993,5.7,7.398, ,5.292,7.865,7.484, ,7.716,11.31,11.115, ,5.256,6.993, , 
3/31/2013,5.94, ,2.312,3.942, ,8.321,5.922,5.611,7.495, ,5.222,7.784,7.284, ,7.803,11.275,11.997, ,5.2,6.916, , 
4/30/2013,5.918, ,2.237,3.864, ,8.229,5.867,5.534,7.374, ,5.74,7.736,7.451, ,7.707,11.175,12.002, ,5.175,6.839, , 
5/31/2013,5.796, ,2.152,3.758,6.829,8.157,5.964,5.449,7.243, ,5.659,7.592,6.944, ,7.61,10.986,8.555, ,5.023,6.892,7.189, 
6/30/2013,5.645, ,2.168,3.781,6.465,8.331,5.704,5.554,7.077, ,5.526,7.377,6.77, ,7.418,11.11,7.87, ,4.876,6.734,6.961, 
7/31/2013,5.628, ,2.088,3.708,6.255,8.254,5.639,5.484,6.994, ,5.502,7.592,6.737, ,7.378,10.753,7.935, ,4.891,6.693,6.946, 
8/31/2013,5.502, ,2.003,3.62,6.143,8.165,5.534,5.386,6.818, ,5.365,7.361,6.621, ,7.246,10.441,8.084, ,4.811,6.578,6.75, 
9/30/2013,5.506, ,1.928,3.538,6.453,8.085,5.486,5.308,7.015, ,5.33,7.437,6.559, ,7.371,10.306,8.069, ,4.81,6.493,6.727, 
10/31/2013,5.476, ,1.86,3.481,6.484,7.997,5.47,5.234,6.978, ,5.345,7.408,6.588, ,7.265,10.061,8.083, ,4.738,6.466,6.746, 
11/30/2013,5.377, ,1.779,3.404,6.493,7.922,5.638,5.164,6.863, ,5.722,7.246,6.695, ,7.211,9.821,8.04, ,4.652,6.537,6.974, 
12/31/2013,5.291, ,1.772,7.473,5.784,8.081,5.565,7.187,6.758, ,5.661,7.19,6.62, ,7.131,9.944,8.005, ,4.567,6.447,6.899, 
1/31/2014,5.632, ,1.683,7.413,5.746,7.99,5.418,7.099,6.593, ,5.554,7.301,6.519, ,7.01,9.647,8.038, ,5.358,6.316,6.817, 
2/28/2014,5.597, ,1.612,7.327,5.713,7.956,5.377,7.035,6.507, ,5.561,7.279,6.503, ,6.94,9.597,8.595, ,5.369,6.27,6.771, 
3/31/2014,5.535,8.085,1.538,7.288,5.765,7.903,5.334,6.941,6.651, ,5.505,7.222,6.435, ,7.01,9.636,8.018, ,5.324,6.205,6.683, 
4/30/2014,5.479,8.001,1.465,7.218,5.682,7.827,5.243,6.887,6.746,5.359,5.47,7.155,6.389, ,6.944,9.951,7.897, ,5.249,6.121,6.635, 
5/31/2014,5.438,7.957,1.383,7.182,5.618,7.872,5.372,6.814,6.72,5.3,5.452,6.59,6.402, ,6.873,10,7.834, ,5.181,6.232,6.785, 
6/30/2014,5.346,7.852,5.551,7.295,5.675,7.996,5.303,6.819,6.684,5.216,5.364,6.992,6.322, ,6.777,10.241,7.759, ,5.095,6.127,6.735, 
7/31/2014,5.767,7.754,5.471,7.191,5.567,7.91,6.274,6.813,6.631,5.124,5.331,7.099,6.223, ,6.732,10.184,7.735, ,5.044,6.038,6.65, 
8/31/2014,5.689,7.644,5.559,7.1,5.516,7.863,6.224,6.708,6.579,5.021,5.248,7.006,6.197, ,6.632,10.095,8.078, ,5.013,5.954,6.535, 
9/30/2014,5.622,7.728,5.365,6.976,5.558,7.644,6.093,6.626,6.529,5.082,5.182,6.929,6.095, ,6.699,10.013,7.953, ,4.961,5.85,6.462, 
10/31/2014,5.942,7.673,5.273,6.881,5.483,7.59,5.991,6.538,6.603,5.004,5.161,6.833,6.059, ,6.607,9.903,7.95, ,4.887,5.786,6.381, 
11/30/2014,5.862,7.528,5.145,6.742,5.382,7.534,6.037,6.45,6.495,4.898,5.106,6.747,6.058, ,6.52,10.083,7.877, ,4.811,5.844,6.492, 
12/31/2014,5.762,7.376,6.319,6.702,5.364,7.535,5.867,6.394,6.343,4.752,5,6.524,5.953, ,6.405,10.374,7.549, ,4.714,5.717,6.353, 
1/31/2015,5.758,7.268,6.242,6.59,5.281,7.474,5.923,6.39,6.185,4.653,4.979,6.57,5.928, ,6.258,10.168,7.504, ,4.685,5.646,6.246, 
2/28/2015,5.678,7.253,6.331,6.556,5.207,7.425,5.863,6.324,6.168,4.587,4.929,6.58,5.892, ,6.237,10.24,7.713, ,4.663,5.581,6.205, 
3/31/2015,5.653,7.323,5.454,6.435,5.233,7.578,5.743,6.242,6.123,5.865,4.858,6.507,5.825, ,6.301,10.005,7.621, ,4.628,5.506,6.1, 
4/30/2015,5.585,7.316,5.561,6.49,5.183,7.519,5.684,6.173,6.227,5.854,4.817,6.494,5.784, ,6.234,10.247,7.605, ,4.538,5.446,6.045, 
5/31/2015,5.484,7.219,5.042,6.363,5.109,7.433,5.711,6.096,6.14,5.794,4.747,6.317,5.73, ,6.14,10.284,7.549, ,4.449,5.491,6.157, 
6/30/2015,5.39,7.136,4.988,6.654,5.129,7.429,5.609,6.101,5.957,5.663,4.642,6.192,5.616, ,6.076,10.795,7.454, ,4.348,5.4,6.074, 
7/31/2015,5.367,6.987,4.798,6.505,5.041,7.313,5.607,6.113,6.241,5.567,4.592,6.281,5.537, ,5.976,10.652,7.332, ,4.3,5.311,5.996, 
8/31/2015,5.276,6.85,4.497,6.286,4.92,7.162,5.461,6.01,6.053,5.431,4.52,6.118,5.495, ,5.889,10.378,7.462, ,4.263,5.202,5.891, 
9/30/2015,5.236,6.907,4.493,6.1,4.907,7.018,5.333,5.92,5.724,5.514,4.447,5.823,5.412, ,5.938,10.287,7.341, ,4.227,5.09,5.713, 
10/31/2015,5.18,6.854,4.522,6.088,4.843,7.02,5.299,5.816,5.859,5.498,4.411,5.86,5.378, ,5.852,10.006,7.234, ,4.15,6.639,5.666, 
11/30/2015,5.082,6.752,4.446,5.979,4.764,6.963,5.321,5.716,5.834,5.406,4.351,5.743,5.33, ,5.764,9.86,7.144, ,4.055,6.594,5.773, 
12/31/2015,4.99,6.636,4.43,5.993,4.762,6.953,5.185,5.703,5.566,5.292,4.247,5.5,5.237, ,5.674,9.989,6.986, ,3.967,6.436,5.667, 
1/31/2016,4.953,6.487,4.252,5.854,4.631,6.86,5.178,5.683,5.401,5.193,4.238,5.531,5.164, ,5.569,9.944,6.557, ,3.916,6.344,5.54, 
2/29/2016,4.892,6.437,4.238,5.85,4.588,6.826,5.119,5.571,5.401,5.118,4.152,5.452,5.117, ,5.483,9.836,5.669, ,3.878,6.291,5.487, 
3/31/2016,4.841,6.568,4.467,5.817,4.599,6.835,5.073,5.519,5.581,5.239,4.11,5.53,5.052, ,5.533,9.755,5.572, ,3.837,6.238,5.433, 
4/30/2016,5.202,6.511,4.445,5.82,4.524,6.792,5.006,5.448,5.596,5.172,4.657,5.507,4.999, ,5.451,9.689,6.002, ,3.758,6.28,5.369, 
5/31/2016,5.115,6.41,4.395,5.659,4.455,6.694,4.998,5.304,5.494,5.058,4.587,5.464,4.961, ,5.362,9.578,6, ,3.673,6.251,5.461, 
6/30/2016,5.046,6.387,4.379,5.844,4.467,6.789,4.958,5.298,5.519,5.032,4.515,5.475,4.749, ,5.277,9.869,5.766, ,3.594,6.229,5.371, 
7/31/2016,5.037,6.295,4.282,5.816,4.424,6.461,4.978,5.311,5.575,5.001,4.495,5.566,4.676, ,5.264,9.868,5.669, ,3.544,6.174,5.307, 
8/31/2016,4.96,6.229,4.203,5.78,4.339,4.909,4.946,6.732,5.689,4.944,4.428,5.613,4.65, ,5.174,9.797,5.823, ,3.508,6.111,5.26, 
9/30/2016,4.911,6.304,4.178,5.678,4.339,5.54,4.883,6.655,5.66,5.001,4.396,5.542,4.533, ,5.227,9.792,5.634, ,3.793,6.029,5.173, 
10/31/2016,4.836,6.226,4.158,5.606,4.243,5.607,4.797,6.562,5.656,4.913,4.319,5.429,4.402, ,5.142,9.745,5.504, ,3.698,6.015,5.084, 
11/30/2016,4.698,6.112,4.061,5.463,4.099,6.392,4.782,6.403,5.519,4.802,4.233,5.323,4.213, ,5.042,9.423,4.223, ,3.628,5.933,5.155, 
12/31/2016,4.722,6.032,4.347,5.669,4.126,6.46,4.703,6.395,5.517,4.754,4.152,5.323,4.116, ,4.958,9.439,4.392, ,3.542,5.845,5.089, 
1/31/2017,4.691,5.95,4.594,5.569,5.335,6.413,4.674,6.37,5.56,4.668,4.125,5.42,4.048, ,4.877,9.354,4.439, ,3.489,5.777,5.007, 
2/28/2017,4.632,5.891,4.544,5.547,5.283,6.255,4.623,6.387,5.561,4.584,4.056,5.455,4.016, ,4.807,9.297,4.713, ,3.463,5.73,4.952, 
3/31/2017,4.581,5.932,4.496,5.477,5.252,6.33,4.535,6.278,5.504,4.676,3.998,5.361,3.822, ,4.827,8.399,5.935, ,3.406,5.632,4.863, 
4/30/2017,4.524,5.857,4.423,5.411,5.203,5.967,4.466,6.147,5.53,4.619,3.94,5.301,3.773, ,4.741,9.186,5.935, ,3.325,5.638,4.789, 
5/31/2017,4.454,5.764,4.329,5.348,5.119,5.737,7.125,6.067,5.463,4.54,3.884,5.257,3.93, ,4.654,9.031,5.935, ,3.24,5.627,4.873, 
6/30/2017,4.377,5.667,4.559,5.416,5.09,6.971,7.058,6.035,5.359,4.459,3.804,5.115,3.85, ,4.57,9.457,7.355, ,3.16,5.548,4.788, 
7/31/2017,4.33,5.601,4.514,5.335,5.094,6.59,7.063,6.014,5.4,4.387,3.781,5.251,3.772, ,4.489, ,7.266, ,3.103,5.467,4.705, 
8/31/2017,4.257,5.532,4.462,5.319,5.042,6.057,6.971,6.032,5.34,4.314,3.694,4.923,3.736, ,4.402, ,7.494, ,3.057,5.367,4.633, 
9/30/2017,4.085,7.617,4.141,5.226,5.012,6.449,6.884,5.94,5.272,4.372,3.661,4.906,3.641, ,4.423, ,7.395, ,2.97,5.376,4.553, 
10/31/2017,4.017,7.507,4.865,5.147,4.931,6.15,6.808,5.854,5.264,4.287,3.568,4.793,3.562, ,4.344, ,8.639, ,2.885,5.307,4.463, 
11/30/2017,3.931,7.416,4.881,5.084,4.828,5.665,6.912,5.779,5.195,4.216,3.507,4.638,3.535, ,4.26, ,8.478, ,2.802,5.236,4.519, 
12/31/2017,4.053,7.322,4.902,5.183,4.801,5.644,6.853,5.731,5.139,4.145,3.424,4.454,3.454, ,4.174, ,8.291, ,2.716,5.158,4.445, 
1/31/2018,3.987,7.279,5.193,5.098,4.782,5.869,6.799,5.769,5.128,4.075,3.371,3.606,3.35, ,4.096, ,8.206, ,2.647,5.085,4.367, 
2/28/2018,3.895,7.606,5.078,4.989,4.664,6.387,6.578,5.691,5.003,3.958,3.273,4.314,4.839, ,4.008, ,8.459, ,2.599,4.988,4.28, 
3/31/2018,3.842,7.65,4.931,4.916,4.651,6.373,8.765,5.591,4.931,3.992,3.234,4.405,4.893, ,4.011, ,8.372, ,2.536,4.982,4.19, 
4/30/2018,3.767,7.517,4.75,4.814,4.536,6.337,8.523,5.513,4.859,3.881,3.138,4.413,4.827, ,3.926, ,8.26, ,2.483,4.9,4.102, 
5/31/2018,3.672,7.451,4.691,4.704,4.416,6.35,8.375,5.35,4.659,3.781,3.059,4.321,4.735, ,3.833, ,8.175, ,2.394,4.794,4.139, 
6/30/2018,3.59,7.348,4.565,4.699,4.38,6.457,8.071,5.289,4.516,3.677,2.982,4.277,4.649, ,3.744, ,6.837, ,2.315,4.671,4.042, 
7/31/2018,4.128,7.335,4.662,4.668,4.384,6.278,8.299,5.345,4.55,3.639,2.947,4.268,4.566, ,3.66, ,6.767, ,2.256,4.647,3.986, 
8/31/2018,4.042,7.256,4.481,4.549,4.293,6.342,7.964,5.243,4.175,3.522,2.857,4.229,4.567, ,3.571, ,8.273, ,2.2,4.527,3.884, 
9/30/2018,3.997,7.322,4.537,4.515,4.26,6.226,8.183,5.122,4.102,3.555,2.817,4.134,4.485, ,3.568, ,6.301, ,2.138,4.54,3.814, 
10/31/2018,3.933,7.184,4.364,4.388,4.121,6.218,7.74,5.013,4.041,3.461,2.721,4.105,4.418, ,3.471, ,6.724, ,2.05,4.413,3.725, 
11/30/2018,3.852,7.027,4.152,4.257,4.025,6.104,7.784,4.93,4.084,3.384,3.076,4.013,4.331, ,3.391, ,7.893, ,1.969,4.321,3.75, 
12/31/2018,3.78,7.036,4.066,4.353,4.017,6.217,7.737,4.87,3.999,3.307,2.999,3.911,4.251, ,3.308, ,7.777, ,1.885,4.265,3.667, 
1/31/2019,3.719,7.006,4.135,4.338,4.035,6.306,8.026,4.918,4.14,3.262,2.976,3.945,4.178, ,3.233, ,7.631, ,1.822,4.257,3.6, 
2/28/2019,3.649,7.031,4.284,4.274,3.972,6.165,8.062,4.872,4.044,3.211,2.907,3.708,4.194, ,3.167, ,7.996, ,2.26,4.182,3.537, 
3/31/2019,3.609,7.03,4.566,4.183,3.958,6.133,8.132,4.819,3.866,3.237,2.877,3.775,4.117, ,3.157, ,8.033, ,2.21,4.185,3.456, 
4/30/2019,3.559,7.004,4.545,4.115,3.876,6.101,8.048,4.75,3.798,3.164,2.794,3.58,4.057, ,3.081, ,6.811, ,2.132,4.127,3.385, 
5/31/2019,3.477,6.935,4.467,4.019,3.793,6.106,7.832,4.661,3.634,3.101,2.712,3.697,3.972, ,2.997, ,6.791, ,2.048,4.065,3.411, 
6/30/2019,3.42,6.946,4.536,4.112,3.787,5.863,8.083,4.622,3.594,3.046,2.653,2.945,3.901, ,2.917, ,6.67, ,1.973,4.021,3.343, 
7/31/2019,3.343,6.873,4.495,4.03,3.756,5.64,8.138,5.277,3.681,2.969,3.015,2.449,3.817, ,2.842, ,6.613, ,1.919,3.955,3.268, 
8/31/2019,3.272,6.904,4.327,3.916,3.673,5.145,8.032,5.204,3.514,2.885,2.941,3.045,3.811, ,2.764, ,6.853, ,1.838,3.852,3.19, 
9/30/2019,3.216,6.88,4.312,3.86,3.628,5.5,8.095,5.135,3.544,6.278,2.91,3.187,3.734, ,2.744, ,6.745, ,1.783,3.858,3.115, 
10/31/2019,3.204,6.806,4.305,3.793,3.535,5.972,8.097,5.054,3.517,6.194,2.827,3.384,3.67, ,2.663, ,6.716, ,1.701,3.784,3.024, 
11/30/2019,3.121,6.753,4.031,3.717,3.461,6.09,8.116,4.983,3.347,6.131,2.745,3.256,3.588, ,2.583, ,6.595, ,1.619,3.732,3.036, 
12/31/2019,3.038,6.669,4.191,3.795,4.436,5.811,8.185,4.924,3.339,6.061,2.664,3.048,3.508, ,2.504,7.006,7.666, ,1.536,3.673,2.96, 
1/31/2020,2.969,6.622,4.028,3.733,4.441,5.768,8.226,4.96,3.331,5.995,2.608,3.248,3.421, ,2.421,6.973,7.591, ,1.474,3.601,2.882, 
2/29/2020,2.9,6.598,3.74,5.357,4.372,6.476,8.073,4.844,3.211,5.928,2.527,3.163,3.41, ,2.345,6.988,7.882, ,1.398,3.498,2.8, 
3/31/2020,2.845,6.289,2.291,4.517,4.066,6.297,7.31,4.661,2.606,5.794,2.451,2.771,3.33, ,2.278,6.837,7.179, ,1.33,3.3,2.603, 
4/30/2020,3.137,6.307,2.466,4.65,4.089,6.17,7.263,4.584,2.406,5.768,3.051,2.612,3.266, ,2.172,6.654,6.678, ,1.652,3.281,2.549, 
5/31/2020,3.064,6.337,2.808,4.839,4.135,6.245,8.455,4.555,2.678,5.764,2.979,2.86,3.188, ,2.092,6.631,6.153, ,1.571,3.303,2.569, 
6/30/2020,2.992,6.299,2.993,4.966,5.18,6.057,8.675,5.309,2.751,5.647,2.904,2.778,3.115, ,2.021,6.61,6.262, ,1.491,3.267,2.512, 
7/31/2020,2.926,5.918,3.304,4.98,5.194,6.187,8.556,5.311,2.844,5.588,2.871,2.958,3.034, ,1.946,6.602,6.311, ,1.452,3.168,2.444, 
8/31/2020,2.843,5.948,3.411,5,5.176,6.055,8.686,5.255,2.685,5.546,2.788,2.889,3.007, ,1.866,6.592,6.686, ,1.367,3.096,2.37, 
9/30/2020,2.792,5.839,9.536,4.799,5.112,6.199,8.513,5.153,2.563,5.614,2.733,2.763,2.925, ,1.829,6.722,6.575, ,1.286,3.051,2.294, 
10/31/2020,2.719,5.781,9.435,4.718,5.078,6.016,8.564,5.109,2.426,5.505,2.653,2.628,2.858, ,1.745,6.632,6.526, ,1.203,2.983,2.223, 
11/30/2020,2.638,5.793,9.317,4.573,5.024,5.563,9.027,5.056,2.45,5.442,2.572,2.64,2.776, ,1.681,6.559,6.577, ,1.121,4.31,2.222, 
12/31/2020,2.554,5.758,9.264,4.647,5.008,5.671,9.02,5.037,2.478,5.411,2.489,2.584,2.692, ,1.612,6.565,6.542, ,1.036,4.247,2.136, 
1/31/2021,2.479,5.673,8.8,4.502,4.965,5.493,8.851,5.024,2.475,5.337,2.443,2.707,2.608, ,1.531,6.482,6.542, ,0.981,4.168,2.056, 
,,,,,,,,,,,,,,,,,,,,,,
,,,,,,,,,,,,,,,,,,,,,,
, Maturity / WAL, Maturity / WAL, Maturity / WAL, Maturity / WAL, Maturity / WAL, Maturity / WAL, Maturity / WAL, Maturity / WAL, Maturity / WAL, Maturity / WAL, Maturity / WAL, Maturity / WAL, Maturity / WAL, Maturity / WAL, Maturity / WAL, Maturity / WAL, Maturity / WAL, Maturity / WAL, Maturity / WAL, Maturity / WAL, Maturity / WAL, 
Date, GDPL, GDAZ, GDEC, GDGA, GDHN, GDCI, GDSN, GDTT, GDZM, GDAM, GDHR, GDIQ, GDSI, GDDZ, GDAW, GDBB, GDBZ, GDGR, GDLT, GDNA, GDRW, 
10/31/1994,, , , , , , , , , , , , , , , , , , , , , 
11/30/1994,26.749, , , , , , , , , , , , , , , , , , , , , 
12/31/1994,26.622, , , , , , , , , , , , , , , , , , , , , 
1/31/1995,26.647, , , , , , , , , , , , , , , , , , , , , 
2/28/1995,26.587, , , , , , , , , , , , , , , , , , , , , 
3/31/1995,26.457, ,26.654, , , , , , , , , , , , , , , , , , , 
4/30/1995,26.137, ,26.264, , , , , , , , , , , , , , , , , , , 
5/31/1995,25.979, ,26.002, , , , , , , , , , , , , , , , , , , 
6/30/1995,25.737, ,25.917, , , , , , , , , , , , , , , , , , , 
7/31/1995,25.679, ,25.906, , , , , , , , , , , , , , , , , , , 
8/31/1995,25.521, ,25.794, , , , , , , , , , , , , , , , , , , 
9/30/1995,25.418, ,25.714, , , , , , , , , , , , , , , , , , , 
10/31/1995,25.246, ,25.633, , , , , , , , , , , , , , , , , , , 
11/30/1995,25.168, ,25.509, , , , , , , , , , , , , , , , , , , 
12/31/1995,25.08, ,25.482, , , , , , , , , , , , , , , , , , , 
1/31/1996,24.89, ,25.06, , , , , , , , , , , , , , , , , , , 
2/29/1996,24.862, ,24.933, , , , , , , , , , , , , , , , , , , 
3/31/1996,24.806, ,24.944, , , , , , , , , , , , , , , , , , , 
4/30/1996,24.761, ,24.647, , , , , , , , , , , , , , , , , , , 
5/31/1996,24.726, ,24.554, , , , , , , , , , , , , , , , , , , 
6/30/1996,24.646, ,24.392, , , , , , , , , , , , , , , , , , , 
7/31/1996,24.548, ,24.292, , , , , , , , , , , , , , , , , , , 
8/31/1996,24.443, ,24.203, , , , , , , ,11.536, , , , , , , , , , , 
9/30/1996,24.35, ,24.079, , , , , , , ,11.465, , , , , , , , , , , 
10/31/1996,24.202, ,23.956, , , , , , , ,11.388, , ,13.34, , , , , , , , 
11/30/1996,24.086, ,23.812, , , , , , , ,11.306, , ,13.258, , , , , , , , 
12/31/1996,24.031, ,23.635, , , , , , , ,11.229, , ,13.173, , , ,2.91, , , , 
1/31/1997,23.961, ,23.467, , , , , , , ,11.528, , ,13.088, , , ,2.825, , , , 
2/28/1997,23.902, ,23.409, , , , , , , ,11.445, , ,13.011, , , ,2.748, , , , 
3/31/1997,23.892, ,23.384, , , , , , , ,10.063, , ,12.926, , , ,2.663, , , , 
4/30/1997,22.282, ,20.868, , , , , , , ,9.981, , ,12.844, , , ,2.581, , , , 
5/31/1997,22.147, ,21.195, , , , , , , ,9.898, , ,12.759, , , ,2.496, , , , 
6/30/1997,22.07, ,21.196, , , , , , , ,9.805, , ,12.677, , , ,2.414, , , , 
7/31/1997,21.023, ,21.276, , , , , , , ,9.664, , ,12.592, , , ,2.329, , , , 
8/31/1997,20.955, ,21.123, , , , , , , ,9.626, , ,12.507, , , ,2.244, , , , 
9/30/1997,20.864, ,21.145, , , , , , , ,9.53, , ,12.425, , , ,2.162, , , , 
10/31/1997,20.724, ,21.152, , , , , , , ,9.352, , ,12.34, , , ,2.077, , , , 
11/30/1997,20.669, ,21.085, , , , , , , ,9.294, , ,12.258, , , ,1.995, , , , 
12/31/1997,20.625, ,20.981, , , , , , , ,9.244, , ,12.173, , , ,1.91, , , , 
1/31/1998,17.389, ,20.903, , , , , , , ,9.564, , ,6.5, , , ,1.825, , , , 
2/28/1998,17.337, ,20.75, , , , , , , ,9.552, , ,10.38, , , ,1.748, , , , 
3/31/1998,17.243, ,20.667, , ,0, , , , ,9.47, , ,10.274, , , ,1.663, , , , 
4/30/1998,17.09, ,20.667, , ,19.912, , , , ,9.373, , ,10.207, , , ,7.388, , , , 
5/31/1998,17.054, ,20.553, , ,19.827, , , , ,9.277, , ,10.141, , , ,7.915, , , , 
6/30/1998,16.991, ,20.501, , ,19.745, , , , ,9.194, , ,10.07, , , ,7.842, , , , 
7/31/1998,17.03, ,20.378, , ,19.66, , , , ,9.097, , ,9.96, , , ,7.767, , , , 
8/31/1998,16.728, ,20.988, , ,19.575, , , , ,8.935, , ,9.833, , , ,7.662, , , , 
9/30/1998,16.805, ,20.673, , ,19.493, , , , ,8.871, , ,9.795, , , ,7.583, , , , 
10/31/1998,16.653, ,20.315, , ,19.408, , , , ,8.88, , ,9.685, , , ,7.489, , , , 
11/30/1998,16.554, ,20.074, , ,19.326, , , , ,8.806, , ,9.598, , , ,9.26, , , , 
12/31/1998,18.789, ,19.963, , ,19.241, , , , ,8.697, , ,9.544, , , ,9.175, , , , 
1/31/1999,18.752, ,20.27, , ,19.156, , , , ,8.586, , ,9.44, , , ,9.09, , , , 
2/28/1999,18.705, ,20.331, , ,19.079, , , , ,8.546, , ,9.357, , , ,9.014, , , , 
3/31/1999,18.606, ,20.134, , ,18.995, , , , ,8.422, , ,9.242, , , ,8.926, , , , 
4/30/1999,18.424, ,19.839, , ,18.912, , , , ,8.3, , ,9.179, , , ,8.844, , , , 
5/31/1999,18.353, ,19.59, , ,18.827, , , , ,8.252, , ,9.052, , , ,8.76, , , , 
6/30/1999,18.266, ,19.782, , ,18.745, , , , ,8.153, , ,8.981, , , ,8.678, , , , 
7/31/1999,20.872, ,19.764, , ,18.66, , , , ,8.024, , ,8.93, , , ,8.593, , , , 
8/31/1999,16.447, ,19.737, , ,18.575, , , , ,7.997, , ,8.85, , , ,8.508, , , , 
9/30/1999,18.348, ,20.199, , ,18.493, , , , ,7.911, , ,8.766, , , ,8.426, , , , 
10/31/1999,18.25, ,20.921, , ,18.408, , , , ,7.861, , ,8.692, , , ,8.342, , , , 
11/30/1999,18.198, ,20.393, , ,18.326, , , , ,7.818, , ,8.584, , , ,8.26, , , , 
12/31/1999,18.134, ,20.33, , ,18.241, , , , ,7.772, , ,8.517, , , ,8.175, , , , 
1/31/2000,18.07, ,20.794, , ,18.156, , , , ,7.656, , ,8.452, , , ,8.09, , , , 
2/29/2000,18.002, ,20.731, , ,18.077, , , , ,7.616, , ,8.362, , , ,8.011, , , , 
3/31/2000,17.94, ,20.432, , ,17.995, , , , ,7.529, , ,8.273, , , ,7.925, , , , 
4/30/2000,17.762, ,20.316, , ,17.912, , , , ,7.411, , ,8.199, , , ,7.843, , , , 
5/31/2000,17.65, ,20.479, , ,17.827, , , , ,7.261, , ,8.11, , , ,7.758, , , , 
6/30/2000,17.605, ,20.052, , ,17.745, , , , ,7.21, , ,8.031, , , ,7.676, , , , 
7/31/2000,17.533, ,19.219, , ,17.66, , , , ,7.101, , ,7.949, , , ,7.591, , , , 
8/31/2000,17.444, ,21.828, , ,17.575, , , , ,7.009, , ,7.867, , , ,7.508, , , , 
9/30/2000,17.348, ,21.489, , ,17.493, , , , ,6.904, , ,7.805, , , ,7.426, , , , 
10/31/2000,15.678, ,21.341, , ,17.408, , , , ,6.834, , ,7.725, , , ,7.342, , , , 
11/30/2000,15.629, ,21.241, , ,17.326, , , , ,6.751, , ,7.643, , , ,7.26, , , , 
12/31/2000,15.633, ,21.23, , ,17.241, , , , ,6.684, , ,7.547, , , ,7.175, , , , 
1/31/2001,15.587, ,21.352, , ,17.156, , , , ,6.565, , ,7.456, , , ,7.09, , , , 
2/28/2001,15.558, ,21.034, , ,17.079, , , , ,7.921, , ,7.376, , , ,7.014, , , , 
3/31/2001,15.505, ,20.985, , ,16.995, , , , ,7.832, , ,7.332, , , ,6.926, , , , 
4/30/2001,14.811, ,20.99, , ,16.912, , , , ,7.752, , ,7.243, , , ,6.844, , , , 
5/31/2001,14.709, ,21.242, , ,16.827, , , , ,7.674, , ,7.17, , , ,6.76, , , , 
6/30/2001,14.65, ,21.217, , ,16.745, , , , ,7.592, , ,7.087, , , ,6.678, , , , 
7/31/2001,14.591, ,21.059, , ,16.66, , , , ,7.536, , ,6.991, , , ,6.593, , , , 
8/31/2001,14.543, ,20.87, , ,16.575, , , , ,7.448, , ,6.921, , , ,6.508, , , , 
9/30/2001,14.414, ,20.698, , ,16.493, , , , ,7.371, , ,6.885, , , ,6.426, , , , 
10/31/2001,14.386, ,20.619, , ,16.408, , , , ,7.281, , ,6.782, , , ,6.342, , , , 
11/30/2001,14.334, ,20.903, , ,16.326, , , , ,7.198, , ,6.681, , , ,6.26, , , , 
12/31/2001,14.176, ,20.988, , ,16.241, , , , ,7.114, , ,6.613, , , ,6.175, , , , 
1/31/2002,14.187, ,20.89, , ,16.156, , , , ,7.029, , ,6.536, , , ,6.09, , , , 
2/28/2002,14.104, ,20.602, , ,16.079, , , , ,6.953, , ,6.466, , , ,6.014, , , , 
3/31/2002,13.943, ,20.632, , ,15.995, , , , ,6.868, , ,6.417, , , ,5.926, , , , 
4/30/2002,13.876, ,20.613, , ,15.912, , , , ,6.786, , ,6.355, , , ,5.844, , , , 
5/31/2002,13.792, ,20.803, , ,15.827, , , , ,6.701, , ,6.263, , , ,5.76, , , , 
6/30/2002,13.711, ,20.882, , ,15.745, , , , ,6.618, , ,6.175, , , ,5.678, , , , 
7/31/2002,10.687, ,20.692, , ,15.66, , , , ,6.533, , ,6.076, , , ,5.593, , , , 
8/31/2002,12.804, ,20.432, , ,15.575, , , , ,6.453, , ,5.99, , , ,5.508, , , , 
9/30/2002,12.55, ,20.151, , ,15.493, , , , ,6.441, , ,5.959, , , ,5.426, , , , 
10/31/2002,12.42, ,20.514, , ,15.408, , , , ,6.356, , ,5.874, , , ,5.342, , , , 
11/30/2002,12.491, ,20.867, , ,15.326, , , , ,6.273, , ,5.802, , , ,5.26, , , , 
12/31/2002,12.419, ,20.579, , ,15.241, , , , ,6.189, , ,5.722, , , ,5.175, , , , 
1/31/2003,12.428, ,20.382, , ,15.156, , , , ,7.496, , ,5.633, , , ,5.09, , , , 
2/28/2003,12.383, ,20.087, , ,15.079, , , , ,7.419, , ,5.551, , , ,5.014, , , , 
3/31/2003,12.265, ,19.902, , ,14.995, , , , ,7.334, , ,5.526, , , ,4.926, , , , 
4/30/2003,12.429, ,19.953, , ,14.912, , , , ,7.252, , ,5.444, , , ,4.844, , , , 
5/31/2003,12.515, ,20.247, , ,14.827, , , , ,7.167, , ,5.368, , , ,4.76, , , , 
6/30/2003,12.429, ,20.067, , ,14.745, , , , ,7.085, , ,5.288, , , ,4.678, , , , 
7/31/2003,13.806, ,19.965, , , , , , , ,7, , ,5.205, , , ,4.593, , , , 
8/31/2003,13.742, ,19.717, , , , , , , ,6.915, , ,5.12, , , ,4.508, , , , 
9/30/2003,13.57, ,19.648, , , , , , , ,6.833, , ,6.425, , , ,4.426, , , , 
10/31/2003,12.513, ,19.529, , , , , , , ,6.748, , ,6.34, , , ,4.342, , , , 
11/30/2003,12.374, ,19.778, , , , , , , ,6.666, , ,6.258, , , ,4.26, , , , 
12/31/2003,12.322, ,19.834, , , , , , , ,6.581, , ,6.173, , , ,4.175, , , , 
1/31/2004,12.276, ,20.074, , , , , , , ,6.496, , ,6.088, , , ,4.09, , , , 
2/29/2004,12.207, ,19.698, , , , , , , ,6.416, , ,6.008, , , ,4.011, , , , 
3/31/2004,12.151, ,19.735, , , , , , , ,6.334, , ,5.926, , , ,3.926, , , , 
4/30/2004,11.961, ,19.213, , , , , , , ,6.252, , ,5.844, , , ,3.844, , , , 
5/31/2004,11.859, ,19.384, , , , , , , ,6.167, , ,5.759, , , ,3.76, , , , 
6/30/2004,11.79, ,19.248, , , , , , , ,6.085, , ,5.677, , , ,3.678, , , , 
7/31/2004,10.618, ,19.222, , , , , , , ,6, , ,5.592, , , ,3.593, , , , 
8/31/2004,10.569, ,19.019, , , , , , , ,5.915, , ,5.507, , , ,3.508, , , , 
9/30/2004,10.502, ,19.045, , , , , , , ,5.833, , ,5.425, , , ,3.426, , , , 
10/31/2004,10.369, ,19.042, , , , , , , ,5.748, , ,5.34, , , ,3.342, , , , 
11/30/2004,10.315, ,19.23, , , , , , , ,5.666, , ,5.258, , , ,3.26, , , , 
12/31/2004,10.251, ,19.108, , , , ,15.5, , ,5.581, , ,5.173, , , ,3.175, , , , 
1/31/2005,10.268, ,19.252, , , , ,15.415, , ,5.496, , ,5.088, , , ,3.09, , , , 
2/28/2005,10.168, ,19.379, , , , ,15.339, , ,5.419, , ,5.011, , , ,3.014, , , , 
3/31/2005,10.067, ,19.186, , , , ,15.251, , ,5.334, , ,4.926, , , ,2.926, , , , 
4/30/2005,9.964, ,18.902, , , , ,15.169, , ,5.252, , ,4.844, , , ,2.844, , , , 
5/31/2005,9.938, ,19.041, , , , ,15.085, , ,5.167, , ,4.759, , , ,2.76, , , , 
6/30/2005,9.882, ,19.085, , , , ,15.003, , ,5.085, , ,4.677, , , ,2.678, , , , 
7/31/2005,9.816, ,18.938, , , , ,14.918, , ,5, , ,4.592, , , ,2.593, , , , 
8/31/2005,9.762, ,18.687, , , , ,14.833, , ,4.915, , ,4.507, , , ,2.508, , , , 
9/30/2005,9.699, ,18.819, , , , ,14.751, , ,4.833, , ,4.425, , , ,2.426, , , , 
10/31/2005,9.624, ,18.562, , , , ,14.667, , ,4.748, , ,4.34, , , ,2.342, , , , 
11/30/2005,9.569, ,18.808, , , , ,14.585, , ,4.666, , ,4.258, , , ,2.26, , , , 
12/31/2005,9.489, ,17.467, , , , ,14.5, , ,4.581, , ,4.173, , , ,2.175, , , , 
1/31/2006,9.418, ,17.482, , , , ,14.415, , ,4.496,21.956, ,4.088, , , ,2.09, , , , 
2/28/2006,9.346, ,17.293, , , , ,14.339, , ,4.419,21.879, ,4.011, , , ,2.014, , , , 
3/31/2006,9.226, ,17.273, , , , ,14.251, , ,4.334,21.795, ,3.926, , , ,1.926, , , , 
4/30/2006,9.064, ,17.245, , , , ,14.169, , ,4.252,21.712, ,3.844, , , ,1.844, , , , 
5/31/2006,8.972, ,19.243, , , , ,14.085, , ,4.167,21.627, ,3.759, , , ,1.76, , , , 
6/30/2006,8.917, ,19.244, , , , ,14.003, , ,4.085,21.545, ,3.677, , , ,1.678, , , , 
7/31/2006,8.849, ,19.212, , , , ,13.918, , ,4,21.46, ,3.592, , , ,1.593, , , , 
8/31/2006,8.742, ,18.948, , , , ,13.833, , ,3.915,21.375, ,3.507, , , ,1.508, , , , 
9/30/2006,8.727, ,18.716, , , , ,13.751, , ,3.833,21.293, ,3.425, , , ,1.426, , , , 
10/31/2006,8.605, ,18.722, , , , ,13.667, , ,3.748,21.208, , , , , ,1.342, , , , 
11/30/2006,8.538, ,18.68, , , , ,13.585, , ,3.666,21.126, , , , , ,1.26, , , , 
12/31/2006,8.474, ,18.718, , , , ,13.5, , ,3.581,21.041, , , , , ,1.175, , , , 
1/31/2007,8.431, ,18.633, , , , ,13.415, , ,3.496,20.956, , , ,28.844, ,1.09, , , , 
2/28/2007,8.34, ,18.274, , , , ,13.339, , ,3.419,20.879, , , ,28.767, ,1.014, , , , 
3/31/2007,8.247, ,18.208, , , , ,13.251, , ,3.334,20.795, , , ,28.682, ,0.926, , , , 
4/30/2007,8.149, ,18.195, , , , ,13.169, , ,3.252,20.712, , , ,28.6, , , , , , 
5/31/2007,8.106, ,18.145, , , , ,13.085, , ,3.167,20.627, , , ,28.515, , , , , , 
6/30/2007,8.003, ,18.04, , , , ,13.003, , ,3.085,20.545, , , ,28.433, , , , , , 
7/31/2007,7.965, ,18.03, , , , ,12.918, , ,3,20.46, , , ,28.348, , , , , , 
8/31/2007,7.839, ,17.764, , , , ,12.833, , , ,20.375, , , ,28.263, , , , , , 
9/30/2007,7.744, ,17.645, , , , ,12.751, , , ,20.293, , , ,28.181, , , , , , 
10/31/2007,7.675, ,17.707, , , , ,12.667, , , ,20.208, , , ,28.096, , , , , , 
11/30/2007,7.599, ,17.752, , , , ,12.585, , , ,20.126, , , ,28.014, , , , , , 
12/31/2007,7.547, ,17.743,9.945, , , ,12.5, , , ,20.041, , , ,27.929, , , , , , 
1/31/2008,7.48, ,17.655,9.863, , , ,12.415, , , ,19.956, , , ,27.844, , , , , , 
2/29/2008,7.365, ,17.408,9.784, , , ,12.336, , , ,19.877, , , ,27.764, , , , , , 
3/31/2008,7.324, ,17.308,9.701, , , ,12.251, , , ,19.795, , , ,27.682, , , , , , 
4/30/2008,7.193, ,17.279,9.619, , , ,12.169, , , ,19.712, , , ,27.6, , , , , , 
5/31/2008,7.946, ,17.255,9.534, , , ,12.085, , , ,19.627, , , ,27.515, , , , , , 
6/30/2008,7.874, ,17.223,9.452, , , ,12.003, , , ,19.545, , , ,27.433, , , , , , 
7/31/2008,7.844, ,17.042,9.367, , , ,11.918, , , ,19.46, , , ,27.348, , , , , , 
8/31/2008,7.742, ,16.649,9.282, , , ,11.833, , , ,19.375, , , ,27.263, , , , , , 
9/30/2008,7.692, ,16.318,9.2, , , ,11.751, , , ,19.293, , , ,27.181, , , , , , 
10/31/2008,7.816, ,16.253,9.115, , , ,11.667, , , ,19.208, , , ,27.096, , , , , , 
11/30/2008,7.559, ,16.804,9.033, , , ,11.585, , , ,19.126, , , ,27.014, , , , , , 
12/31/2008,7.427, ,16.728,8.948, , , ,11.5, , , ,19.041, , , ,26.929, , , , , , 
1/31/2009,7.393, ,0,8.863, , , ,11.415, , , ,18.956, , , ,26.844, , , , , , 
2/28/2009,7.306, , ,8.786, , , ,11.339, , , ,18.879, , , ,26.767, , , , , , 
3/31/2009,7.206, , ,8.701, , , ,11.251, , , ,18.795, , , ,26.682, , , , , , 
4/30/2009,6.588, , ,8.619, , , ,11.169, , , ,18.712, , , ,26.6, , , , , , 
5/31/2009,6.599, , ,8.534, , , ,11.085, , , ,18.627, , , ,26.515, , , , , , 
6/30/2009,6.449, , ,8.452, , , ,11.003, , , ,18.545, , , ,26.433, ,3.984, , , , 
7/31/2009,7.205, ,6.373,8.367, , , ,10.918, , , ,18.46, , , ,26.348, ,3.901, , , , 
8/31/2009,7.131, ,6.29,8.282, , , ,10.833, , , ,18.375, , , ,26.263, ,3.816, , , , 
9/30/2009,7.076, ,6.208,8.2, , , ,10.751, , , ,18.293, , , ,26.181, ,3.734, , , , 
10/31/2009,6.979, ,6.123,8.115, , , ,10.667, , , ,18.208, , , ,26.096, ,3.649,5.205, , , 
11/30/2009,6.901, ,6.041,8.033, , , ,10.585, , ,9.929,18.126, , , ,26.014, ,3.567,5.126, , , 
12/31/2009,6.791, ,5.956,7.948, , , ,10.5, , ,9.847,18.041, , , ,25.929, ,3.482,5.041, , , 
1/31/2010,6.691, ,5.871,7.863, , , ,10.415, , ,9.762,17.956, , , ,25.844, ,3.397,4.956, , , 
2/28/2010,6.61, ,5.795,7.786, , , ,10.339, , ,9.685,17.879, , , ,25.767, ,3.321,7.752, , , 
3/31/2010,6.542, ,5.71,7.701, , , ,10.251, , ,9.6,17.795, , , ,25.682, ,3.236,7.693, , , 
4/30/2010,6.469, ,5.627,7.619, ,22.667, ,10.169, , ,9.518,17.712, , , ,25.6, ,3.153,7.618, , , 
5/31/2010,6.372, ,5.542,7.534, ,22.585, ,10.085, , ,9.433,17.627, , , ,25.515, ,3.068,7.531, , , 
6/30/2010,6.322, ,5.46,7.452, ,22.503, ,10.003, , ,9.351,17.545, , , ,25.433, ,2.986,7.455, , , 
7/31/2010,6.041, ,5.375,7.367, ,22.418, ,9.918, , ,9.576,17.46, , , ,25.348, ,2.901,7.42, , , 
8/31/2010,6.003, ,5.29,7.282, ,22.333, ,9.833, , ,9.49,17.375, , , ,25.263, ,2.816,7.316, , , 
9/30/2010,5.912, ,5.208,7.2, ,22.251, ,9.751, , ,9.408,17.293, , , ,25.181, ,2.734,7.182, , , 
10/31/2010,5.855, ,5.123,7.115, ,22.167, ,9.667, , ,9.323,17.208, , , ,25.096, ,2.649,7.116, , , 
11/30/2010,5.701, ,5.041,7.033, ,22.085, ,9.585, , ,9.247,17.126, , , ,25.014, ,2.567,7.016, , , 
12/31/2010,5.628, ,4.956,6.948, ,22, ,9.5, , ,9.161,17.041, , , ,24.929, ,2.482,6.923, , , 
1/31/2011,5.533, ,4.871,6.863, ,21.915, ,9.415, , ,9.072,16.956, , , ,24.844, ,2.397,6.87, , , 
2/28/2011,5.45, ,4.795,6.786, ,21.839, ,9.339, , ,8.994,16.879, , , ,24.767, ,2.321,6.754, , , 
3/31/2011,5.368, ,4.71,6.701, , , ,9.251, , ,9.271,16.795, , , ,24.682, ,2.236,7.137, , , 
4/30/2011,5.755, ,4.627,6.619, , , ,9.169, , ,9.191,16.712, , , ,24.6, ,2.153,7.054, , , 
5/31/2011,5.696, ,4.542,6.534, , ,9.948,9.085, , ,9.115,16.627, , , ,24.515, ,2.068,7.001, , , 
6/30/2011,6, ,4.46,6.452, , ,9.868,9.003, , ,9.033,16.545, , , ,24.433, ,1.986,6.914, , , 
7/31/2011,6.678, ,4.375,6.367, , ,9.784,8.918, , ,8.947,16.46, , , ,24.348, ,1.901,6.866, , , 
8/31/2011,6.602, ,4.29,6.282, , ,9.699,8.833, , ,8.863,16.375, , , ,24.263, ,1.816,6.765, , , 
9/30/2011,6.5, ,4.208,6.2, , ,9.616,8.751, , ,8.77,16.293, , , ,24.181, ,1.734,6.643, , , 
10/31/2011,6.42, ,4.123,6.115, , ,9.532,8.667, , ,8.69,16.208, , , ,24.096, ,1.649,6.566, , , 
11/30/2011,7.002, ,4.041,6.033, , ,9.449,8.585, , ,8.616,16.126, , , ,24.014, ,1.567,6.818,9.923, , 
12/31/2011,6.946, ,3.956,5.948, , ,9.364,8.5, , ,8.529,16.041, , , ,23.929, ,1.482,6.747,9.841, , 
1/31/2012,6.873, ,3.871,5.863, , ,9.279,8.415, , ,8.446,15.956, , , ,23.844, ,1.397,6.674,9.756, , 
2/29/2012,7.089, ,3.792,5.784, , ,9.2,8.336, , ,8.364,15.877, , , ,23.764, ,1.318,7.292,9.677, , 
3/31/2012,6.988, ,3.71,5.701, , ,9.118,8.251, , ,8.272,15.795, , , ,23.682, ,1.236,7.227,9.595, , 
4/30/2012,6.919, ,3.627,5.619, , ,9.036,8.169, , ,7.358,15.712, , , ,23.6, ,1.153,7.152,9.512, , 
5/31/2012,6.823, ,3.542,5.534, , ,8.951,8.085, , ,7.267,15.627, , , ,23.515, ,1.068,7.047,9.427, , 
6/30/2012,6.772, ,3.46,5.452, , ,8.868,8.003, , ,7.2,15.545, , , ,23.433, ,0.986,7.004,9.345, , 
7/31/2012,6.745, ,3.375,5.367, , ,8.784,7.918, , ,7.112,15.46, , , ,23.348, , ,6.955,9.26, , 
8/31/2012,6.664, ,3.29,5.282, ,20.331,8.699,7.833, , ,7.032,15.375, , , ,23.263, , ,6.863,9.175, , 
9/30/2012,7.056, ,3.208,5.2, ,20.251,8.616,7.751,9.97, ,6.956,15.293, , ,10.959,23.181, , ,6.809,9.093, , 
10/31/2012,6.974, ,3.123,5.115, ,20.167,8.532,7.667,9.888, ,6.892,15.208, , ,10.871,23.096, , ,6.727,9.008, , 
11/30/2012,6.905, ,3.041,5.033, ,20.085,8.449,7.585,9.805, ,6.812,15.126, , ,10.789,23.014, , ,6.664,8.926, , 
12/31/2012,6.821, ,2.956,4.948, ,20,8.364,7.5,9.721, ,6.726,15.041, , ,10.704,22.929,16.139, ,6.585,8.841, , 
1/31/2013,7.134, ,2.871,4.863, ,19.915,8.279,7.415,9.636, ,6.632,14.956, , ,10.619,22.844,16.055, ,6.493,8.756, , 
2/28/2013,7.061, ,2.795,4.786, ,19.839,8.203,7.339,9.559, ,6.549,14.879,9.658, ,10.542,22.767,15.978, ,6.404,8.679, , 
3/31/2013,6.959, ,2.71,4.701, ,19.751,8.118,7.251,9.474, ,6.444,14.795,9.573, ,10.458,22.682,24.893, ,6.315,8.595, , 
4/30/2013,6.905, ,2.627,4.619, ,19.669,8.036,7.169,9.392, ,7.085,14.712,9.49, ,10.375,22.6,24.811, ,6.267,8.512, , 
5/31/2013,6.795, ,2.542,4.534,10.79,19.585,7.951,7.085,9.307, ,6.988,14.627,8.863, ,10.29,22.515,24.726, ,6.139,8.427,9.921, 
6/30/2013,6.671, ,2.46,4.452,10.708,19.503,7.868,7.003,9.225, ,6.895,14.545,8.765, ,10.208,22.433,24.644, ,6.02,8.345,9.838, 
7/31/2013,6.597, ,2.375,4.367,10.623,19.418,7.784,6.918,9.14, ,6.809,14.46,8.682, ,10.123,22.348,24.559, ,5.962,8.26,9.753, 
8/31/2013,6.492, ,2.29,4.282,10.538,19.333,7.699,6.833,9.055, ,6.711,14.375,8.592, ,10.038,22.263,24.474, ,5.852,8.175,9.668, 
9/30/2013,6.42, ,2.208,4.2,10.456,19.251,7.616,6.751,8.973, ,6.626,14.293,8.519, ,9.956,22.181,24.392, ,5.787,8.093,9.586, 
10/31/2013,6.355, ,2.123,4.115,10.372,19.167,7.532,6.667,8.888, ,6.557,14.208,8.429, ,9.871,22.096,24.307, ,5.712,8.008,9.501, 
11/30/2013,6.255, ,2.041,4.033,10.29,19.085,7.449,6.585,8.805, ,7.138,14.126,8.36, ,9.789,22.014,24.225, ,5.622,7.926,9.419, 
12/31/2013,6.167, ,1.956,10.948,8.516,19,7.364,8.683,8.721, ,7.063,14.041,8.268, ,9.704,21.929,24.14, ,5.535,7.841,9.334, 
1/31/2014,6.574, ,1.871,10.863,8.453,18.915,7.279,8.607,8.636, ,6.969,13.956,8.187, ,9.619,21.844,24.055, ,6.516,7.756,9.249, 
2/28/2014,6.52, ,1.789,10.781,8.355,18.833,7.201,8.533,8.556, ,6.92,13.873,8.009, ,9.539,21.762,23.978, ,6.449,7.676,9.171, 
3/31/2014,6.427,9.964,1.706,10.698,8.239,18.747,7.117,8.446,8.47, ,6.844,13.79,7.932, ,9.453,21.679,23.887, ,6.365,7.59,9.087, 
4/30/2014,6.352,9.881,1.623,10.615,8.156,18.667,7.034,8.377,9.345,6.417,6.773,13.706,7.852, ,9.373,21.595,23.811, ,6.289,7.509,9.004, 
5/31/2014,6.302,9.798,1.539,10.531,8.09,18.581,6.951,8.303,9.254,6.331,6.711,13.623,7.781, ,9.287,21.512,23.72, ,6.209,7.423,8.921, 
6/30/2014,6.215,9.714,7.822,10.448,8.042,18.5,6.867,8.248,9.181,6.25,6.626,13.54,7.699, ,9.206,21.429,23.645, ,6.127,7.343,8.837, 
7/31/2014,6.681,9.631,7.758,10.365,7.963,16.491,8.257,8.15,9.101,6.167,6.527,13.456,7.62, ,9.123,21.345,23.561, ,6.034,7.259,8.754, 
8/31/2014,6.607,9.548,7.762,10.281,7.877,16.424,8.193,8.061,9.014,6.081,6.449,13.373,7.536, ,9.037,21.262,23.47, ,5.955,7.173,8.671, 
9/30/2014,6.503,9.464,7.628,10.198,7.774,16.327,8.085,7.974,8.948,6,6.367,13.29,7.451, ,8.956,21.179,23.395, ,5.874,7.093,8.587, 
10/31/2014,6.852,9.381,7.546,10.115,7.691,16.242,8.008,7.89,8.848,5.914,6.298,13.206,7.364, ,8.87,21.095,23.303, ,5.791,7.007,8.504, 
11/30/2014,6.776,9.298,7.448,10.031,7.597,16.171,7.962,7.807,8.766,5.833,6.223,13.123,7.299, ,8.789,21.012,23.228, ,5.716,6.926,8.421, 
12/31/2014,6.698,9.214,9.473,9.948,7.55,16.019,7.874,7.741,8.683,5.75,6.142,13.04,7.217, ,8.706,20.929,23.145, ,5.633,6.843,8.337, 
1/31/2015,6.636,9.131,9.387,9.865,7.468,15.988,7.77,7.657,8.597,5.658,6.06,12.956,7.162, ,8.62,20.845,23.053, ,5.547,6.757,8.254, 
2/28/2015,6.55,9.048,9.306,9.781,7.383,15.9,7.685,7.572,8.512,5.583,5.982,12.873,7.074, ,8.539,20.762,22.978, ,5.473,6.676,8.171, 
3/31/2015,6.466,8.964,7.972,9.698,7.282,15.122,7.599,7.486,8.435,7.743,5.895,12.79,6.998, ,8.453,20.679,22.887, ,5.391,6.59,8.087, 
4/30/2015,6.379,8.881,7.926,9.615,7.189,15.038,7.519,7.404,8.344,7.689,5.815,12.706,6.913, ,8.373,20.595,22.811, ,5.308,6.509,8.004, 
5/31/2015,6.288,8.798,7.153,9.531,7.118,14.956,7.461,7.324,8.26,7.614,5.731,12.623,6.818, ,8.287,20.512,22.72, ,5.217,6.423,7.921, 
6/30/2015,6.197,8.714,7.002,9.579,7.055,14.829,7.369,7.266,8.176,7.512,5.629,12.54,6.72, ,8.206,20.429,22.645, ,5.13,6.343,7.837, 
7/31/2015,6.127,8.631,6.905,9.496,6.97,14.764,7.259,7.181,9.745,7.418,5.531,12.456,6.638, ,8.123,20.345,22.561, ,5.039,6.259,7.754, 
8/31/2015,6.043,8.548,6.87,9.412,6.888,14.69,7.172,7.09,9.657,7.335,5.46,12.373,6.556, ,8.037,20.262,22.47, ,4.961,6.173,7.671, 
9/30/2015,5.955,8.464,6.873,9.328,6.775,14.629,7.086,7,9.581,7.24,5.371,12.29,6.473, ,7.956,20.179,22.395, ,4.888,6.093,7.587, 
10/31/2015,5.876,8.381,6.76,9.244,6.688,14.539,7.007,6.904,9.527,7.162,5.3,12.206,6.392, ,7.87,20.095,22.303, ,4.803,8.324,7.504, 
11/30/2015,5.791,8.298,6.67,9.161,6.606,14.463,6.953,6.815,9.445,7.084,5.229,12.123,6.309, ,7.789,20.012,22.228, ,4.721,8.265,7.421, 
12/31/2015,5.707,8.214,6.53,9.077,6.561,14.338,6.86,6.767,9.347,6.993,5.137,12.04,6.224, ,7.706,19.929,22.145, ,4.638,8.16,7.337, 
1/31/2016,5.637,8.131,6.463,8.992,6.461,14.289,6.743,6.66,9.194,6.908,5.059,11.956,6.148, ,7.62,19.845,22.053, ,4.545,8.071,7.254, 
2/29/2016,5.563,8.048,6.371,8.91,6.381,14.204,6.669,6.564,9.106,6.827,4.975,11.873,6.064, ,7.539,19.762,21.978, ,4.474,7.996,7.171, 
3/31/2016,5.47,7.964,6.344,8.826,6.277,14.138,6.59,6.501,9.064,6.738,4.9,11.79,5.988, ,7.453,19.679,21.887, ,4.391,7.912,7.087, 
4/30/2016,5.899,7.881,6.254,8.743,6.178,14.023,6.509,6.44,9.019,6.657,5.555,11.706,5.9, ,7.373,19.595,21.811, ,4.313,7.811,7.004, 
5/31/2016,5.817,7.798,6.139,8.66,6.114,13.946,6.453,6.325,8.932,6.57,5.478,11.623,5.819, ,7.287,19.512,21.72, ,4.226,7.755,6.921, 
6/30/2016,5.745,7.714,5.996,8.578,6.067,13.823,6.377,6.274,8.854,6.507,5.403,11.54,5.574, ,7.206,19.429,21.645, ,4.15,7.702,6.837, 
7/31/2016,5.693,7.631,5.893,8.493,5.989,13.764,6.282,6.189,8.725,6.449,5.318,11.456,5.499, ,7.123,19.345,21.561, ,4.061,7.628,6.754, 
8/31/2016,5.616,7.548,5.756,8.41,5.908,13.682,6.21,8.152,8.649,6.373,5.239,11.373,5.425, ,7.037,19.262,21.47, ,3.984,7.549,6.671, 
9/30/2016,5.534,7.464,5.679,8.327,5.808,13.59,6.134,8.064,8.592,6.275,5.17,11.29,5.285, ,6.956,19.179,21.395, ,4.294,7.465,6.587, 
10/31/2016,5.429,7.381,5.603,8.243,5.717,13.5,6.049,7.982,8.527,6.183,5.072,11.206,5.118, ,6.87,19.095,21.303, ,4.202,7.344,6.504, 
11/30/2016,5.307,7.298,5.51,8.16,5.611,13.415,5.982,7.871,8.433,6.084,4.983,11.123,4.874, ,6.789,19.012,21.228, ,4.158,7.264,6.421, 
12/31/2016,5.354,7.214,5.935,8.077,5.565,13.282,5.895,7.835,8.348,6.017,4.901,11.04,4.783, ,6.706,18.929,21.145, ,4.074,7.174,6.337, 
1/31/2017,5.292,7.131,6.404,7.993,7.2,13.213,5.784,7.765,8.228,5.925,4.813,10.956,4.709, ,6.62,18.845,21.053, ,3.977,7.09,6.254, 
2/28/2017,5.223,7.048,6.341,7.911,7.124,13.126,5.702,7.67,8.163,5.837,4.735,10.873,4.635, ,6.539,18.762,20.978, ,3.914,7.02,6.171, 
3/31/2017,5.142,6.964,6.292,7.827,7.042,13.061,5.616,7.576,8.105,5.766,4.656,10.79,4.407, ,6.453,18.679,20.911, ,3.824,6.934,6.087, 
4/30/2017,5.058,6.881,6.196,7.744,6.977,12.992,5.534,7.474,8.035,5.702,4.571,10.706,4.335, ,6.373,18.595,20.911, ,3.746,6.831,6.004, 
5/31/2017,4.984,6.798,6.119,7.661,6.891,12.917,10.732,7.393,7.949,5.627,4.502,10.623,4.487, ,6.287,18.512,20.911, ,3.659,6.778,5.921, 
6/30/2017,4.907,6.714,6.395,7.579,6.846,13.632,10.676,7.344,7.874,5.544,4.42,10.54,4.41, ,6.206,18.429,16.645, ,3.581,6.691,5.837, 
7/31/2017,4.835,6.631,6.324,7.495,6.74,13.581,10.63,7.275,7.754,5.465,4.341,10.456,4.331, ,6.123, ,16.561, ,3.489,6.605,5.754, 
8/31/2017,4.761,6.548,6.252,7.446,6.678,13.488,10.543,7.191,7.672,5.385,4.256,8.998,4.257, ,6.037, ,16.486, ,3.414,6.517,5.671, 
9/30/2017,4.543,10.386,5.668,7.364,6.599,13.413,10.449,7.1,7.605,5.308,4.181,8.923,4.155, ,5.956, ,16.395, ,3.296,6.436,5.587, 
10/31/2017,4.454,10.283,6.913,7.28,6.52,13.331,10.366,7.018,7.537,5.226,4.091,8.837,4.059, ,5.87, ,16.303, ,3.208,6.326,5.504, 
11/30/2017,4.373,10.209,6.853,7.197,6.435,13.38,10.299,6.943,7.455,5.152,4.022,8.759,4.038, ,5.789, ,16.228, ,3.129,6.271,5.421, 
12/31/2017,4.529,10.118,6.774,7.114,6.393,13.24,10.239,6.888,7.379,5.075,3.941,8.674,3.959, ,5.706, ,16.145, ,3.046,6.194,5.337, 
1/31/2018,4.448,10.06,7.3,7.03,6.278,13.19,10.192,6.812,7.249,5.001,3.846,8.571,3.857, ,5.62, ,16.053, ,2.947,6.12,5.254, 
2/28/2018,4.355,9.898,7.213,6.947,6.181,13.126,9.989,6.717,7.161,4.903,3.75,8.475,5.576, ,5.539, ,15.978, ,2.878,6.036,5.171, 
3/31/2018,4.276,9.867,7.058,6.863,6.114,13.015,17.08,6.629,7.085,4.815,3.673,8.43,5.645, ,5.453, ,15.887, ,2.789,5.947,5.087, 
4/30/2018,4.18,9.761,6.907,6.781,6.015,12.93,16.896,6.554,7.008,4.722,3.58,8.348,5.571, ,5.373, ,15.811, ,2.747,5.831,5.004, 
5/31/2018,4.09,9.692,6.822,6.695,5.914,12.829,16.789,6.431,6.906,4.618,3.503,8.26,5.482, ,5.287, ,15.72, ,2.658,5.754,4.921, 
6/30/2018,4.008,9.601,6.69,6.613,5.865,12.715,16.603,6.374,6.827,4.523,3.423,8.17,5.403, ,5.206, ,15.645, ,2.579,5.651,4.837, 
7/31/2018,4.608,9.56,6.633,6.53,5.763,12.658,16.688,6.306,6.705,4.47,3.341,8.069,5.32, ,5.123, ,15.561, ,2.488,5.596,4.754, 
8/31/2018,4.524,9.38,6.522,6.445,5.679,12.546,16.445,6.207,6.602,4.368,3.254,7.98,5.227, ,5.037, ,15.47, ,2.413,5.498,4.671, 
9/30/2018,4.447,9.371,6.512,6.363,5.595,12.511,16.35,6.097,6.529,4.284,3.179,7.936,5.149, ,4.956, ,15.395, ,2.333,5.414,4.587, 
10/31/2018,4.359,9.272,6.352,6.279,5.479,12.406,16.054,6.003,6.463,4.195,3.085,7.845,5.067, ,4.87, ,15.303, ,2.244,5.272,4.504, 
11/30/2018,4.279,9.139,5.958,6.196,5.394,12.304,16.13,5.921,6.403,4.12,3.517,7.76,4.987, ,4.789, ,15.228, ,2.166,5.207,4.421, 
12/31/2018,4.202,9.11,5.851,6.111,5.37,12.168,16.03,5.859,6.321,4.04,3.438,7.678,4.904, ,4.706, ,15.145, ,2.083,5.141,4.337, 
1/31/2019,4.119,9.044,5.792,6.028,5.281,12.112,16.148,5.791,6.19,3.973,3.361,7.571,4.818, ,4.62, ,15.053, ,1.987,5.097,4.254, 
2/28/2019,4.039,8.934,6.006,5.945,5.203,12.046,16.115,5.712,6.101,3.908,3.282,7.491,4.735, ,4.539, ,14.978, ,2.477,5.012,4.171, 
3/31/2019,3.969,8.884,6.406,5.861,5.142,11.978,15.915,5.648,6.03,3.833,3.212,7.434,4.648, ,4.453, ,14.887, ,2.396,4.928,4.087, 
4/30/2019,3.889,8.842,6.322,5.779,5.059,11.891,15.809,5.568,5.965,3.754,3.125,7.358,4.573, ,4.373, ,14.811, ,2.318,4.826,4.004, 
5/31/2019,3.807,8.768,6.229,5.695,4.976,11.641,15.625,5.482,5.887,3.686,3.043,7.263,4.485, ,4.287, ,14.72, ,2.23,4.77,3.921, 
6/30/2019,3.738,8.74,6.307,5.612,4.947,11.534,15.749,5.432,5.807,3.619,2.973,7.194,4.407, ,4.206, ,14.645, ,2.152,4.702,3.837, 
7/31/2019,3.649,8.658,6.198,5.529,4.842,11.469,15.763,6.106,5.667,3.541,3.362,7.082,4.324, ,4.123, ,14.561, ,2.062,4.63,3.754, 
8/31/2019,3.574,8.58,6.049,5.444,4.757,11.389,15.689,6.016,5.582,3.461,3.283,6.996,4.232, ,4.037, ,14.47, ,1.975,4.539,3.671, 
9/30/2019,3.494,8.537,6.01,5.363,4.673,11.321,15.473,5.937,5.53,7.543,3.214,6.94,4.153, ,3.956, ,14.395, ,1.903,4.463,3.587, 
10/31/2019,3.464,8.452,6.156,5.279,4.583,11.821,15.444,5.849,5.463,7.453,3.128,6.857,4.07, ,3.87, ,14.303, ,1.815,4.357,3.504, 
11/30/2019,3.379,8.381,6.088,5.197,4.503,11.738,15.405,5.767,5.393,7.38,3.044,6.776,3.991, ,3.789, ,14.228, ,1.736,4.304,3.421, 
12/31/2019,3.295,8.285,6.01,5.112,5.856,11.624,15.422,5.689,5.306,7.292,2.961,6.692,3.908, ,3.706,9.751,14.145, ,1.653,4.234,3.337, 
1/31/2020,3.212,8.233,5.848,5.028,5.761,11.524,15.459,5.623,5.149,7.219,2.869,6.575,3.82, ,3.62,9.668,14.053, ,1.559,4.158,3.254, 
2/29/2020,3.136,8.115,5.781,7.385,5.68,11.433,15.36,5.519,5.072,7.146,2.785,6.493,3.737, ,3.539,9.584,13.978, ,1.48,4.059,3.171, 
3/31/2020,3.057,7.91,5.761,7.207,5.547,11.417,14.81,5.433,4.983,7.101,2.7,6.436,3.649, ,3.453,9.501,13.887, ,1.398,3.875,3.087, 
4/30/2020,3.358,7.879,6.085,7.267,5.52,11.338,14.842,5.345,4.982,7.024,3.372,6.366,3.576, ,3.373,9.418,13.811, ,1.759,3.815,3.004, 
5/31/2020,3.281,7.841,5.909,7.095,5.448,11.247,16.663,5.268,4.889,6.93,3.288,6.304,3.489, ,3.287,9.334,13.72, ,1.668,3.803,2.921, 
6/30/2020,3.204,7.777,5.868,7.082,6.826,11.145,16.615,6.317,4.794,6.839,3.207,6.215,3.411, ,3.206,9.251,13.645, ,1.593,3.747,2.837, 
7/31/2020,3.121,7.612,5.852,7.03,6.766,11.042,16.595,6.238,4.659,6.76,3.119,6.032,3.328, ,3.123,9.168,13.561, ,1.509,3.653,2.754, 
8/31/2020,3.038,7.526,5.992,6.899,6.711,10.962,16.615,6.172,4.57,6.689,3.035,5.934,3.236, ,3.037,9.084,13.47, ,1.418,3.57,2.671, 
9/30/2020,2.969,7.439,14.381,6.786,6.647,10.885,16.33,6.082,4.505,6.609,2.953,5.859,3.156, ,2.956,9.001,13.395, ,1.343,3.466,2.587, 
10/31/2020,2.878,7.358,14.305,6.687,6.579,10.82,16.266,6.007,4.45,6.509,2.873,5.764,3.074, ,2.87,8.918,13.303, ,1.251,3.372,2.504, 
11/30/2020,2.797,7.334,14.278,6.655,6.509,10.707,16.435,5.934,4.378,6.406,2.791,5.707,2.994, ,2.789,8.834,13.228, ,1.176,4.911,2.421, 
12/31/2020,2.714,7.282,14.214,6.624,6.405,10.737,16.373,5.851,4.322,6.336,2.708,5.633,2.911, ,2.706,8.751,13.145, ,1.093,4.828,2.337, 
1/31/2021,2.627,7.186,14.156,6.477,6.312,10.655,16.257,5.772,4.167,6.248,2.618,5.448,2.824, ,2.62,8.668,13.053, ,1.001,4.745,2.254, 
